"","Countryname","Country","EMERGING_RISK_HEALTH_AV","EMERGING_RISK_MACRO_FISCAL_AV","EMERGING_RISK_FRAGILITY_INSTITUTIONS_AV","OVERALL_HEALTH_AV","OVERALL_FOOD_SECURITY_AV","OVERALL_MACRO_FISCAL_AV","OVERALL_SOCIOECONOMIC_VULNERABILITY_AV","OVERALL_NATURAL_HAZARDS_AV","OVERALL_FRAGILITY_INSTITUTIONS_AV","OVERALL_SCORE_AV","OVERALL_SCORE_AV_MED","EMERGING_RISK_FRAGILITY_INSTITUTIONS_MULTIDIMENSIONAL_SQ","EMERGING_RISK_HEALTH_SQ_ALT","OVERALL_HEALTH_FILTER_10","OVERALL_FOOD_SECURITY_FILTER_10","OVERALL_MACRO_FISCAL_FILTER_10","OVERALL_SOCIOECONOMIC_VULNERABILITY_FILTER_10","OVERALL_NATURAL_HAZARDS_FILTER_10","OVERALL_FRAGILITY_INSTITUTIONS_FILTER_10","OVERALL_SCORE_FILTER_10","OVERALL_SCORE_FILTER_10_MED","OVERALL_HEALTH_FILTER_7","OVERALL_FOOD_SECURITY_FILTER_7","OVERALL_MACRO_FISCAL_FILTER_7","OVERALL_SOCIOECONOMIC_VULNERABILITY_FILTER_7","OVERALL_NATURAL_HAZARDS_FILTER_7","OVERALL_FRAGILITY_INSTITUTIONS_FILTER_7","OVERALL_SCORE_FILTER_7","OVERALL_SCORE_FILTER_7_MED","OVERALL_HEALTH_FILTER_7_5","OVERALL_FOOD_SECURITY_FILTER_7_5","OVERALL_MACRO_FISCAL_FILTER_7_5","OVERALL_SOCIOECONOMIC_VULNERABILITY_FILTER_7_5","OVERALL_NATURAL_HAZARDS_FILTER_7_5","OVERALL_FRAGILITY_INSTITUTIONS_FILTER_7_5","OVERALL_SCORE_FILTER_7_5","OVERALL_SCORE_FILTER_7_5_MED","OVERALL_HEALTH_GEO","OVERALL_FOOD_SECURITY_GEO","OVERALL_MACRO_FISCAL_GEO","OVERALL_SOCIOECONOMIC_VULNERABILITY_GEO","OVERALL_NATURAL_HAZARDS_GEO","OVERALL_FRAGILITY_INSTITUTIONS_GEO","OVERALL_FLAGS_GEO","OVERALL_FLAGS_GEO_MED","EXISTING_RISK_HEALTH","EXISTING_RISK_FOOD_SECURITY","EXISTING_RISK_MACRO_FISCAL","EXISTING_RISK_SOCIOECONOMIC_VULNERABILITY","EXISTING_RISK_NATURAL_HAZARDS","EXISTING_RISK_FRAGILITY_INSTITUTIONS","TOTAL_EXISTING_COMPOUND_RISK_SCORE","TOTAL_EXISTING_COMPOUND_RISK_SCORE_MED","EMERGING_RISK_HEALTH","EMERGING_RISK_FOOD_SECURITY","EMERGING_RISK_SOCIOECONOMIC_VULNERABILITY","EMERGING_RISK_MACRO_FISCAL","EMERGING_RISK_NATURAL_HAZARDS","EMERGING_RISK_FRAGILITY_INSTITUTIONS","TOTAL_EMERGING_COMPOUND_RISK_SCORE","TOTAL_EMERGING_COMPOUND_RISK_SCORE_MED","EMERGING_RISK_FRAGILITY_INSTITUTIONS_MULTIDIMENSIONAL","H_coefvar","M_coefvar","Fr_coefvar","NH_coefvar","F_coefvar","S_coefvar","RELIABILITY_SCORE_EXISTING_RISK","RELIABILITY_SCORE_EMERGING_RISK"
"1","Libya","LBY",1.78273297027081,0.227272727272734,0,7.86175562704891,NA,5.11363636363637,5.57142857142857,2.25,8.21138659515282,2,3,3.47590163145365,8.28463110470094,0,0,0,0,0,0,0,0,0,0,0,0,0,0,0,0,5,0,0,0,0,5,0,1,7.79812219135522,NA,1.50755672288884,5.3851648071345,0,8.01422060484089,2,2.5,8.86,3.42105263157895,10,4.14285714285714,4.5,10,2,2.5,6.86351125409783,NA,7,0.227272727272734,0,6.42277319030563,0,0.5,1.20818921515422,119.964573241983,NA,141.42135623731,NA,NA,NA,0,0.4
"2","Sudan","SDN",1.62623712474456,4.31818181818183,0,8.03153846153846,10,7.15909090909092,9.21428571428572,5.16666666666667,10,5,5.5,8.10634776377607,7.8424544888051,0,10,0,0,0,10,2,2,0,10,0,10,0,10,3,3,5,10,0,10,0,10,3,3.5,7.89615290943829,10,6.57128740672772,9.18072515031979,5.16397779494322,10,4,5,9.5,10,10,8.42857142857143,5.33333333333333,10,3,4,6.56307692307692,10,10,4.31818181818183,5,10,3,3,6.57128740672772,106.660314012202,NA,173.205080756888,NA,NA,60.2409638554217,0,0.2
"3","Afghanistan","AFG",1.28086614479063,3.4090909090909,0,9.88,10,6.67148760330578,8.5,8.25,10,5,5.5,7.64116619450946,7.780423744909,0,10,0,0,0,10,2,2,10,10,0,10,10,10,5,5,10,10,0,10,10,10,5,5,9.87927122818278,10,5.81940844507743,8.36660026534076,8.15475321515004,10,5,5.5,10,10,9.93388429752066,10,9.5,10,4,5,9.76,10,7,3.4090909090909,7,10,2,3.5,5.83874208121142,129.453168026578,NA,173.205080756888,141.42135623731,NA,NA,0,0.2
"4","Mozambique","MOZ",0.751026259964971,5,0,7.32196748977512,10,6.59090909090909,8.5,4,10,4,4.5,8.40896415253715,6.81464230869842,0,10,0,0,0,10,2,2,0,10,0,10,0,10,3,3,0,10,5,10,0,10,3,3.5,6.81464230869842,10,6.39602149066831,8.36660026534076,0,10,3,4,10,10,8.18181818181818,10,8,10,4,5,4.64393497955025,10,7,5,0,10,2,2.5,7.07106781186548,235.685486941421,NA,114.253983181615,NA,NA,NA,0,0.1
"5","Niger","NER",0.52597012815633,0.454545454545467,0,8.46923076923077,10,4.75619834710744,8.5,2.91666666666667,10,4,4,4.61736630944106,2.56807522463606,0,10,0,0,0,10,2,2,0,10,0,10,0,10,3,3,5,10,0,10,0,10,3,3.5,8.32974281623481,10,2.02908972422137,8.36660026534076,0,10,4,4,10,10,9.05785123966942,10,5.83333333333333,10,4,4.5,6.93846153846154,10,7,0.454545454545467,0,10,2,2.5,2.13200716355613,204.889044873206,NA,91.6046546620438,NA,NA,NA,0,0.2
"6","Algeria","DZA",0.768080840516568,5,0,7.34905125154983,NA,7.04545454545454,6.31904761904762,3.08333333333333,4.76380195200484,2,2.5,2.62717150208313,7.36077611607612,0,0,0,0,0,0,0,0,0,0,0,0,0,0,0,0,5,0,5,0,0,0,0,1,7.09083854200368,NA,6.74199862463242,5.69042637953892,0,0,1,2,9.28,2.96650717703349,9.09090909090909,3.57142857142857,6.16666666666667,0,0,1,5.41810250309967,NA,9.06666666666667,5,0,9.52760390400969,0,1,6.90203010135775,162.57514414872,NA,173.205080756888,NA,NA,NA,0,0.3
"7","Ethiopia","ETH",1.50043216084227,6.36363636363637,0,7.81768052708409,10,7.67768595041322,8.52061367034912,6.33333333333333,3.75245103016,4,4.5,2.62883056728824,7.67161068757284,0,10,0,0,0,0,1,1,0,10,0,10,0,0,2,2,5,10,5,10,5,0,2,3.5,7.57510859843869,10,7.56439919865842,8.51396531739331,6.29814787589706,0,4,4.5,9.75,10,8.99173553719008,8.85714285714286,5.66666666666667,0,1,2.5,5.88536105416818,10,8.18408448355538,6.36363636363637,7,7.50490206032001,1,2.5,6.91075015150902,146.842770769818,NA,141.42135623731,NA,NA,NA,0,0.2
"8","Iraq","IRQ",2.21587516694258,5.45454545454547,0,8.21468,NA,7.72727272727274,2.85714285714285,3.83333333333333,10,3,3,8.5938870476403,7.59645496951204,0,0,0,0,0,10,1,1,10,0,0,0,0,10,2,2,10,0,5,0,0,10,2,2.5,8.19084503577012,NA,7.38548945875997,0,0,10,3,3,8.84,5.90909090909091,10,5.71428571428571,7.66666666666667,10,2,3,7.58936,NA,0,5.45454545454547,0,10,1,1.5,7.38548945875998,95.241874384492,NA,173.205080756888,NA,NA,NA,0,0.4
"9","South Sudan","SSD",1.02366751340086,NA,0,8.35140793255738,10,NA,10,5,10,4,4.5,10,8.18707265456631,0,10,0,10,0,10,3,3,0,10,0,10,0,10,3,3,5,10,0,10,0,10,3,3.5,8.18707265456631,10,NA,10,5,10,4,4.5,10,10,NA,10,5,10,4,4,6.70281586511475,10,10,NA,5,10,3,3,10,242.909702390674,NA,141.42135623731,NA,NA,NA,0,0.3
"10","Central African Republic","CAF",1.24482097836464,4.54545454545453,2.91145296671263,10,10,7.27272727272726,9.34046863374256,1.75,9.2382791886899,5,5,7.87860303695268,5.41172292274152,10,10,0,0,0,0,2,2,10,10,0,10,0,10,4,4,10,10,0,10,0,10,4,4,10,10,6.74199862463241,9.31715475211458,0,9.20682267526632,4,4.5,10,10,10,10,3.5,10,5,5,10,10,8.68093726748512,4.54545454545453,0,8.4765583773798,2,3,6.207238581388,179.187381186623,NA,NA,NA,NA,NA,0,0.4
"11","Chad","TCD",0.471965527820744,3.86363636363637,4.64158883361278,9.15076923076923,8.5,6.88223140495868,10,2.66666666666667,10,4,4.5,7.88404439680588,2.88173962144656,0,0,0,10,0,10,2,2,10,10,0,10,0,10,4,4,10,10,0,10,0,10,4,4,9.11127788048332,8.36660026534076,6.1849165788961,10,0,10,4,4.5,10,10,9.90082644628099,10,5.33333333333333,10,4,4.5,8.30153846153846,7,10,3.86363636363637,0,10,2,3,6.21581560508062,232.227727262988,NA,0,NA,NA,NA,0,0.3
"12","Croatia","HRV",3.38116909134967,9.31818181818182,0,6.875,NA,6.59297520661157,5.78571428571428,3.16666666666667,0,0,1.5,1.74716046983154,7.14960698044674,0,0,0,0,0,0,0,0,0,0,0,0,0,0,0,0,0,0,0,0,0,0,0,0,6.12372435695795,NA,6.00337996459067,3.96412483586046,0,0,0,1,3.75,1.2200956937799,3.86776859504132,1.57142857142857,6.33333333333333,0,0,0,10,NA,10,9.31818181818182,0,0,2,2.5,3.05256970734197,75.1949024417338,NA,NA,NA,NA,103.385822500713,0,0.4
"13","Lebanon","LBN",2.44236636144152,10,0,8.75,6.6866028708134,9.77685950413223,6.28571428571428,3.5,7.86248629673596,3,4,8.69847967431411,10,0,0,0,0,0,0,0,0,10,0,10,0,0,0,2,2,10,0,10,5,0,5,2,3,8.66025403784439,5.80793056228016,9.77431276779317,6.2449979983984,0,7.56635486444557,3,4,7.5,3.37320574162679,9.55371900826446,5.57142857142857,7,10,1,2.5,10,10,7,10,0,5.72497259347191,3,3.5,7.56635486444557,109.544511501033,NA,173.205080756888,NA,NA,NA,0,0.3
"14","Maldives","MDV",1.37346537701997,NA,0,6.97642,NA,NA,NA,5.33333333333333,0,0,1,1,10,0,0,0,0,0,0,0,0,0,0,0,0,0,0,0,0,5,0,0,0,0,0,0,0.5,6.97143899062453,NA,NA,NA,5.06622805119022,0,0,1,7.24,2.91866028708134,NA,3.14285714285714,3.66666666666667,0,0,0.5,6.71284,NA,NA,NA,7,0,0,0.5,1,223.606797749979,NA,NA,141.42135623731,NA,NA,0,0.6
"15","Mauritania","MRT",0.771229668250775,1.36363636363637,0,7.93076923076923,7.56698564593302,4.81404958677686,7.64285714285714,3.83333333333333,0,3,3,1.08062408646221,5.76439665990508,0,0,0,0,0,0,0,0,0,10,0,10,0,0,2,2,5,10,0,10,0,0,2,2.5,7.77397037456507,7.5457139518446,3.35704066307272,7.61577310586391,0,0,3,3,9.5,8.13397129186603,8.26446280991735,8.28571428571428,7.66666666666667,0,0,2.5,6.36153846153846,7,7,1.36363636363637,0,0,0,1,1.16774841624229,194.085033004145,NA,NA,NA,NA,NA,0,0.3
"16","Ukraine","UKR",2.55660212679788,4.54545454545455,0,8.2,NA,6.47107438016529,5.29976190476191,1.83333333333334,0,1,2,1.46013943291595,8.1563857568315,0,0,0,0,0,0,0,0,0,0,0,0,0,0,0,0,5,0,0,0,0,0,0,0.5,8,NA,6.17792779868786,4.25692712780341,0,0,1,1.5,6.4,2.29665071770335,8.39669421487603,2.14285714285714,3.66666666666667,0,0,0.5,10,NA,8.45666666666667,4.54545454545455,0,0,1,1.5,2.13200716355611,95.5342324450577,NA,NA,NA,NA,102.718912742627,0,0.4
"17","Zimbabwe","ZWE",1.59215703807393,2.95454545454547,0,8.21368685396397,10,6.47727272727274,9.21428571428572,3.08333333333333,10,4,4.5,7.37263390183325,5.61887054986346,0,10,0,0,0,10,2,2,10,10,0,10,0,10,4,4,10,10,0,10,0,10,4,4,8.21360658239762,10,5.4355730650461,9.18072515031979,0,10,4,4.5,8.25,10,10,8.42857142857143,6.16666666666667,10,3,4,8.17737370792795,10,10,2.95454545454547,0,10,3,3.5,5.43557306504611,116.499901046978,NA,141.42135623731,NA,NA,NA,0,0.2
"18","Belarus","BLR",1.89309815025706,10,0,7.30384615384616,NA,9.48760330578513,4.28571428571428,1,0,2,2,1.77827941003892,7.20042765710969,0,0,0,0,0,0,0,0,0,0,10,0,0,0,1,1,5,0,10,0,0,0,1,1.5,7.29477790034656,NA,9.47375670553675,3.3166247903554,0,0,2,2,6.94,1.02870813397129,8.97520661157025,1.57142857142857,2,0,0,0.5,7.66769230769231,NA,7,10,0,0,1,2,3.16227766016838,115.208484321234,NA,NA,NA,NA,NA,0,0.4
"19","Brazil","BRA",3.25058366456408,0,0,6.875,NA,3.19834710743801,7.5,6,0,1,2,1,9.93045881045957,0,0,0,0,0,0,0,0,0,0,0,0,0,0,0,0,0,0,0,5,5,0,0,1,6.12372435695795,NA,0,7.07106781186548,5.91607978309962,0,1,2,3.75,3.73205741626794,6.39669421487603,5,5,0,0,0,10,NA,10,0,7,0,2,2.5,1,75.2412413045252,NA,NA,173.205080756888,NA,114.633034176488,0,0.3
"20","Cabo Verde","CPV",3.2202694522742,3.18181818181818,0,9.07,NA,3.83884297520661,6.42197695811943,0.416666666666667,0,1,1.5,1.33557671813778,6.01072382965741,0,0,0,0,0,0,0,0,10,0,0,0,0,0,1,1,10,0,0,0,0,0,1,1,9.02219485491197,NA,3.78219959932921,6.41532100846757,0,0,1,1.5,8.14,6.36363636363636,4.49586776859504,6.71428571428571,0.833333333333334,0,0,0.5,10,NA,6.12966820195315,3.18181818181818,0,0,1,1,1.78376517003169,71.9880287257476,NA,NA,NA,NA,164.734485500584,0,0.4
"21","Haiti","HTI",0.84071418902642,4.31818181818182,0,7.70846153846154,10,6.54752066115702,9.85714285714285,5,10,4,5,8.10634776377606,4.12470453950156,0,10,0,0,0,10,2,2,0,10,0,10,0,10,3,3,5,10,0,10,0,10,3,3.5,7.35997491634522,10,6.15630369064751,9.85610760609162,0,10,4,4.5,10,10,8.77685950413223,9.71428571428571,10,10,4,5,5.41692307692308,10,10,4.31818181818182,0,10,3,3,6.57128740672771,240.373048693676,NA,141.42135623731,NA,NA,NA,0,0.2
"22","Honduras","HND",2.49054915235084,0.909090909090917,0,7.40236395377546,8.07416267942584,4.23966942148761,6.53047619047619,4.58333333333333,5,2,3,1.73640820251969,7.95281579539657,0,0,0,0,0,0,0,0,0,0,0,0,0,0,0,0,5,10,0,5,0,0,1,2,7.3235027586553,7.84112578578591,2.62336493386996,6.42228263826144,0,0,2,2.5,8.48,6.14832535885167,7.5702479338843,7.71428571428572,9.16666666666667,0,0,2,6.32472790755092,10,5.34666666666667,0.909090909090917,0,10,2,2,3.01511344577765,73.3762754923406,NA,173.205080756888,NA,NA,96.7853068582916,0,0.3
"23","Peru","PER",2.44680331483198,1.36363636363637,0,7.875,NA,2.81404958677687,7.35714285714285,5,0,2,2.5,1.08062408646221,8.97579452547576,0,0,0,0,0,0,0,0,0,0,0,0,0,0,0,0,5,0,0,0,0,0,0,0.5,7.58287544405155,NA,2.41146771883396,6.86606562325595,0,0,1,1.5,5.75,6.65071770334928,4.26446280991736,4.71428571428571,10,0,1,1,10,NA,10,1.36363636363637,0,0,2,2,1.16774841624229,88.3586126198042,NA,NA,NA,NA,110.656884455476,0,0.3
"24","Serbia","SRB",2.18727981896535,2.04545454545455,0,7.125,NA,3.94834710743802,6.14285714285715,2.91666666666667,0,1,1.5,1.1959071384804,10,0,0,0,0,0,0,0,0,0,0,0,0,0,0,0,0,0,0,0,0,0,0,0,0,6.51920240520265,NA,3.45954401306909,4.78091443733758,0,0,0,0.5,4.25,3.89952153110048,5.85123966942149,2.28571428571429,5.83333333333333,0,0,0,10,NA,10,2.04545454545455,0,0,2,2,1.43019388386839,107.667656697079,NA,NA,NA,NA,NA,0,0.4
"25","Somalia","SOM",1.13777410361483,6.36363636363637,0,9.22170447755538,10,8.18181818181819,8,9.91666666666666,10,6,6,8.9315398180687,9.18880240026455,0,10,0,0,0,10,2,2,10,10,0,10,10,10,5,5,10,10,5,10,10,10,5,5.5,9.18880240026455,10,7.97724035217466,7.93725393319377,9.91631652042901,10,6,6,10,10,10,9,9.83333333333333,10,4,5,8.44340895511076,10,7,6.36363636363637,10,10,3,4,7.97724035217466,204.214582518036,NA,86.6025403784439,141.42135623731,NA,NA,0,0.2
"26","Yemen","YEM",1.04395128588814,6.13636363636363,0,9.15076923076923,10,8.06818181818181,NA,5.25,10,4,4.5,8.85070308958921,6.59883683114558,0,10,0,0,0,10,2,2,10,10,0,0,0,10,3,3,10,10,5,0,0,10,3,3.5,9.11127788048332,10,7.8334945180064,NA,5.24404424085076,10,4,4.5,10,10,10,10,5.5,10,5,5,8.30153846153846,10,NA,6.13636363636363,5,10,2,2.5,7.8334945180064,176.012832172562,NA,173.205080756888,NA,NA,NA,0,0.2
"27","Armenia","ARM",2.3136341918382,2.95454545454545,0,7,NA,4.55165289256198,6.35714285714285,2.91666666666667,0,1,1.5,1.3110603065385,10,0,0,0,0,0,0,0,0,0,0,0,0,0,0,0,0,0,0,0,0,0,0,0,0,6.32455532033676,NA,4.26225197352293,5.20988072251727,0,0,0,1,4,2.70334928229665,6.14876033057851,2.71428571428571,5.83333333333333,0,0,0,10,NA,10,2.95454545454545,0,0,2,2,1.71887912738082,121.547973405312,NA,NA,NA,NA,NA,0,0.4
"28","Cameroon","CMR",1.49815180618961,3.63636363636363,0,8.73576923076923,9.06698564593302,6.23140495867769,7.71428571428572,2.16666666666667,10,4,4.5,7.76545355504446,5.55580177804234,0,0,0,0,0,10,1,1,10,10,0,10,0,10,4,4,10,10,0,10,0,10,4,4,8.72062100823277,9.01885319309835,5.6653480294255,7.68114574786861,0,10,4,4.5,9.25,8.13397129186603,8.82644628099174,8.42857142857143,4.33333333333333,10,1,3,8.22153846153846,10,7,3.63636363636363,0,10,2,3,6.03022689155527,244.948974278318,NA,173.205080756888,NA,NA,NA,0,0.3
"29","Colombia","COL",3.20996246889028,1.59090909090908,0,7.875,NA,3.37396694214876,7.57142857142857,8.25,4.62808582765696,3,3,1.95893123408847,6.88179908526353,0,0,0,0,0,0,0,0,0,0,0,0,10,0,1,1,5,0,0,5,10,0,1,2,7.58287544405155,NA,2.86432498607354,7.17137165600636,8.15475321515004,0,3,3,5.75,5.07177033492823,5.15702479338843,5.14285714285714,9.5,0,0,0.5,10,NA,10,1.59090909090908,7,9.25617165531393,2,3,3.83741157988739,62.8298773368699,NA,115.99124284286,173.205080756888,NA,104.761904761905,0,0.3
"30","Congo DR","COD",1.38930516808748,5,0,10,10,7.5,9.71428571428572,2.91666666666667,10,5,5,8.40896415253715,9.09740689156837,10,10,0,0,0,10,3,3,10,10,0,10,0,10,4,4,10,10,5,10,0,10,4,4.5,10,10,7.07106781186548,9.71008312455225,0,10,5,5,10,10,10,9.42857142857143,5.83333333333333,10,4,4.5,10,10,10,5,0,10,4,4,7.07106781186548,155.709791754034,NA,109.092077246056,NA,NA,NA,0,0.2
"31","Grenada","GRD",0.0873580464736654,NA,0,4.25033333333333,NA,NA,NA,5.58333333333333,0,0,0.5,1,10,0,0,0,0,0,0,0,0,0,0,0,0,0,0,0,0,0,0,0,0,0,0,0,0,0.0752772652709541,NA,NA,NA,3.41565025531987,0,0,0,8.5,NA,NA,2.71428571428571,1.16666666666667,0,0,0.5,0.000666666666667481,NA,NA,NA,10,0,1,1,1,136.930639376292,NA,NA,141.42135623731,NA,NA,0.2,0.6
"32","Guinea","GIN",1.2009980217067,1.5909090909091,0,10,NA,5.79545454545455,7.42857142857143,2.41666666666667,0.90410613560642,2,2.5,1.30233794367782,5.82933057414294,10,0,0,0,0,0,1,1,10,0,0,10,0,0,2,2,10,0,0,10,0,0,2,2,10,NA,3.98862017608734,7.41619848709566,0,0,2,2,10,8.82775119617225,10,7.85714285714286,4.83333333333333,0,2,3,10,NA,7,1.5909090909091,0,1.80821227121284,1,1.5,1.69608411954298,173.298525604195,NA,173.205080756888,NA,NA,NA,0,0.4
"33","Iran","IRN",3.91090103139002,8.4090909090909,0,8.23,NA,9.20454545454545,4.32904761904762,7.33333333333333,1.77152200140367,3,3,2.33631500590542,7.420300684579,0,0,0,0,0,0,0,0,0,0,10,0,0,0,1,1,5,0,10,0,5,0,1,2,8.03741251896405,NA,9.17010954628727,4.26223728418147,6.95221787153807,0,2,2.5,6.46,2.96650717703349,10,3.57142857142857,9.66666666666667,0,1,1.5,10,NA,5.08666666666667,8.4090909090909,5,3.54304400280735,1,1.5,5.45836780681884,56.3399708559716,NA,173.205080756888,NA,NA,NA,0,0.4
"34","Kenya","KEN",1.89342830545058,4.09090909090908,0,9.5,10,6.26033057851239,8.85714285714286,6.91666666666667,0,3,4,1.42218127796344,8.0205961941241,0,10,0,0,0,0,1,1,10,10,0,10,0,0,3,3,10,10,0,10,5,0,3,3.5,9.48683298050514,10,5.87242278462496,8.7831006565368,6.91616464041547,0,3,4,9,10,8.4297520661157,7.71428571428572,6.83333333333333,0,1,2.5,10,10,10,4.09090909090908,7,0,3,3.5,2.02259958738972,124.500464098684,NA,NA,NA,NA,NA,0,0.3
"35","Malawi","MWI",0.815931718138398,2.04545454545455,0,8.43506461227724,7.5,5.03925619834711,6.50961562494991,2.91666666666667,4.05065067312637,2,3,2.01760504415918,8.7293351548411,0,0,0,0,0,0,0,0,10,0,0,0,0,0,1,1,10,5,0,0,0,0,1,1.5,8.3956057153209,7.07106781186548,4.05354840796524,5.58293444474486,0,0,2,2.5,9.25,10,8.03305785123967,9.85714285714286,5.83333333333333,0,1,2.5,7.62012922455448,5,3.16208839275696,2.04545454545455,0,8.10130134625273,0,1,4.07073011421658,238.089406057043,NA,173.205080756888,NA,NA,NA,0,0.3
"36","Mali","MLI",1.55510273948202,4.31818181818182,0,9.2356430451987,9.11483253588517,6.45661157024793,9.96683149748,2.83333333333333,10,4,4.5,8.10634776377606,4.62024069099405,0,0,0,0,0,10,1,1,10,10,0,10,0,10,4,4,10,10,0,10,0,10,4,4,9.23563188613405,9.07175014634461,6.09220413024202,9.96677630679048,0,10,4,4.5,9.25,8.22966507177034,8.59504132231405,10,5.66666666666667,10,2,3.5,9.2212860903974,10,9.93366299496001,4.31818181818182,0,10,2,3,6.57128740672771,139.421800420743,NA,173.205080756888,NA,NA,NA,0,0.2
"37","Montenegro","MNE",2.06226079876666,6.13636363636363,0,7.63,NA,6.20867768595041,NA,2.75,0,1,1.5,1.57390230685844,10,0,0,0,0,0,0,0,0,0,0,0,0,0,0,0,0,5,0,0,0,0,0,0,0.5,7.2525857457875,NA,6.2082565415945,NA,0,0,1,1.5,5.26,1.17224880382775,6.28099173553719,3,5.5,0,0,0,10,NA,NA,6.13636363636363,0,0,1,1,2.47716847153431,128.700286658474,NA,NA,NA,NA,NA,0,0.5
"38","Nigeria","NGA",0.468203833997683,5,0,8.14492436523514,9.24641148325359,7.31818181818182,8.57142857142857,2.5,8.42225243856983,5,5,7.64853063290417,8.08693312107271,0,0,0,0,0,0,0,0,0,10,0,10,0,0,2,2,5,10,5,10,0,5,2,3.5,7.98520664241604,9.21565134242132,6.94131242502585,8.45154254728516,0,8.27315228745348,4,4.5,9.75,8.49282296650718,9.63636363636364,7.14285714285714,5,10,1,3,6.53984873047028,10,10,5,0,6.84450487713967,2,2,5.85000208424735,244.149815853282,NA,87.0318420409738,NA,NA,NA,0,0.2
"39","Papua New Guinea","PNG",1.16769680988049,6.36363636363637,0,6.21280843320996,NA,7.04132231404959,7.92857142857143,4.75,5,2,3,5.02257393728312,5.63526118864062,0,0,0,0,0,0,0,0,0,0,0,10,0,0,1,1,0,0,5,10,0,0,1,1.5,5.41982066256665,NA,7.0086347945192,7.87400787401181,0,0,2,2.5,9.25,10,7.71900826446281,8.85714285714286,9.5,10,2,4,3.17561686641993,NA,7,6.36363636363637,0,0,0,0.5,2.52262489554757,165.736526677114,NA,NA,NA,NA,NA,0,0.4
"40","Romania","ROU",2.21139590090039,0,0,7.42,NA,2.36363636363637,6.21428571428572,2.58333333333333,0,1,1.5,1,7.91594070350279,0,0,0,0,0,0,0,0,0,0,0,0,0,0,0,0,0,0,0,0,0,0,0,0,6.95701085237043,NA,0,4.92805380304581,0,0,0,0.5,4.84,2.46411483253589,4.72727272727273,2.42857142857143,5.16666666666667,0,0,0,10,NA,10,0,0,0,2,2,1,103.288237370621,NA,NA,NA,NA,76.7706804657274,0,0.4
"41","South Africa","ZAF",1.50371438832788,5,0,6.44049133244584,NA,5.04545454545454,8,3.25,3.55204467158074,1,2,2.44129130731773,7.83005917275961,0,0,0,0,0,0,0,0,0,0,0,0,0,0,0,0,0,0,0,5,0,0,0,0.5,6.43305005328102,NA,5.04524979109513,7.74596669241483,0,0,1,2,6.75,5.43062200956938,5.09090909090909,6,6.5,0,0,0,6.13098266489169,NA,10,5,0,7.10408934316147,1,1.5,5.95990324718509,163.639659553661,NA,173.205080756888,NA,NA,105.563153557929,0,0.4
"42","Tajikistan","TJK",0.257158980426649,2.27272727272727,0,7.10307692307692,NA,6.13636363636363,6.91910103389195,7.5,0,2,3,1.22782601490961,8.03452809527061,0,0,0,0,0,0,0,0,0,0,0,0,10,0,1,1,5,0,0,5,10,0,1,2,7.08962622428009,NA,4.76731294622796,6.89004937169811,7.48331477354788,0,2,2.5,7.54,5.90909090909091,10,6.28571428571429,8,0,1,2,6.66615384615385,NA,7.55248778206961,2.27272727272727,7,0,0,1,1.50755672288882,244.888276651451,NA,NA,141.42135623731,NA,NA,0,0.4
"43","Zambia","ZMB",1.02454713412498,9.31818181818182,0,8.7941423482105,5.85406698564594,8.77479338842975,9.42857142857143,2.08333333333333,0,3,3.5,1.74716046983154,8.71107610827791,0,0,0,0,0,0,0,0,10,0,10,10,0,0,3,3,10,0,10,10,0,0,3,3,8.7110761082779,5.11120356803323,8.7579522734508,9.4112394811432,0,0,3,3.5,10,8.70813397129187,8.23140495867769,8.85714285714286,4.16666666666667,0,1,2.5,7.58828469642101,3,10,9.31818181818182,0,0,1,2,3.05256970734197,231.433371626068,NA,NA,NA,NA,NA,0,0.3
"44","Albania","ALB",2.01347819445965,5,0,7.75,NA,5.68181818181818,1.92857142857143,4.5,0,1,1.5,1.49534878122122,10,0,0,0,0,0,0,0,0,0,0,0,0,0,0,0,0,5,0,0,0,0,0,0,0.5,7.41619848709566,NA,5.64076074817766,1.69030850945703,0,0,1,1.5,5.5,3.39712918660287,6.36363636363636,2.85714285714286,9,0,0,0.5,10,NA,1,5,0,0,1,1,2.23606797749979,138.13510831283,NA,NA,NA,NA,NA,0,0.4
"45","Antigua and Barbuda","ATG",2.14994737162741,NA,0,9.1,NA,NA,NA,2.25,0,1,1,1,10,0,0,0,0,0,0,0,0,10,0,0,0,0,0,1,1,10,0,0,0,0,0,1,1,9.05538513813742,NA,NA,NA,0,0,1,1,8.2,NA,NA,2.71428571428571,4.5,0,0,0.5,10,NA,NA,NA,0,0,1,1,1,123.90929841044,NA,NA,NA,NA,NA,0.2,0.6
"46","Argentina","ARG",3.83823189786115,0.45454545454545,0,6.75,NA,4.1198347107438,6.21428571428572,2.5,0,0,1,0.821096743668637,7.04025306618502,0,0,0,0,0,0,0,0,0,0,0,0,0,0,0,0,0,0,0,0,0,0,0,0,5.91607978309962,NA,1.88114133234226,4.92805380304581,0,0,0,0.5,3.5,2.27272727272727,7.78512396694215,2.42857142857143,5,0,0,0.5,10,NA,10,0.45454545454545,0,0,2,2,0.674199862463239,58.1382415468955,NA,NA,NA,NA,121.127854108613,0,0.4
"47","Barbados","BRB",1.12783878425211,5,0,5.06107887884844,NA,4.40909090909091,6.64285714285714,2.33333333333333,0,0,1,1.49534878122122,5.00215729230587,0,0,0,0,0,0,0,0,0,0,0,0,0,0,0,0,0,0,0,0,0,0,0,0,4.36651372534774,NA,4.36931448752652,5.7321150422111,0,0,0,0.5,7.62,1.81818181818182,3.81818181818182,3.28571428571428,4.66666666666667,0,0,0.5,2.50215775769688,NA,10,5,0,0,1,1,2.23606797749979,175.933423229608,NA,NA,NA,NA,NA,0,0.4
"48","Bolivia","BOL",2.5830892854789,0.681818181818183,0,7.17032269804729,NA,4.6797520661157,8.14285714285715,3.08333333333333,0,2,2,0.908692920542892,8.42059700739477,0,0,0,0,0,0,0,0,10,0,0,0,0,0,1,1,10,0,0,5,0,0,1,1.5,7.16987999353446,NA,2.43240705004321,7.92824967172092,0,0,2,2,7.25,8.08612440191388,8.67768595041322,6.28571428571429,6.16666666666667,0,0,1.5,7.09064539609458,NA,10,0.681818181818183,0,0,1,1.5,0.825722823844771,82.1407525875153,NA,NA,NA,NA,112.603687234278,0,0.4
"49","Burkina Faso","BFA",0.621571128132918,0.909090909090917,4.53089504692103,8.02923076923077,9.37799043062201,4.3305785123967,8.35714285714285,2.25,10,4,4,5.49100486776114,5.48104116157971,0,0,0,0,0,10,1,1,0,10,0,10,0,10,3,3,5,10,0,10,0,10,3,3.5,7.78361197546585,9.35733982563635,2.65468130525245,8.24621125123532,0,10,4,4,10,8.75598086124402,7.75206611570248,9.71428571428571,4.5,10,2,3.5,6.05846153846154,10,7,0.909090909090917,0,10,2,2.5,3.01511344577765,238.121913390328,NA,41.3842499448277,NA,NA,NA,0,0.2
"50","Dominica","DMA",1.22637734366286,NA,0,7.38846153846154,NA,NA,2.57142857142857,3.25,0,1,1,1,2.46987531088755,0,0,0,0,0,0,0,0,0,0,0,0,0,0,0,0,5,0,0,0,0,0,0,0.5,7.16293880384946,NA,NA,0,0,0,1,1,9.2,5.50239234449761,NA,5.14285714285714,6.5,0,0,0.5,5.57692307692308,NA,0,NA,0,0,0,0,1,200,NA,NA,NA,NA,NA,0,0.6
"51","Egypt","EGY",1.29860227108882,1.36363636363637,0,6.21948526956256,NA,3.99586776859504,7.5,3.25,0,1,1.5,1.08062408646221,8.01184781378499,0,0,0,0,0,0,0,0,0,0,0,0,0,0,0,0,0,0,0,5,0,0,0,0.5,6.21628527703912,NA,3.00637939303176,7.07106781186548,0,0,1,1.5,6.02,1.79425837320574,6.62809917355372,5,6.5,0,0,0,6.41897053912513,NA,10,1.36363636363637,0,0,1,1,1.16774841624229,171.044917076327,NA,NA,NA,NA,166.470981452955,0,0.4
"52","El Salvador","SLV",1.41523635067537,1.36363636363637,0,5.44633951050126,7.48803827751196,3.35950413223141,7.57119047619048,4.58333333333333,4.56431208779111,2,2.5,1.87834764795659,7.34348624360564,0,0,0,0,0,0,0,0,0,0,0,0,0,0,0,0,0,0,0,5,0,0,0,0.5,5.44607515698359,7.05413109817497,2.70236560531017,7.46126505295692,0,0,2,2.5,5.5,4.97607655502392,5.35537190082645,6.28571428571429,9.16666666666667,0,0,0.5,5.39267902100252,10,8.85666666666667,1.36363636363637,0,9.12862417558222,1,2,3.52818988658405,126.112578764464,NA,141.42135623731,NA,NA,104.89573600669,0,0.3
"53","Eritrea","ERI",0.867002845119161,3.63636363636363,0,5.94038461538462,NA,6.81818181818181,7.78571428571428,4.75,5,1,2.5,4.36683544284781,3.16227766016838,0,0,0,0,0,0,0,0,0,0,0,10,0,0,1,1,0,0,0,10,0,0,1,1,4.55796007003133,NA,6.03022689155527,7.74596669241483,4.74341649025257,0,1,1.5,9.75,10,10,8.57142857142857,4.5,10,3,4,2.13076923076923,NA,7,3.63636363636363,5,0,0,0.5,1.90692517849118,244.948974278318,NA,NA,NA,NA,NA,0,0.4
"54","Georgia","GEO",2.20253020851796,3.63636363636363,0,6.68132,NA,3.86776859504132,6.64285714285714,2.91666666666667,5,0,1.5,2.45565202981922,7.34005182569476,0,0,0,0,0,0,0,0,0,0,0,0,0,0,0,0,5,0,0,0,0,0,0,0.5,6.46631270508935,NA,3.860840018686,5.7321150422111,0,0,0,1,5,4.92822966507177,4.09917355371901,3.28571428571428,5.83333333333333,0,0,0,8.36264,NA,10,3.63636363636363,0,10,2,2.5,6.03022689155527,84.4452278460196,NA,173.205080756888,NA,NA,NA,0,0.4
"55","Guatemala","GTM",2.49029400284911,3.63636363636363,0,6.76646137859005,8.25358851674641,5.41322314049587,6.97845780523859,4.75,0,1,2.5,1.38091461665491,7.79289596823935,0,0,0,0,0,0,0,0,0,0,0,0,0,0,0,0,5,10,0,5,0,0,1,2,6.73082489510488,8.06670752754358,5.11329199942413,6.95321932704121,0,0,1,2.5,7.46,6.50717703349282,7.1900826446281,7.57142857142857,9.5,0,0,2,6.07292275718011,10,6.3854870390486,3.63636363636363,0,0,1,1,1.90692517849118,73.6140595390257,NA,NA,NA,NA,NA,0,0.1
"56","Lesotho","LSO",0.658935627138194,3.18181818181818,0,7.25153846153846,NA,4.9297520661157,9.09285729980576,1.25,0,2,2,1.33557671813778,3.8517798679503,0,0,0,0,0,0,0,0,0,0,0,10,0,0,1,1,0,0,0,10,0,0,1,1,6.71049694365247,NA,4.60946662527202,9.08980156967968,0,0,1,1.5,10,8.75598086124402,6.67768595041322,8.85714285714286,2.5,0,1,2,4.50307692307692,NA,9.32857174246867,3.18181818181818,0,0,0,0.5,1.78376517003169,243.90023567469,NA,NA,NA,NA,NA,0,0.4
"57","Mauritius","MUS",0.694691252450692,2.72727272727272,0,5.56014100118995,NA,2.8099173553719,6.42857142857143,5.75,0,0,1.5,1.28508585226417,1.18709678914805,0,0,0,0,0,0,0,0,0,0,0,0,0,0,0,0,0,0,0,0,0,0,0,0,5.36507033101216,NA,2.80870173024238,5.34522483824849,5.61248608016091,0,0,1.5,7.02,1.79425837320574,2.89256198347107,2.85714285714286,4.5,0,0,0.5,4.1002820023799,NA,10,2.72727272727272,7,0,1,1.5,1.65144564768954,191.760698509669,NA,NA,141.42135623731,NA,NA,0,0.4
"58","Myanmar","MMR",0.509057115044077,10,0,3.85230769230769,NA,9.52892561983471,6.86307116917201,8.5,6.41614412906628,2,3,7.29515229893732,3.16227766016838,0,0,0,0,0,0,0,0,0,0,10,0,10,0,2,2,0,0,10,5,10,0,2,2.5,2.22087993649087,NA,9.51727442058356,6.85736579759671,8.36660026534076,5.32192470646904,2,3,7,7.08133971291866,9.05785123966942,7.14285714285714,10,10,2,4,0.704615384615385,NA,6.58328519548689,10,7,2.83228825813256,1,1.5,5.32192470646904,244.948974278318,NA,173.205080756888,141.42135623731,NA,NA,0,0.4
"59","Pakistan","PAK",1.59939108145465,1.5909090909091,0,7.82183060282973,NA,5.28305785123968,6.83571428571429,5,0,1,2.5,1.12308167457838,8.59864012833393,0,0,0,0,0,0,0,0,10,0,0,0,0,0,1,1,10,0,0,5,0,0,1,1.5,7.81010274879213,NA,3.77872171390466,6.79600723114052,0,0,1,1.5,8.25,6.62679425837321,8.97520661157025,7.57142857142857,10,0,1,2.5,7.39366120565945,NA,6.1,1.5909090909091,0,0,0,0.5,1.26131244777379,122.306163814609,NA,NA,NA,NA,NA,0,0.3
"60","Seychelles","SYC",1.90989582738997,3.86363636363637,0,8.81,NA,3.97314049586777,2.64285714285715,5,0,1,1.5,1.40200338186726,10,0,0,0,0,0,0,0,0,10,0,0,0,0,0,1,1,10,0,0,0,0,0,1,1,8.72926113711808,NA,3.97163118188593,2.61861468283191,4.58257569495584,0,1,1,7.62,2.20095693779904,4.08264462809917,2.28571428571429,3,0,0,0.5,10,NA,3,3.86363636363637,7,0,1,1.5,1.96561348276724,128.856088858877,NA,NA,141.42135623731,NA,NA,0,0.4
"61","Spain","ESP",1.23631039851644,0,0,4.66948,NA,1.44628099173554,4.85714285714286,2.58333333333333,0,0,0,1,0.572262910017512,0,0,0,0,0,0,0,0,0,0,0,0,0,0,0,0,0,0,0,0,0,0,0,0,3.83117736472745,NA,0,2.53546276418555,0,0,0,0,2,0,2.89256198347107,0.714285714285714,5.16666666666667,0,0,0,7.33896,NA,9,0,0,0,0,1,1,124.089423895046,NA,NA,NA,NA,NA,0,0.4
"62","Suriname","SUR",2.39208691860294,1.81818181818182,0,8.35,NA,4.38842975206611,6.2152380952381,7.41666666666667,0,2,2.5,1.16120615091657,3.27636676126648,0,0,0,0,0,0,0,0,0,0,0,0,0,0,0,0,5,0,0,0,0,0,0,0.5,8.18535277187245,NA,3.5569848533811,6.06504426239099,6.95221787153807,0,1,2,6.7,5.52631578947368,6.95867768595041,4.85714285714286,4.83333333333333,0,0,0,10,NA,7.57333333333333,1.81818181818182,10,0,2,2.5,1.34839972492648,101.341660252992,NA,NA,141.42135623731,NA,NA,0,0.4
"63","Syria","SYR",1.32387852936751,3.63636363636363,0,8.01563616464268,8.08612440191387,6.81818181818181,8.5,3.91666666666667,10,4,4.5,7.76545355504446,7.7661266595938,0,0,0,0,0,10,1,1,0,0,0,10,0,10,2,2,5,10,0,10,0,10,3,3.5,7.7661266595938,7.85636608351963,6.03022689155527,8.36660026534076,0,10,4,4.5,10,6.17224880382775,10,10,7.83333333333333,10,4,4.5,6.03127232928535,10,7,3.63636363636363,0,10,2,2.5,6.03022689155527,196.044409223295,NA,173.205080756888,NA,NA,NA,0,0.3
"64","Timor-Leste","TLS",0.921091442404295,2.5,0,5.32923076923077,NA,4.52272727272727,7.14285714285715,3,5,1,2,3.97635364383525,3.16227766016838,0,0,0,0,0,0,0,0,0,0,0,10,0,0,1,1,0,0,0,10,0,0,1,1,4.04406497703258,NA,4.04519917477945,7.14142842854285,0,0,1,1,8.8,9.30622009569378,6.54545454545454,7.28571428571429,6,10,1,2.5,1.85846153846154,NA,7,2.5,0,0,0,0.5,1.58113883008419,168.483820365097,NA,NA,NA,NA,NA,0,0.5
"65","Trinidad and Tobago","TTO",1.24514973607373,1.81818181818182,0,6.84542018227071,NA,3.5702479338843,1.42857142857143,6.83333333333333,0,0,1,1.16120615091657,1.66851065300113,0,0,0,0,0,0,0,0,0,0,0,0,0,0,0,0,5,0,0,0,0,0,0,0.5,6.84342119375512,NA,3.11077717550009,0,6.05530070819499,0,0,1,6.68,2.89473684210526,5.32231404958678,2.85714285714286,3.66666666666667,0,0,0,7.01084036454142,NA,0,1.81818181818182,10,0,1,1.5,1.34839972492648,151.709596543401,NA,NA,141.42135623731,NA,NA,0,0.4
"66","Tunisia","TUN",3.68526608359702,4.09090909090908,0,8.63,NA,5.44214876033057,6.78571428571428,2.83333333333333,0,1,2,1.42218127796344,6.77329430924473,0,0,0,0,0,0,0,0,10,0,0,0,0,0,1,1,10,0,0,0,0,0,1,1,8.52056336165632,NA,5.27172974320093,5.97614304667197,0,0,1,2,7.26,2.05741626794258,6.79338842975207,3.57142857142857,5.66666666666667,0,0,0.5,10,NA,10,4.09090909090908,0,0,2,2,2.02259958738972,59.1826908946263,NA,NA,NA,NA,NA,0,0.4
"67","Uganda","UGA",0.696696844973038,1.13636363636363,0,10,8.5,4.52685950413223,9.35714285714285,5.33333333333333,5,3,4,1.83602813494679,5.43480631416747,10,0,0,0,0,0,1,1,10,10,0,10,0,0,3,3,10,10,0,10,0,0,3,3,10,8.36660026534076,2.99949908164619,9.33503385868831,5.32290647422377,0,3,3.5,10,10,7.91735537190083,8.71428571428571,5.66666666666667,0,2,3,10,7,10,1.13636363636363,5,10,3,3.5,3.3709993123162,152.650645900608,NA,173.205080756888,NA,NA,NA,0,0.3
"68","Venezuela","VEN",1.41898449628171,7.27272727272727,0,7.39956771629708,7.53588516746411,8.63636363636363,6.07142857142857,7.75,5,4,5,5.19307177868068,7.34788094119261,0,0,0,0,0,0,0,0,0,0,10,0,10,0,2,2,5,10,10,5,10,0,3,4,7.12403488666255,7.12163628313622,8.52802865422442,6,7.71362431027076,0,4,4.5,9.4,5.07177033492823,10,5.14285714285714,8.5,10,2,3,5.39913543259416,10,7,7.27272727272727,7,0,1,2.5,2.69679944985297,80.9981969017094,NA,NA,141.42135623731,NA,NA,0,0.3
"69","Angola","AGO",1.18119266654108,5,0,7.62408638331909,9.91626794258373,6.86363636363637,8.80614534865156,1.75,0,3,3.5,1.49534878122122,6.43491325823014,0,0,0,0,0,0,0,0,0,10,0,10,0,0,2,2,5,10,5,10,0,0,2,3,7.49890357984042,9.9159144233739,6.60578259075816,8.78113003306702,0,0,3,3.5,9,9.83253588516746,8.72727272727273,8.14285714285714,3.5,0,0,2,6.24817276663817,10,9.46943355444598,5,0,0,1,1.5,2.23606797749979,115.000747319815,NA,NA,NA,NA,NA,0,0.3
"70","Bahamas","BHS",1.15460589398251,1.36363636363637,0,5.14608,NA,3.08677685950413,6.71428571428572,7,0,1,2,1.08062408646221,4.51781753950407,0,0,0,0,0,0,0,0,0,0,0,0,0,0,0,0,0,0,0,0,0,0,0,0,4.35979595852834,NA,2.56105021658514,5.8554004376912,6.32455532033676,0,0,1,7.88,3.58851674641148,4.8099173553719,3.42857142857143,4,0,0,0.5,2.41216,NA,10,1.36363636363637,10,0,2,2,1.16774841624229,109.287890012677,NA,NA,141.42135623731,NA,NA,0,0.4
"71","Belize","BLZ",1.18747792734782,2.72727272727273,0,5.16616932128967,NA,4.90082644628099,7.71428571428572,3.75,0,1,1.5,1.28508585226418,4.24310703279018,0,0,0,0,0,0,0,0,0,0,0,0,0,0,0,0,0,0,0,5,0,0,0,0.5,4.53535745331128,NA,4.39246674286244,7.36788397613007,0,0,1,1,7.64,4.66507177033493,7.07438016528926,5.42857142857143,7.5,0,0,1.5,2.69233864257934,NA,10,2.72727272727273,0,0,1,1,1.65144564768954,115.16649098642,NA,NA,NA,NA,NA,0,0.4
"72","Bosnia and Herzegovina","BIH",2.22646894717423,6.13636363636363,0,7.72,NA,6.48140495867768,6.85714285714285,2.58333333333333,0.847645628715,1,2,1.79592771466508,8.96509817462009,0,0,0,0,0,0,0,0,0,0,0,0,0,0,0,0,5,0,0,0,0,0,0,0.5,7.37563556583431,NA,6.47221420568475,6.09449400220044,0,0,1,2,5.44,3.22966507177033,6.82644628099174,3.71428571428571,5.16666666666667,0,0,0,10,NA,10,6.13636363636363,0,1.69529125743,2,2,3.22535635630214,109.507411328926,NA,141.42135623731,NA,NA,NA,0,0.4
"73","Botswana","BWA",2.43635093055252,0,0,7.8295493284431,NA,1.5702479338843,8.21428571428572,1.41666666666666,0,2,2,1,8.87642870578376,0,0,0,0,0,0,0,0,10,0,0,0,0,0,1,1,10,0,0,5,0,0,1,1.5,7.82939254032997,NA,0,8.01783725737273,0,0,2,2,7.78,6.9377990430622,3.1404958677686,6.42857142857143,2.83333333333333,0,0,0.5,7.8790986568862,NA,10,0,0,0,1,1.5,1,111.350277836669,NA,NA,NA,NA,NA,0,0.4
"74","Brunei Darussalam","BRN",0.142528639073606,0,0,6.67307692307693,NA,1.18181818181818,4.57142857142857,6.5,0,0,1,1,3.16227766016838,0,0,0,0,0,0,0,0,0,0,0,0,0,0,0,0,5,0,0,0,0,0,0,0.5,6.62410980956919,NA,0,3.87298334620741,5.47722557505166,0,0,1,7.48,1.81818181818182,2.36363636363636,2.14285714285714,3,0,0,0.5,5.86615384615385,NA,7,0,10,0,1,1.5,1,239.087099547339,NA,NA,141.42135623731,NA,NA,0,0.5
"75","Bulgaria","BGR",2.54425875678109,3.40909090909092,0,7.44,NA,3.67148760330579,6.35714285714285,2.16666666666667,0,1,1.5,1.35881285123817,8.59912643102679,0,0,0,0,0,0,0,0,0,0,0,0,0,0,0,0,0,0,0,0,0,0,0,0,6.98569967862919,NA,3.6620990150586,5.20988072251727,0,0,0,1,4.88,2.41626794258373,3.93388429752066,2.71428571428571,4.33333333333333,0,0,0,10,NA,10,3.40909090909092,0,0,2,2,1.84637236468999,106.337591952502,NA,NA,NA,NA,59.7980499394032,0,0.4
"76","Cyprus","CYP",2.223691809897,0,0,7.7,NA,1.70247933884298,1.97523809523809,2.75,0,1,1,1,8.43664513430751,0,0,0,0,0,0,0,0,0,0,0,0,0,0,0,0,5,0,0,0,0,0,0,0.5,7.34846922834953,NA,0,1.62832078271714,0,0,1,1,5.4,2.12918660287081,3.40495867768595,0.857142857142856,5.5,0,0,0,10,NA,3.09333333333333,0,0,0,1,1,1,87.1891139175682,NA,NA,NA,NA,NA,0,0.4
"77","Djibouti","DJI",2.27559703266716,3.63636363636363,0,9.68,NA,5.32231404958678,5.48816697684907,6.16666666666667,0,1,2.5,1.38091461665491,4.81235837061384,0,0,0,0,0,0,0,0,10,0,0,0,0,0,1,1,10,0,0,0,5,0,1,1.5,9.67470929795826,NA,5.04822721820061,4.80339430905653,6.05530070819498,0,1,2,9.36,8.25358851674641,7.00826446280992,8.14285714285714,7.33333333333333,0,0,2.5,10,NA,2.833476810841,3.63636363636363,5,0,1,1,1.90692517849118,101.074516473623,NA,NA,NA,NA,NA,0,0.4
"78","Ecuador","ECU",2.254280058801,7.72727272727273,0,5.92841297816148,NA,7.49173553719008,7.42857142857143,4.91666666666667,0,2,2.5,1.66727239697443,8.43019925999556,0,0,0,0,0,0,0,0,0,0,10,0,0,0,1,1,0,0,10,0,0,0,1,1,5.81011387948068,NA,7.48803202392223,6.9693205243717,0,0,1,2,4.75,5.14354066985646,7.25619834710744,4.85714285714286,9.83333333333333,0,0,1,7.10682595632296,NA,10,7.72727272727273,0,0,1,2,2.77979724571285,87.3704729360823,NA,NA,NA,NA,104.761904761905,0,0.3
"79","Equatorial Guinea","GNQ",0.744609077267882,5.9090909090909,0,5.4073,NA,7.55785123966941,NA,1.58333333333334,0,1,1.5,1.55912224473323,10,0,0,0,0,0,0,0,0,0,0,0,0,0,0,0,0,0,0,5,0,0,0,0,0.5,2.85411982929939,NA,7.37581891950196,NA,0,0,1,1,10,5.4066985645933,9.20661157024793,6.14285714285714,3.16666666666667,0,1,1.5,0.8146,NA,NA,5.9090909090909,0,0,0,0,2.43086217402199,100.910590392416,NA,NA,NA,NA,NA,0,0.5
"80","Fiji","FJI",0.102404791747946,NA,0,6.56923076923077,NA,NA,7.28571428571428,7.41666666666667,0,2,2.5,1,3.16227766016838,0,0,0,0,0,0,0,0,0,0,0,0,0,0,0,0,0,0,0,0,0,0,0,0,6.15687982916422,NA,NA,6.76123403782813,6.95221787153807,0,0,1.5,8.86,4.90430622009569,NA,4.57142857142857,4.83333333333333,0,0,0.5,4.27846153846154,NA,10,NA,10,0,2,2,1,195.671312279879,NA,NA,141.42135623731,NA,NA,0,0.5
"81","Greece","GRC",2.15614596552968,2.27272727272727,0,6.625,NA,3.599173553719,4.6802380952381,4.08333333333333,0,0,0.5,1.22782601490961,6.71742394125076,0,0,0,0,0,0,0,0,0,0,0,0,0,0,0,0,0,0,0,0,0,0,0,0,5.70087712549569,NA,3.34583181487556,2.69973543677365,0,0,0,0.5,3.25,0.119617224880383,4.92561983471074,0.857142857142856,8.16666666666667,0,0,0.5,10,NA,8.50333333333334,2.27272727272727,0,0,1,1.5,1.50755672288882,102.136124009176,NA,NA,NA,NA,NA,0,0.4
"82","Guyana","GUY",1.79828137025858,3.86363636363637,0,6.27828,NA,5.06404958677686,3.07142857142857,7.33333333333333,0,1,2,1.40200338186726,2.42385026127398,0,0,0,0,0,0,0,0,0,0,0,0,0,0,0,0,0,0,0,0,0,0,0,0,6.12434891233346,NA,4.91971608032866,0,6.83130051063973,0,0,1,7.66,4.66507177033493,6.26446280991735,6.14285714285714,4.66666666666667,0,0,0.5,4.89656,NA,0,3.86363636363637,10,0,1,1,1.96561348276724,89.114112652368,NA,NA,141.42135623731,NA,NA,0,0.4
"83","Hungary","HUN",1.99343134422283,0,0,6.75,NA,1.74380165289256,5.25571428571428,2.16666666666667,0,0,1,1,10,0,0,0,0,0,0,0,0,0,0,0,0,0,0,0,0,0,0,0,0,0,0,0,0,5.91607978309962,NA,0,3.74814239705103,0,0,0,0.5,3.5,0.933014354066986,3.48760330578512,1.57142857142857,4.33333333333333,0,0,0,10,NA,8.94,0,0,0,1,1.5,1,108.297119971491,NA,NA,NA,NA,NA,0,0.4
"84","Kazakhstan","KAZ",2.13105229049597,5,0,5.72074836710562,NA,5.86363636363637,5.71428571428572,2.5,0,0,1.5,1.49534878122122,7.47094152982825,0,0,0,0,0,0,0,0,0,0,0,0,0,0,0,0,0,0,0,0,0,0,0,0,5.71905331873011,NA,5.79968651190421,3.77964473009227,0,0,0,1,5.86,1.26794258373206,6.72727272727273,1.42857142857143,5,0,0,0,5.58149673421125,NA,10,5,0,0,1,1,2.23606797749979,82.7561311818976,NA,NA,NA,NA,59.8676231588465,0,0.4
"85","Malaysia","MYS",1.44207194414956,0,0,3.12135463643002,NA,1.3801652892562,5.03527875037605,8.25,0,1,1.5,1,5.59740015552807,0,0,0,0,0,0,0,0,0,0,0,0,0,0,0,0,0,0,0,0,5,0,0,0.5,3.11899468075534,NA,0,4.39129529748218,8.06225774829855,0,1,1,3,2.3444976076555,2.7603305785124,2.57142857142857,6.5,0,0,0,3.24270927286003,NA,7.49912892932354,0,10,0,1,1.5,1,78.2323250817143,NA,NA,141.42135623731,NA,102.52345203914,0,0.4
"86","Nicaragua","NIC",0.704167682948873,2.72727272727273,0,8.25,NA,5.90082644628099,8.57142857142857,4.66666666666667,0,2,2.5,1.28508585226418,7.93767220446827,0,0,0,0,0,0,0,0,0,0,0,10,0,0,1,1,5,0,0,10,0,0,1,1.5,8.06225774829855,NA,4.97476728518008,8.45154254728516,0,0,2,2,6.5,6.79425837320574,9.07438016528926,7.14285714285714,9.33333333333333,0,0,1.5,10,NA,10,2.72727272727273,0,0,2,2,1.65144564768954,188.599744707336,NA,NA,NA,NA,59.9517374976882,0,0.4
"87","Oman","OMN",2.50986844283848,6.36363636363637,0,7.59549634542937,NA,5.40495867768596,4.85714285714285,3.33333333333333,0,1,1.5,1.58827733584143,6.67856582580081,0,0,0,0,0,0,0,0,0,0,0,0,0,0,0,0,5,0,0,0,0,0,0,0.5,7.26520066321778,NA,5.31925891473178,4.35889894354067,0,0,1,1.5,5.38,3.22966507177033,4.44628099173554,2.71428571428571,6.66666666666667,0,0,0,9.81099269085874,NA,7,6.36363636363637,0,0,0,1,2.52262489554757,69.5856833244138,NA,NA,NA,NA,NA,0,0.4
"88","Palau","PLW",1,NA,0,4.81,NA,NA,NA,6.83333333333333,0,0,0.5,1,10,0,0,0,0,0,0,0,0,0,0,0,0,0,0,0,0,0,0,0,0,0,0,0,0,0,NA,NA,NA,6.05530070819499,0,0,0.5,9.62,NA,NA,4,3.66666666666667,0,0,0.5,0,NA,NA,NA,10,0,1,1,1,NA,NA,NA,141.42135623731,NA,NA,0.2,0.8
"89","Poland","POL",2.51963084632827,0.227272727272734,0,6.46,NA,1.74173553719009,5.42857142857143,1.08333333333334,0,0,1,0.690457308327462,9.4940983674232,0,0,0,0,0,0,0,0,0,0,0,0,0,0,0,0,0,0,0,0,0,0,0,0,5.40370243444252,NA,0.860258727876722,2.9277002188456,0,0,0,0.5,2.92,0.789473684210526,3.25619834710744,0.857142857142856,2.16666666666667,0,0,0,10,NA,10,0.227272727272734,0,0,2,2,0.476731294622803,96.8638020517183,NA,NA,NA,NA,89.0506807388387,0,0.4
"90","Saint Lucia","LCA",1.13001474154766,NA,0,4.248,NA,NA,6.61553078606015,1.33333333333334,0,0,0.5,1,10,0,0,0,0,0,0,0,0,0,0,0,0,0,0,0,0,0,0,0,0,0,0,0,0,3.28612842110591,NA,NA,6.29181164033444,0,0,0,0.5,6.94,NA,NA,4.57142857142857,2.66666666666667,0,0,0,1.556,NA,8.65963300069173,NA,0,0,0,0.5,1,137.575846384394,NA,NA,NA,NA,NA,0.2,0.6
"91","Solomon Islands","SLB",1.97512919386858,NA,0,9.38538461538461,NA,NA,7.76254213423955,9,5,3,3.5,3.16227766016838,8.16260773590352,0,0,0,0,0,0,0,0,10,0,0,10,10,0,3,3,10,0,0,10,10,0,3,3,9.37337637222493,NA,NA,7.74489194797227,8.94427190999916,0,3,3,9.86,9.13875598086125,NA,8.28571428571428,8,10,1,3,8.91076923076923,NA,7.23936998276483,NA,10,0,1,2,1,200,NA,NA,141.42135623731,NA,NA,0,0.6
"92","United Arab Emirates","ARE",1.86249668828563,0,0,7.33,NA,1.64462809917355,3.71428571428571,2.66666666666667,0,1,1,1,10,0,0,0,0,0,0,0,0,0,0,0,0,0,0,0,0,0,0,0,0,0,0,0,0,6.82641926635041,NA,0,1.73205080756888,0,0,0,0.5,4.66,1.07655502392344,3.28925619834711,0.428571428571429,5.33333333333333,0,0,0,10,NA,7,0,0,0,1,1.5,1,149.023061119036,NA,NA,NA,NA,NA,0,0.4
"93","Azerbaijan","AZE",2.9129516492294,6.13636363636363,0,7.81534,NA,6.66322314049586,4.7502380952381,6.75,5,1,2.5,2.79883806569912,6.4243556423949,0,0,0,0,0,0,0,0,10,0,0,0,0,0,1,1,10,0,5,0,5,0,1,2,7.78781540613284,NA,6.64236115270354,4.66552707174044,6.74536878161602,0,1,2,7.16,4.23444976076555,7.1900826446281,3.85714285714286,6.5,0,0,1,8.47068,NA,5.64333333333334,6.13636363636363,7,10,1,2,7.8334945180064,70.5523832103373,NA,141.42135623731,141.42135623731,NA,NA,0,0.4
"94","Bahrain","BHR",2.93014223897626,6.36363636363637,0,8.06,NA,6.04132231404959,2.35714285714286,0,0,1,1.5,1.58827733584143,10,0,0,0,0,0,0,0,0,0,0,0,0,0,0,0,0,5,0,0,0,0,0,0,0.5,7.82304288624318,NA,6.03271820622118,2.26778683805537,0,0,1,1.5,6.12,0.526315789473683,5.71900826446281,1.71428571428572,0,0,0,0,10,NA,3,6.36363636363637,0,0,1,1,2.52262489554757,84.4759804118091,NA,NA,NA,NA,NA,0,0.4
"95","Bangladesh","BGD",1.75233605490504,7.95454545454545,0,7.50370660218419,NA,7.23347107438016,8.42857142857143,5,0.139586922489379,3,3.5,1.22073816909822,8.37102932999782,0,0,0,0,0,0,0,0,10,0,0,0,0,0,1,1,10,0,10,5,0,0,2,2.5,7.48727624940786,NA,7.19744090091498,8.28078671210825,0,0,3,3,8,8.03827751196172,6.51239669421488,6.85714285714286,10,0,1,2,7.00741320436838,NA,10,7.95454545454545,0,0.279173844978757,1,2,1.49020167749327,90.6064983222684,NA,173.205080756888,NA,NA,NA,0,0.4
"96","Bhutan","BTN",0.127941662063987,5.90909090909092,0,3.29076923076923,NA,5.01239669421488,7.22584747396287,2.08333333333333,0,1,1.5,1.55912224473323,3.16227766016838,0,0,0,0,0,0,0,0,0,0,0,10,0,0,1,1,0,0,0,10,0,0,1,1,1.95211128308262,NA,4.93153729633915,7.2230031645572,0,0,1,1,5.94,6.98564593301436,4.11570247933884,7.42857142857143,4.16666666666667,0,0,0.5,0.641538461538463,NA,7.0231235193543,5.90909090909092,0,0,0,0.5,2.43086217402199,243.401936868901,NA,NA,NA,NA,NA,0,0.4
"97","Burundi","BDI",1.69132690380351,2.04545454545453,0,9.91153846153846,7.46411483253589,6.02272727272726,9.65689837110499,2.16666666666667,5,3,4,3.78179042765247,6.5567105649671,0,0,0,0,0,0,0,0,10,0,0,10,0,0,2,2,10,5,0,10,0,0,2,2.5,9.91114368934127,7.0456474738209,4.52267016866644,9.65080138755844,0,0,3,3,10,9.92822966507177,10,10,4.33333333333333,10,4,4.5,9.82307692307692,5,9.31379674220999,2.04545454545453,0,0,0,1,1.43019388386838,162.745993925374,NA,NA,NA,NA,NA,0,0.3
"98","Cambodia","KHM",1.6588896562208,5.45454545454545,0,8.625,NA,6.52892561983471,4.14285714285714,9,0,2,2.5,1.52823323890189,5.31483153103147,0,0,0,0,0,0,0,0,10,0,0,0,10,0,2,2,10,0,5,0,10,0,2,2.5,8.5146931829632,NA,6.4399205748027,0,8.94427190999916,0,2,2.5,7.25,9.33014354066986,7.60330578512397,8.28571428571428,8,0,0,2.5,10,NA,0,5.45454545454545,10,0,2,2,2.33549683248457,130.352485246182,NA,NA,141.42135623731,NA,NA,0,0.4
"99","China","CHN",0.465973144815725,0,0,4.23128205128205,NA,2.61157024793388,5.53394393447657,5,0,0,1,1,3.16227766016838,0,0,0,0,0,0,0,0,0,0,0,0,0,0,0,0,0,0,0,0,0,0,0,0,4.22932376239742,NA,0,5.2262203772537,0,0,0,0.5,4.36,2.91866028708134,5.22314049586777,3.71428571428571,10,0,1,1,4.1025641025641,NA,7.35360215466743,0,0,0,0,0.5,1,184.52947511859,NA,NA,NA,NA,153.449209875768,0,0.4
"100","Comoros","COM",0.105856329917754,NA,0,5.16756,NA,NA,6.93224635390378,1.41666666666666,5,0,1.5,3.16227766016838,3.16227766016838,0,0,0,0,0,0,0,0,0,0,0,0,0,0,0,0,0,0,0,5,0,0,0,0.5,1.83062830743983,NA,NA,6.73566041075133,0,0,0,0.5,10,8.22966507177034,NA,8.57142857142857,2.83333333333333,10,2,3,0.33512,NA,5.29306413637899,NA,0,0,0,0,1,243.784817954749,NA,NA,NA,NA,NA,0,0.5
"101","Congo","COG",1.92607602205652,5.9090909090909,0,9.64,NA,7.55785123966941,8.85714285714286,2.41666666666667,10,4,4,8.76758869237037,5.41172292274152,0,0,0,0,0,10,1,1,10,0,0,10,0,10,3,3,10,0,5,10,0,10,3,3.5,9.63327566303384,NA,7.37581891950196,8.7831006565368,0,10,4,4,9.28,10,9.20661157024793,7.71428571428572,4.83333333333333,10,2,3.5,10,NA,10,5.9090909090909,0,10,3,3,7.68706114785807,127.708850272104,NA,141.42135623731,NA,NA,NA,0,0.4
"102","France","FRA",2.32245045247912,2.04545454545454,0,6.25,NA,1.94834710743801,5.28571428571429,2,0,0,1,1.1959071384804,9.79333630281489,0,0,0,0,0,0,0,0,0,0,0,0,0,0,0,0,0,0,0,0,0,0,0,0,5,NA,1.94592564003457,2.39045721866879,0,0,0,0.5,2.5,0,1.85123966942149,0.571428571428571,4,0,0,0,10,NA,10,2.04545454545454,0,0,2,2,1.43019388386839,110.017535215579,NA,NA,NA,NA,NA,0,0.4
"103","Gabon","GAB",1.57855160503844,2.72727272727273,0,7.98940826245927,NA,5.26446280991735,8.07142857142857,1.25,0,2,2.5,1.28508585226418,7.73228072752054,0,0,0,0,0,0,0,0,0,0,0,0,0,0,0,0,5,0,0,5,0,0,0,1,7.73228072752053,NA,4.61272535075878,7.83763812819726,0,0,2,2,10,6.60287081339713,7.80165289256198,6.14285714285714,2.5,0,1,1.5,5.97881652491855,NA,10,2.72727272727273,0,0,1,1,1.65144564768954,132.092838941691,NA,NA,NA,NA,NA,0,0.4
"104","Gambia","GMB",0.832577720189722,4.54545454545455,0,7.62961538461539,NA,5.83471074380166,8.28571428571428,1.75,10,3,3.5,8.21096743668639,2.27239630019113,0,0,0,0,0,10,1,1,0,0,0,10,0,10,2,2,5,0,0,10,0,10,2,2.5,7.45556065064088,NA,5.69048925127339,8.18535277187245,0,10,3,3.5,9.25,7.51196172248804,7.12396694214876,9.57142857142857,3.5,10,1,3,6.00923076923077,NA,7,4.54545454545455,0,10,1,1.5,6.74199862463243,81.4965902431727,NA,141.42135623731,NA,NA,NA,0,0.4
"105","Germany","DEU",2.12938914143194,0,0,5.29228,NA,0.53719008264463,2.17571428571429,1.25,0,0,0.5,1,6.62518654393433,0,0,0,0,0,0,0,0,0,0,0,0,0,0,0,0,0,0,0,0,0,0,0,0,2.79779341624788,NA,0,1.46969384566991,0,0,0,0,0.799999999999999,0,1.07438016528926,0.571428571428571,2.5,0,0,0,9.78456,NA,3.78,0,0,0,0,0.5,1,101.045154889632,NA,NA,NA,NA,NA,0,0.4
"106","Kiribati","KIR",2.15443469003188,NA,0,10,NA,NA,NA,7.33333333333333,5,2,2.5,3.16227766016838,10,10,0,0,0,0,0,1,1,10,0,0,0,0,0,1,1,10,0,0,0,0,0,1,1,10,NA,NA,NA,6.83130051063973,0,1,1.5,10,5.76555023923445,NA,9.71428571428571,4.66666666666667,10,2,2.5,10,NA,NA,NA,10,0,2,2,1,NA,NA,NA,141.42135623731,NA,NA,0,0.7
"107","Korea DPR","PRK",1,4.0909090909091,0,3.375,NA,7.04545454545455,NA,3.5,0,1,1,1.42218127796344,10,0,0,0,0,0,0,0,0,0,0,0,0,0,0,0,0,0,0,0,0,0,0,0,0,0,NA,6.39602149066832,NA,0,0,0,0.5,6.75,8.63636363636364,10,9,7,0,1,2.5,0,NA,NA,4.0909090909091,0,0,0,0,2.02259958738973,NA,NA,NA,NA,NA,NA,0,0.6
"108","Kuwait","KWT",1.97122320228442,1.81818181818182,0,7.39,NA,3.02479338842975,1.28571428571428,0.5,0,1,1,1.16120615091657,9.01608582252763,0,0,0,0,0,0,0,0,0,0,0,0,0,0,0,0,0,0,0,0,0,0,0,0,6.91375440697744,NA,2.77370935053263,0,0,0,0,0.5,4.78,0.645933014354066,4.23140495867769,2.57142857142857,1,0,0,0,10,NA,0,1.81818181818182,0,0,1,1,1.34839972492648,121.685797497438,NA,NA,NA,NA,NA,0,0.4
"109","Luxembourg","LUX",2.23617772908626,6.13636363636363,0,7.62,NA,3.20867768595041,3.07857142857143,0,0,1,1,1.57390230685844,8.68461913015344,0,0,0,0,0,0,0,0,0,0,0,0,0,0,0,0,5,0,0,0,0,0,0,0.5,7.23878442834154,NA,1.313113653904,2.13139793160666,0,0,1,1,5.24,0,0.28099173553719,0.857142857142856,0,0,0,0,10,NA,5.3,6.13636363636363,0,0,1,1,2.47716847153431,108.837835057384,NA,NA,NA,NA,NA,0,0.5
"110","Madagascar","MDG",1.34356376234604,4.77272727272727,0,8.55,10,6.39462809917355,8.90352536950792,9.25,0,4,4.5,1.47805860633578,2.35946613745546,0,10,0,0,0,0,1,1,10,10,0,10,10,0,4,4,10,10,0,10,10,0,4,4,8.42614977317636,10,6.18552392574087,8.89084825871301,9.21954445729289,0,4,4.5,10,10,8.01652892561983,8.42857142857143,8.5,0,2,3.5,7.1,10,9.37847931044442,4.77272727272727,10,0,2,3,2.18465724376326,180.952071230889,NA,NA,141.42135623731,NA,NA,0,0.2
"111","Malta","MLT",1.58459717772514,5.90909090909091,0,8.27,NA,3.92148760330578,1.85714285714286,1.25,0,1,1,1.55912224473323,10,0,0,0,0,0,0,0,0,0,0,0,0,0,0,0,0,5,0,0,0,0,0,0,0.5,8.08702664766229,NA,3.38045827096164,1.4638501094228,0,0,1,1,6.54,0,1.93388429752066,0.714285714285714,2.5,0,0,0,10,NA,3,5.90909090909091,0,0,1,1,2.43086217402199,150.620040266448,NA,NA,NA,NA,NA,0,0.4
"112","Mexico","MEX",2.19214976548889,5,0,7.125,NA,5.13636363636363,5.78571428571428,9.75,0,2,3,1.49534878122122,8.25693363926282,0,0,0,0,0,0,0,0,0,0,0,0,10,0,1,1,0,0,0,0,10,0,1,1,6.51920240520265,NA,5.1345531805247,5.65685424949238,9.74679434480896,0,1,2.5,4.25,3.22966507177033,5.27272727272727,4.57142857142857,9.5,0,0,0.5,10,NA,7,5,10,0,2,2.5,2.23606797749979,129.332948186732,NA,NA,90.5576724608274,NA,54.8034083046221,0,0.3
"113","Micronesia","FSM",1,NA,1,0,NA,NA,NA,7.66666666666667,NA,1,1,10,10,0,0,0,0,0,0,0,0,0,0,0,0,0,0,0,0,0,0,0,0,5,0,0,0.5,0,NA,NA,NA,7.30296743340221,NA,1,1,NA,NA,NA,8,5.33333333333333,10,1,1.5,0,NA,NA,NA,10,NA,1,1,NA,NA,NA,NA,141.42135623731,NA,NA,0.3,0.8
"114","Moldova Republic of","MDA",2.64697533246031,0,0,8,NA,3.76859504132231,6.44285714285714,2.58333333333333,0,1,1.5,1,10,0,0,0,0,0,0,0,0,0,0,0,0,0,0,0,0,5,0,0,0,0,0,0,0.5,7.74596669241483,NA,0,5.6163028001397,0,0,1,1.5,6,4.5933014354067,7.53719008264463,3.28571428571428,5.16666666666667,0,0,0.5,10,NA,9.6,0,0,0,1,1.5,1,111.975685176727,NA,NA,NA,NA,104.832707316491,0,0.4
"115","Mongolia","MNG",2.23515010420112,1.59090909090908,0,7.125,NA,3.73760330578512,6.25496962893527,1.58333333333334,0,1,1.5,1.12308167457838,3.27317217767121,0,0,0,0,0,0,0,0,0,0,0,0,0,0,0,0,0,0,0,5,0,0,0,0.5,6.51920240520265,NA,3.05963762874521,6.12778069853619,0,0,0,1,4.25,7.20095693779904,5.88429752066116,5,3.16666666666667,0,0,0.5,10,NA,7.50993925787054,1.59090909090908,0,0,1,1.5,1.26131244777378,95.8454005070747,NA,NA,NA,NA,101.236411278864,0,0.4
"116","Morocco","MAR",1.16510318376608,1.36363636363637,0,5.46687161359914,NA,3.90495867768596,8.14285714285715,3.08333333333333,2.5,1,1.5,1.61590991064956,7.19982168334624,0,0,0,0,0,0,0,0,0,0,0,0,0,0,0,0,0,0,0,5,0,0,0,0.5,5.45953510441961,NA,2.96485803547969,7.92824967172092,0,0,1,1.5,5.75,3.49282296650718,6.44628099173554,6.28571428571429,6.16666666666667,0,0,0,5.18374322719827,NA,10,1.36363636363637,0,5,1,1,2.61116483933547,122.99383669205,NA,173.205080756888,NA,NA,106.157582614699,0,0.4
"117","Nauru","NRU",1,NA,0,4.92,NA,NA,NA,6.5,0,0,0.5,1,10,0,0,0,0,0,0,0,0,0,0,0,0,0,0,0,0,0,0,0,0,0,0,0,0,0,NA,NA,NA,5.47722557505166,0,0,0.5,9.84,NA,NA,5.42857142857143,3,0,0,0.5,0,NA,NA,NA,10,0,1,1,1,NA,NA,NA,141.42135623731,NA,NA,0.2,0.8
"118","Panama","PAN",1.58488569005687,0,0,5.18927360888998,NA,2.02479338842975,6.71428571428572,9.33333333333334,2.5,1,2,1.49534878122122,7.15440229353925,0,0,0,0,0,0,0,0,0,0,0,0,10,0,1,1,0,0,0,0,10,0,1,1,5.18879160937521,NA,0,5.8554004376912,9.30949336251263,0,1,2,5.26,5.09569377990431,4.0495867768595,3.42857142857143,8.66666666666667,0,0,0.5,5.11854721777996,NA,10,0,10,5,2,2,2.23606797749979,125.219544815847,NA,173.205080756888,141.42135623731,NA,106.131270663587,0,0.4
"119","Rwanda","RWA",0.856718520629375,5,0,5.73581478268732,NA,5.86363636363637,4.49056813807768,2.08333333333333,0,0,1,1.49534878122122,6.30208661109527,0,0,0,0,0,0,0,0,0,0,0,0,0,0,0,0,0,0,0,0,0,0,0,0,5.45776710205829,NA,5.79968651190421,1.04796346574647,0,0,0,1,7.5,9.06698564593302,6.72727272727273,8.85714285714286,4.16666666666667,0,0,1.5,3.97162956537463,NA,0.123993419012507,5,0,0,0,0,2.23606797749979,174.251503960811,NA,NA,NA,NA,NA,0,0.4
"120","Samoa","WSM",1,NA,0,4.36,NA,NA,NA,2.08333333333333,0,0,0,1,10,0,0,0,0,0,0,0,0,0,0,0,0,0,0,0,0,0,0,0,0,0,0,0,0,0,NA,NA,NA,0,0,0,0,8.72,3.20574162679426,NA,7.14285714285714,4.16666666666667,0,0,1,0,NA,NA,NA,0,0,0,0,1,NA,NA,NA,NA,NA,NA,0,0.7
"121","Sao Tome and Principe","STP",0.0755127042514748,0,0,5.20858,NA,3.72727272727273,9.42857142857143,0.25,0,1,1.5,1,10,0,0,0,0,0,0,0,0,0,0,0,10,0,0,1,1,0,0,0,10,0,0,1,1,2.04244950977986,NA,0,9.4112394811432,0,0,1,1,10,8.20574162679426,7.45454545454546,8.85714285714286,0.5,0,1,2.5,0.417159999999999,NA,10,0,0,0,1,1,1,222.716630684652,NA,NA,NA,NA,NA,0,0.5
"122","Saudi Arabia","SAU",2.22078523649829,0,0,7.07,NA,2.48760330578512,4.42857142857143,5.25,0,1,1.5,1,6.35809430052217,0,0,0,0,0,0,0,0,0,0,0,0,0,0,0,0,0,0,0,0,0,0,0,0,6.43428317685817,NA,0,3.60555127546399,4.94974746830583,0,0,0.5,4.14,2.39234449760766,4.97520661157025,1.85714285714286,3.5,0,0,0,10,NA,7,0,7,0,1,2,1,94.5394775497047,NA,NA,NA,NA,NA,0,0.4
"123","Senegal","SEN",0.971616623224281,3.40909090909092,0,7.45653846153846,NA,4.85330578512397,9.57142857142857,2.91666666666667,0,2,2,1.35881285123817,6.57003218622513,0,0,0,0,0,0,0,0,10,0,0,10,0,0,2,2,10,0,0,10,0,0,2,2,7.45076144792236,NA,4.6334458490159,9.56182887467515,0,0,2,2,7.75,7.39234449760766,6.29752066115702,9.14285714285714,5.83333333333333,0,0,1.5,7.16307692307692,NA,10,3.40909090909092,0,0,1,1.5,1.84637236468999,224.3434591678,NA,NA,NA,NA,NA,0,0.4
"124","Sierra Leone","SLE",0.126260841668621,2.04545454545455,0,7.58,9.82057416267942,5.1301652892562,9.92857142857143,2.41666666666667,0,3,3.5,1.1959071384804,4.13392434926631,0,0,0,0,0,0,0,0,0,10,0,10,0,0,2,2,5,10,0,10,0,0,2,2.5,7.18331399842719,9.8189349347874,4.09916522259884,9.92831448793946,0,0,3,3,10,9.64114832535885,8.21487603305785,9.85714285714286,4.83333333333333,0,1,2.5,5.16,10,10,2.04545454545455,0,0,2,2,1.43019388386839,241.927096479972,NA,NA,NA,NA,NA,0,0.3
"125","Tanzania","TZA",0.268865591731938,1.81818181818182,0,9.5,NA,4.93388429752066,7.71428571428572,5.91666666666667,0,2,2.5,1.16120615091657,7.83848561323448,0,0,0,0,0,0,0,0,10,0,0,10,0,0,2,2,10,0,0,10,0,0,2,2,9.48683298050514,NA,3.82565188191016,7.68114574786861,5.84522597225006,0,2,2.5,9,9.71291866028708,8.0495867768595,8.42857142857143,6.83333333333333,0,0,2,10,NA,7,1.81818181818182,5,0,1,1.5,1.34839972492648,244.885203325751,NA,NA,NA,NA,NA,0,0.4
"126","Togo","TGO",1.16107317033598,4.77272727272727,0,9.875,NA,6.30371900826446,6.72048499109643,1.66666666666666,0,1,2,1.47805860633578,7.9315616987926,0,0,0,0,0,0,0,0,10,0,0,0,0,0,1,1,10,0,0,0,0,0,1,1,9.87420882906575,NA,6.11497650370559,6.37178245697499,0,0,1,2,9.75,8.68421052631579,7.83471074380165,8.85714285714286,3.33333333333333,0,0,2,10,NA,4.58382712504999,4.77272727272727,0,0,1,1,2.18465724376326,154.451390808373,NA,NA,NA,NA,NA,0,0.4
"127","Turkey","TUR",3.10889322065975,5.68181818181818,0,7.375,NA,6.45247933884298,4.85714285714285,4.33333333333333,0,1,1.5,1.54390947698172,6.66539420857557,0,0,0,0,0,0,0,0,0,0,0,0,0,0,0,0,0,0,5,0,0,0,0,0.5,6.89202437604511,NA,6.40629151688,4.35889894354067,0,0,0,1,4.75,0.454545454545453,7.22314049586777,2.71428571428571,8.66666666666667,0,0,1,10,NA,7,5.68181818181818,0,0,1,1.5,2.38365647311398,64.7145960972548,NA,NA,NA,NA,NA,0,0.4
"128","Turkmenistan","TKM",1.81478795792793,0,0,6.80846153846154,NA,5,4.57142857142857,5.75,0,0,1.5,1,10,0,0,0,0,0,0,0,0,0,0,0,0,0,0,0,0,5,0,0,0,0,0,0,0.5,6.75749156919136,NA,0,3.87298334620741,5.61248608016091,0,0,1,7.64,3.27751196172249,10,2.14285714285714,4.5,0,1,1.5,5.97692307692308,NA,7,0,7,0,0,1,1,NA,NA,NA,141.42135623731,NA,NA,0,0.6
"129","Tuvalu","TUV",1,NA,0,4.84,NA,NA,NA,6.66666666666667,5,0,1,3.16227766016838,10,0,0,0,0,0,0,0,0,0,0,0,0,0,0,0,0,0,0,0,0,0,0,0,0,0,NA,NA,NA,5.77350269189625,0,0,0.5,9.68,NA,NA,8,3.33333333333333,10,1,2,0,NA,NA,NA,10,0,1,1,1,NA,NA,NA,141.42135623731,NA,NA,0.2,0.8
"130","Uzbekistan","UZB",1.28682086245041,4.0909090909091,0,6.09384615384615,NA,6.89669421487604,6.85588264465332,7,0,1,2.5,1.42218127796344,6.08211454885528,0,0,0,0,0,0,0,0,0,0,0,0,10,0,1,1,5,0,0,0,10,0,1,1.5,6.00337597331061,NA,6.30015562757226,6.51280964139891,7,0,1,2.5,7.14,3.25358851674641,9.70247933884298,4.71428571428571,7,0,0,1.5,5.04769230769231,NA,8.99747957502093,4.0909090909091,7,0,0,1,2.02259958738973,160.606863674038,NA,NA,141.42135623731,NA,NA,0,0.4
"131","Vanuatu","VUT",1.45741811191223,NA,0,9.18153846153846,NA,NA,7.35714285714286,8.83333333333334,0,3,3,1,3.16227766016838,0,0,0,0,0,0,0,0,10,0,0,10,10,0,3,3,10,0,0,10,10,0,3,3,9.17275396948023,NA,NA,7.34846922834954,8.75595035770913,0,3,3,8.78,8.22966507177034,NA,7.71428571428572,7.66666666666667,0,0,2,9.58307692307692,NA,7,NA,10,0,1,2,1,NA,NA,NA,141.42135623731,NA,NA,0,0.6
"132","Australia","AUS",0.0692053068237819,6.13636363636363,0,2.465,NA,3.2995867768595,4.20714285714286,3.16666666666667,0,0,0,1.57390230685844,3.16227766016838,0,0,0,0,0,0,0,0,0,0,0,0,0,0,0,0,0,0,0,0,0,0,0,0,1.0816653826392,NA,1.68522103814543,2.34520787991171,0,0,0,0,0.25,0.885167464114833,0.462809917355372,0.714285714285714,6.33333333333333,0,0,0,4.68,NA,7.7,6.13636363636363,0,0,0,0.5,2.47716847153431,154.352502871743,NA,NA,NA,NA,NA,0,0.4
"133","Austria","AUT",2.26658062406547,4.77272727272728,0,6.25,NA,2.9400826446281,2.38095238095238,1.25,0,0,0.5,1.47805860633578,8.49567166675094,0,0,0,0,0,0,0,0,0,0,0,0,0,0,0,0,0,0,0,0,0,0,0,0,5,NA,2.29902144930025,1.36277028773849,0,0,0,0.5,2.5,0,1.10743801652893,0.428571428571429,2.5,0,0,0,10,NA,4.33333333333333,4.77272727272728,0,0,1,1,2.18465724376326,101.616642242524,NA,NA,NA,NA,NA,0,0.4
"134","Belgium","BEL",2.34253082031645,5,0,6,NA,3.59090909090909,5.21428571428571,0.666666666666665,0,0,1,1.49534878122122,8.2282027200676,0,0,0,0,0,0,0,0,0,0,0,0,0,0,0,0,0,0,0,0,0,0,0,0,4.47213595499958,NA,3.30289129537908,2.07019667802706,0,0,0,0,2,0,2.18181818181818,0.428571428571429,1.33333333333333,0,0,0,10,NA,10,5,0,0,2,2,2.23606797749979,94.6775167528402,NA,NA,NA,NA,NA,0,0.4
"135","Chile","CHL",1.79810053409415,5,0,6.25,NA,3.40909090909091,6.07142857142857,4.33333333333333,0,0,1,1.49534878122122,8.48478689564745,0,0,0,0,0,0,0,0,0,0,0,0,0,0,0,0,0,0,0,0,0,0,0,0,5,NA,3.01511344577764,4.62910049886275,0,0,0,0.5,2.5,3.42105263157895,1.81818181818182,2.14285714285714,8.66666666666667,0,0,0.5,10,NA,10,5,0,0,2,2,2.23606797749979,105.372889371292,NA,NA,NA,NA,76.4749222389824,0,0.4
"136","Cuba","CUB",1.86236457289398,8.63636363636363,0,6.19986524576611,NA,8.36776859504132,5.07142857142857,8.83333333333334,0,2,3,1.7142838353745,7.37545286171108,0,0,0,0,0,0,0,0,0,0,10,0,10,0,2,2,0,0,10,0,10,0,2,2,6.15309062350492,NA,8.36345669947163,4.69041575982343,8.75595035770913,0,2,2.5,6.96,4.33014354066986,8.09917355371901,3.14285714285714,7.66666666666667,0,0,1,5.43973049153221,NA,7,8.63636363636363,10,0,1,2,2.93876906822629,83.064569161739,NA,NA,141.42135623731,NA,NA,0,0.4
"137","Czech Republic","CZE",2.36954464194003,0,0,6.8,NA,1.47107438016529,2.04595238095238,0.583333333333335,0,0,0.5,1,10,0,0,0,0,0,0,0,0,0,0,0,0,0,0,0,0,0,0,0,0,0,0,0,0,6,NA,0,1.25299640861417,0,0,0,0.5,3.6,0,2.94214876033058,0.428571428571429,1.16666666666667,0,0,0,10,NA,3.66333333333333,0,0,0,1,1,1,109.544511501033,NA,NA,NA,NA,NA,0,0.4
"138","Dominican Republic","DOM",1.36944906329649,5,0,5.64829171671587,NA,5.40909090909091,7.42857142857143,4.75,0,1,2,1.49534878122122,7.04030072754832,0,0,0,0,0,0,0,0,0,0,0,0,0,0,0,0,0,0,0,0,0,0,0,0,5.60577728490503,NA,5.39359889970594,6.9693205243717,0,0,0,1.5,6.34,4.5933014354067,5.81818181818182,4.85714285714286,9.5,0,0,0.5,4.95658343343174,NA,10,5,0,0,1,1,2.23606797749979,116.253178437931,NA,NA,NA,NA,105.693761268919,0,0.4
"139","Estonia","EST",2.6041960011541,2.27272727272728,0,6.3,NA,2.05371900826446,5.35714285714286,0,0,0,1,1.22782601490961,10,0,0,0,0,0,0,0,0,0,0,0,0,0,0,0,0,0,0,0,0,0,0,0,0,5.09901951359278,NA,2.04200811580262,2.67261241912424,0,0,0,0.5,2.6,2.2488038277512,1.83471074380165,0.714285714285714,0,0,0,0,10,NA,10,2.27272727272728,0,0,2,2,1.50755672288882,109.544511501033,NA,NA,NA,NA,NA,0,0.4
"140","Iceland","ISL",0.155406914885002,2.27272727272728,0,3.36384615384616,NA,2.05371900826446,5.14285714285714,1,0,0,0.5,1.22782601490961,3.16227766016838,0,0,0,0,0,0,0,0,0,0,0,0,0,0,0,0,0,0,0,0,0,0,0,0,3.06947251795183,NA,2.04200811580262,1.69030850945703,0,0,0,0,4.74,0.55023923444976,1.83471074380165,0.285714285714286,2,0,0,0,1.98769230769231,NA,10,2.27272727272728,0,0,1,1,1.50755672288882,243.935359816397,NA,NA,NA,NA,NA,0,0.4
"141","India","IND",2.9054292858929,0,0,8.06419606988648,NA,3,7.88571428571428,5,0,2,2.5,1,6.64509367295984,0,0,0,0,0,0,0,0,0,0,0,0,0,0,0,0,5,0,0,5,0,0,0,1,7.9110396856876,NA,0,7.77541914350235,0,0,2,2,6.5,7.17703349282297,6,6.57142857142857,10,0,1,1.5,9.62839213977296,NA,9.2,0,0,0,0,1,1,79.8468113473452,NA,NA,NA,NA,NA,0,0.3
"142","Ireland","IRL",1.67530665453859,3.40909090909091,0,3.651,NA,2.4896694214876,2.91071428571429,1,0,0,0,1.35881285123816,6.45603263555604,0,0,0,0,0,0,0,0,0,0,0,0,0,0,0,0,0,0,0,0,0,0,0,0,3.46482322781408,NA,2.31368060812718,1.73205080756888,0,0,0,0,2.5,0,1.5702479338843,0.571428571428571,2,0,0,0,4.802,NA,5.25,3.40909090909091,0,0,0,0,1.84637236468999,112.831961288553,NA,NA,NA,NA,NA,0,0.5
"143","Israel","ISR",1.49210679143554,0,0,7.27,NA,1.56198347107438,4.14833333333334,3,0,1,1,1,10,0,0,0,0,0,0,0,0,0,0,0,0,0,0,0,0,0,0,0,0,0,0,0,0,6.73795221116921,NA,0,2.70123428577876,0,0,0,0.5,4.54,0,3.12396694214876,1,6,0,0,0,10,NA,7.29666666666667,0,0,0,1,1.5,1,195.221504047549,NA,NA,NA,NA,NA,0,0.4
"144","Italy","ITA",1.99448524161683,0,0,6.5,NA,1.8595041322314,4.42857142857143,3.41666666666667,0,0,0.5,1,9.72782531100641,0,0,0,0,0,0,0,0,0,0,0,0,0,0,0,0,0,0,0,0,0,0,0,0,5.47722557505166,NA,0,2.61861468283191,0,0,0,0.5,3,0,3.71900826446281,0.857142857142856,6.83333333333333,0,0,0,10,NA,8.00000000000001,0,0,0,1,1.5,1,109.617251734807,NA,NA,NA,NA,NA,0,0.3
"145","Japan","JPN",1.63317851267415,0,0,3.49599777444205,NA,0.59504132231405,1.86404761904762,8.5,0,1,1,1,7.03704167167148,0,0,0,0,0,0,0,0,0,0,0,0,10,0,1,1,0,0,0,0,10,0,1,1,3.17837551584509,NA,0,1.3430597618161,8.36660026534076,0,1,1,2.04,2.17703349282297,1.1900826446281,0.571428571428571,10,0,1,1,4.9519955488841,NA,3.15666666666667,0,7,0,0,0.5,1,124.255157855204,NA,NA,173.205080756888,NA,NA,0,0.3
"146","Jordan","JOR",2.70714170481796,2.95454545454545,0,7.875,NA,4.09710743801652,7.57142857142857,2.58333333333333,0,2,2,1.3110603065385,10,0,0,0,0,0,0,0,0,0,0,0,0,0,0,0,0,5,0,0,5,0,0,0,1,7.58287544405155,NA,3.93457004926548,7.17137165600636,0,0,2,2,5.75,2.53588516746411,5.2396694214876,5.14285714285714,5.16666666666667,0,0,0,10,NA,10,2.95454545454545,0,0,2,2,1.71887912738082,109.544511501033,NA,NA,NA,NA,NA,0,0.4
"147","Latvia","LVA",2.3835895070525,0,0,6.75,NA,1.60330578512396,5.26738095238095,0.916666666666665,0,0,1,1,10,0,0,0,0,0,0,0,0,0,0,0,0,0,0,0,0,0,0,0,0,0,0,0,0,5.91607978309962,NA,0,3.75303052149034,0,0,0,0.5,3.5,0.933014354066986,3.20661157024793,1.57142857142857,1.83333333333333,0,0,0,10,NA,8.96333333333333,0,0,0,1,1.5,1,107.266122889932,NA,NA,NA,NA,NA,0,0.4
"148","Liberia","LBR",0.218979646088087,5.22727272727273,0,7.75615384615385,9.86842105263158,7.24173553719008,9.62100320125534,2.5,5,4,4.5,4.78155097316937,4.6455755940105,0,0,0,0,0,0,0,0,0,10,0,10,0,0,2,2,5,10,5,10,0,0,2,3,7.42449169459276,9.8675438206593,6.955909227273,9.61353545919017,0,0,3,3.5,10,9.73684210526316,9.25619834710744,10,5,10,3,4,5.51230769230769,10,9.24200640251068,5.22727272727273,0,0,1,1.5,2.28632297090169,244.767502932741,NA,NA,NA,NA,NA,0,0.3
"149","Lithuania","LTU",2.40232561178681,0.909090909090908,0,6.5,NA,1.69421487603306,3.88619047619048,0.583333333333335,0,0,0.5,0.97645408967631,10,0,0,0,0,0,0,0,0,0,0,0,0,0,0,0,0,0,0,0,0,0,0,0,0,5.47722557505166,NA,1.50131422517231,2.88790581563874,0,0,0,0.5,3,2.27272727272727,2.47933884297521,1.28571428571429,1.16666666666667,0,0,0,10,NA,6.48666666666667,0.909090909090908,0,0,1,1,0.953462589245592,92.3898662182169,NA,NA,NA,NA,NA,0,0.4
"150","Netherlands","NLD",1.35131776847058,5,0,5.625,NA,2.95454545454546,3.65952380952381,0.833333333333335,0,0,0.5,1.49534878122122,9.32717180204945,0,0,0,0,0,0,0,0,0,0,0,0,0,0,0,0,0,0,0,0,0,0,0,0,3.53553390593274,NA,2.13200716355611,1.4175767384956,0,0,0,0,1.25,0,0.90909090909091,0.285714285714286,1.66666666666667,0,0,0,10,NA,7.03333333333333,5,0,0,1,1.5,2.23606797749979,126.083463621625,NA,NA,NA,NA,NA,0,0.4
"151","New Zealand","NZL",0.13373426682055,0.909090909090908,0,4.83692307692307,NA,0.603305785123967,5.04071428571429,2.91666666666667,0,0,0.5,0.97645408967631,3.16227766016838,0,0,0,0,0,0,0,0,0,0,0,0,0,0,0,0,0,0,0,0,0,0,0,0,4.55151707591081,NA,0.520070503224869,2.33115544618666,0,0,0,0,3.2,1.84210526315789,0.297520661157026,0.571428571428571,5.83333333333333,0,0,0,6.47384615384615,NA,9.51,0.909090909090908,0,0,0,0.5,0.953462589245592,234.386151979905,NA,NA,NA,NA,NA,0,0.4
"152","North Macedonia","MKD",2.30946648377783,0,0,8.09,NA,2.56198347107438,6.63952380952381,2.33333333333333,0,1,1.5,1,10,0,0,0,0,0,0,0,0,0,0,0,0,0,0,0,0,5,0,0,0,0,0,0,0.5,7.86129760281342,NA,0,5.73020401864,0,0,1,1.5,6.18,3.61244019138756,5.12396694214876,3.28571428571428,4.66666666666667,0,0,0,10,NA,9.99333333333334,0,0,0,1,1.5,1,121.692092269662,NA,NA,NA,NA,NA,0,0.4
"153","Philippines","PHL",2.31538411020666,0,0,8.375,NA,3.24793388429752,7.71428571428572,10,1.89157708174108,3,3,1.39464447214929,6.55652250274567,0,0,0,0,10,0,1,1,0,0,0,0,10,0,1,1,5,0,0,5,10,0,1,2,8.21583836257749,NA,0,7.36788397613007,10,0,3,3,6.75,7.20095693779904,6.49586776859504,5.42857142857143,10,0,1,1.5,10,NA,10,0,10,3.78315416348216,3,3,1.94503320369657,90.2313664561728,NA,173.205080756888,173.205080756888,NA,63.6943436819177,0,0.3
"154","Portugal","PRT",1.25777113111857,6.36363636363637,0,2.73778590714474,NA,4.49586776859504,3.34142857142857,2,0,0,0,1.58827733584143,5.89539804787555,0,0,0,0,0,0,0,0,0,0,0,0,0,0,0,0,0,0,0,0,0,0,0,0,2.63650215789386,NA,4.08953144847538,2.51623301214903,0,0,0,0,2,0,2.62809917355372,1.14285714285714,4,0,0,0,3.47557181428948,NA,5.54,6.36363636363637,0,0,0,0,2.52262489554757,110.270205957033,NA,NA,NA,NA,NA,0,0.4
"155","Qatar","QAT",3.03807990445624,0,0,7.88,NA,1.70247933884298,5.85714285714286,0.416666666666667,0,1,1.5,1,8.58346705397085,0,0,0,0,0,0,0,0,0,0,0,0,0,0,0,0,5,0,0,0,0,0,0,0.5,7.58946638440411,NA,0,4.14039335605413,0,0,1,1,5.76,0,3.40495867768595,1.71428571428572,0.833333333333334,0,0,0,10,NA,10,0,0,0,2,2,1,70.9065295258097,NA,NA,NA,NA,NA,0,0.4
"156","Saint Kitts and Nevis","KNA",1,NA,0,4.38,NA,NA,NA,1.5,0,0,0,1,10,0,0,0,0,0,0,0,0,0,0,0,0,0,0,0,0,0,0,0,0,0,0,0,0,0,NA,NA,NA,0,0,0,0,8.76,4.01913875598086,NA,2.57142857142857,3,0,0,0.5,0,NA,NA,NA,0,0,0,0,1,NA,NA,NA,NA,NA,NA,0,0.6
"157","Saint Vincent and the Grenadines","VCT",1.09106745444259,NA,0,4.8331,NA,NA,NA,6.33333333333333,0,0,0.5,1,10,0,0,0,0,0,0,0,0,0,0,0,0,0,0,0,0,0,0,0,0,0,0,0,0,4.09510439427373,NA,NA,NA,5.16397779494323,0,0,0.5,7.4,4.47368421052632,NA,4.71428571428571,2.66666666666667,0,0,0.5,2.2662,NA,NA,NA,10,0,1,1,1,163.507103488984,NA,NA,86.6025403784439,NA,NA,0,0.5
"158","Singapore","SGP",0.139524620382311,2.04545454545455,0,2.16384615384615,NA,1.02272727272727,1.64285714285714,0,0,0,0,1.1959071384804,3.16227766016838,0,0,0,0,0,0,0,0,0,0,0,0,0,0,0,0,0,0,0,0,0,0,0,0,2.16170872584273,NA,0,0.925820099772552,0,0,0,0,2.26,0,0,0.285714285714286,0,0,0,0,2.06769230769231,NA,3,2.04545454545455,0,0,0,0,1.43019388386839,242.465580663212,NA,NA,NA,NA,NA,0,0.4
"159","Slovenia","SVN",1.96008069290061,0,0,5.875,NA,1.08264462809918,5.14285714285714,2,0,0,1,1,10,0,0,0,0,0,0,0,0,0,0,0,0,0,0,0,0,0,0,0,0,0,0,0,0,4.18330013267038,NA,0,1.69030850945703,0,0,0,0,1.75,0.21531100478469,2.16528925619835,0.285714285714286,4,0,0,0,10,NA,10,0,0,0,2,2,1,114.103010813653,NA,NA,NA,NA,NA,0,0.4
"160","Sweden","SWE",2.72445505625542,4.31818181818182,0,5.25,NA,2.36570247933884,3.38428571428571,0.083333333333333,0,0,0.5,1.4415351318938,9.47208138903647,0,0,0,0,0,0,0,0,0,0,0,0,0,0,0,0,0,0,0,0,0,0,0,0,2.23606797749979,NA,1.33580412192104,1.64837582399854,0,0,0,0,0.5,1.55502392344497,0.413223140495868,0.428571428571429,0.166666666666666,0,0,0,10,NA,6.34,4.31818181818182,0,0,1,1,2.07802353648408,95.1717715170199,NA,NA,NA,NA,NA,0,0.4
"161","Switzerland","CHE",1.62964415849806,0.22727272727273,0,5.3,NA,0.113636363636365,1.90928571428571,1.08333333333334,0,0,0.5,0.690457308327458,6.42834198900155,0,0,0,0,0,0,0,0,0,0,0,0,0,0,0,0,0,0,0,0,0,0,0,0,2.44948974278318,NA,0,1.20534523803645,0,0,0,0,0.600000000000001,0,0,0.428571428571429,2.16666666666667,0,0,0,10,NA,3.39,0.22727272727273,0,0,1,1,0.476731294622799,135.786818463414,NA,NA,NA,NA,NA,0,0.4
"162","Thailand","THA",0.992045551127948,2.27272727272727,0,7.25,NA,3.599173553719,1.5,9.33333333333334,0,2,2,1.22782601490961,6.27341686909923,0,0,0,0,0,0,0,0,0,0,0,0,10,0,1,1,0,0,0,0,10,0,1,1,6.70820393249937,NA,3.34583181487556,0,9.30949336251263,0,1,1.5,4.5,3.56459330143541,4.92561983471074,3,8.66666666666667,0,0,0.5,10,NA,0,2.27272727272727,10,0,2,2,1.50755672288882,165.866228335151,NA,NA,141.42135623731,NA,NA,0,0.4
"163","Tonga","TON",1.95044916236602,NA,0,8.2,NA,NA,7.21428571428572,8.5,0,3,3,1,10,0,0,0,0,0,0,0,0,10,0,0,10,10,0,3,3,10,0,0,10,10,0,3,3,8.16281814081387,NA,NA,7.21110255092798,8.36660026534076,0,3,3,8.98,4.52153110047847,NA,7.42857142857143,7,0,0,1.5,7.42,NA,7,NA,10,0,1,2,1,NA,NA,NA,141.42135623731,NA,NA,0,0.7
"164","United States of America","USA",2.79612952872168,0,0,5.625,NA,1.01652892561984,5.64285714285715,8.16666666666666,0,1,2,1,8.21709738131539,0,0,0,0,0,0,0,0,0,0,0,0,10,0,1,1,0,0,0,0,10,0,1,1,3.53553390593274,NA,0,3.58568582800319,8.08290376865476,0,1,1,1.25,0.191387559808613,2.03305785123967,1.28571428571429,9.33333333333333,0,0,0.5,10,NA,10,0,7,0,2,2.5,1,82.3516219973161,NA,NA,173.205080756888,NA,NA,0,0.3
"165","Uruguay","URY",3.49903140748021,0,0,7.87,NA,2.2892561983471,4.99992634377171,0.583333333333335,0,1,1,1,8.56997504368423,0,0,0,0,0,0,0,0,0,0,0,0,0,0,0,0,5,0,0,0,0,0,0,0.5,7.57627876995033,NA,0,4.3705448187688,0,0,1,1,5.74,3.13397129186603,4.57851239669421,2.57142857142857,1.16666666666667,0,0,0,10,NA,7.42842411611486,0,0,0,1,1.5,1,63.4302882105272,NA,NA,NA,NA,79.3376927315289,0,0.4
"166","Benin","BEN",0.61021737345836,0,0,6.64923076923077,NA,4.06611570247934,6.07142857142857,1.58333333333334,4.38772967368153,0,1,1.72114502029842,4.82783578559462,0,0,0,0,0,0,0,0,0,0,0,0,0,0,0,0,0,0,0,0,0,0,0,0,6.00711117055317,NA,0,5.23722936566382,0,0,0,1,9.5,8.61244019138756,8.13223140495868,9.14285714285714,3.16666666666667,0,0,2,3.79846153846154,NA,3,0,0,8.77545934736305,0,0.5,2.96234018089804,233.711183938897,NA,173.205080756888,NA,NA,NA,0,0.4
"167","Canada","CAN",2.53207568738739,2.72727272727272,0,4.62008,NA,1.53719008264462,5.28571428571429,2.83333333333333,0,0,0.5,1.28508585226417,6.36275538784528,0,0,0,0,0,0,0,0,0,0,0,0,0,0,0,0,0,0,0,0,0,0,0,0,0,NA,0.972962820017284,2.39045721866879,0,0,0,0,0,0.837320574162678,0.347107438016529,0.571428571428571,5.66666666666667,0,0,0,9.24016,NA,10,2.72727272727272,0,0,1,1.5,1.65144564768954,88.1535229949839,NA,NA,NA,NA,NA,0,0.5
"168","Costa Rica","CRI",3.78300843470759,4.77272727272727,0,7.10933916947808,NA,4.03099173553719,6.57142857142857,4.16666666666667,0,1,1.5,1.47805860633578,8.59206826637108,0,0,0,0,0,0,0,0,0,0,0,0,0,0,0,0,0,0,0,0,0,0,0,0,6.78296529019585,NA,3.96216137541601,5.60611910581388,0,0,0,1,4.98,3.39712918660287,3.28925619834711,3.14285714285714,8.33333333333333,0,0,0.5,9.23867833895615,NA,10,4.77272727272727,0,0,1,1.5,2.18465724376326,59.8106903598562,NA,NA,NA,NA,106.574033851394,0,0.4
"169","Cte d'Ivoire","CIV",0.934465865825824,5,0,7.66719034138663,NA,5.95454545454546,7.64285714285714,2.33333333333333,0,2,2.5,1.49534878122122,7.95888225994911,0,0,0,0,0,0,0,0,0,0,0,10,0,0,1,1,5,0,0,10,0,0,1,1.5,7.55045867116424,NA,5.87753813645259,7.61577310586391,0,0,2,2.5,9,7.29665071770335,6.90909090909091,8.28571428571428,4.66666666666667,0,0,1.5,6.33438068277326,NA,7,5,0,0,0,0.5,2.23606797749979,233.286017953341,NA,NA,NA,NA,NA,0,0.4
"170","Denmark","DNK",1.53291915766124,5.45454545454545,0,2.435,NA,2.80165289256198,2.07285714285714,0.25,0,0,0,1.52823323890189,5.97030382061198,0,0,0,0,0,0,0,0,0,0,0,0,0,0,0,0,0,0,0,0,0,0,0,0,1.07470926301023,NA,0.900788535103381,1.05017005425652,0,0,0,0,0.25,0,0.148760330578511,0.285714285714286,0.5,0,0,0,4.62,NA,3.86,5.45454545454545,0,0,0,0,2.33549683248457,118.427986011879,NA,NA,NA,NA,NA,0,0.4
"171","Eswatini","SWZ",1.82243151829773,1.36363636363637,0,9.125,NA,4.26859504132231,7.76592753749318,1.25,0,2,2,1.08062408646221,5.92220265175763,0,0,0,0,0,0,0,0,10,0,0,10,0,0,2,2,10,0,0,10,0,0,2,2,9.08295106229247,NA,3.12763787989252,7.76539183061976,0,0,2,2,8.25,7.91866028708134,7.17355371900826,7.85714285714286,2.5,0,0,2,10,NA,7.6747122178435,1.36363636363637,0,0,1,1.5,1.16774841624229,126.438582418728,NA,NA,NA,NA,NA,0,0.4
"172","Finland","FIN",1.27156804730106,6.36363636363637,0,2.48738616623817,NA,3.40495867768595,2.78452380952381,0,0,0,0,1.58827733584143,6.86641997876356,0,0,0,0,0,0,0,0,0,0,0,0,0,0,0,0,0,0,0,0,0,0,0,0,1.10717695353717,NA,1.68522103814543,1.22862679830932,0,0,0,0,0.26,0.885167464114833,0.446280991735538,0.285714285714286,0,0,0,0,4.71477233247634,NA,5.28333333333333,6.36363636363637,0,0,0,0,2.52262489554757,135.636328727136,NA,NA,NA,NA,NA,0,0.4
"173","Ghana","GHA",0.84363597368084,6.36363636363637,0,5.99,NA,6.22314049586777,8.78571428571428,2.25,0,1,2,1.58827733584143,7.01624371241204,0,0,0,0,0,0,0,0,0,0,0,10,0,0,1,1,0,0,0,10,0,0,1,1,5.92047295408061,NA,6.22155435100018,8.70139561876632,0,0,1,2,6.9,7.17703349282297,6.08264462809917,7.57142857142857,4.5,0,0,1,5.08,NA,10,6.36363636363637,0,0,1,1,2.52262489554757,233.106960796445,NA,NA,NA,NA,NA,0,0.4
"174","Guinea-Bissau","GNB",0.704211158924359,NA,0,5.06098,NA,NA,9.3441620152411,1.41666666666666,5,1,2,3.16227766016838,10,0,0,0,0,0,0,0,0,0,0,0,10,0,0,1,1,0,0,0,10,0,0,1,1,1.10435501538228,NA,NA,9.33007044040485,0,0,1,1,10,8.66028708133971,NA,9.85714285714286,2.83333333333333,10,2,3,0.12196,NA,8.83118117333934,NA,0,0,0,0.5,1,223.606797749979,NA,NA,NA,NA,NA,0,0.6
"175","Indonesia","IDN",1.25239740145037,0,0,5.33860572976948,NA,3.02479338842975,7.28571428571428,5,2.53411326731349,1,2,1.50042400793354,6.83901415376439,0,0,0,0,0,0,0,0,0,0,0,0,0,0,0,0,0,0,0,0,0,0,0,0,5.29747758440126,NA,0,6.76123403782813,0,0,0,1,6,5.23923444976077,6.0495867768595,4.57142857142857,10,0,1,1,4.67721145953896,NA,10,0,0,5.06822653462697,1,1,2.25127220358334,144.479056442267,NA,173.205080756888,NA,NA,107.876166756859,0,0.3
"176","Jamaica","JAM",1.71578238469742,0,0,6.60736849515035,NA,2.50413223140496,2.78571428571429,3.66666666666667,0,0,0.5,1,7.08148077050324,0,0,0,0,0,0,0,0,0,0,0,0,0,0,0,0,5,0,0,0,0,0,0,0.5,6.41255357252209,NA,0,0,0,0,0,0.5,8.2,4.21052631578947,5.00826446280992,5.57142857142857,7.33333333333333,0,0,1,5.01473699030071,NA,0,0,0,0,0,0,1,103.468998689981,NA,NA,NA,NA,NA,0,0.4
"177","Korea Republic of","KOR",1.04014950912934,0,0,6.86387673415597,NA,1.40495867768595,0.772380952380953,4.08333333333333,0,0,0.5,1,6.10553312030321,0,0,0,0,0,0,0,0,0,0,0,0,0,0,0,0,0,0,0,0,0,0,0,0,6.10553312030321,NA,0,0.745781788588644,0,0,0,0.5,10,0.47846889952153,2.8099173553719,0.571428571428571,8.16666666666667,0,1,1.5,3.72775346831195,NA,0.973333333333334,0,0,0,0,0,1,115.45050321006,NA,NA,NA,NA,NA,0,0.4
"178","Kyrgyzstan","KGZ",2.46663295498587,2.95454545454545,0,7.25,NA,5.3698347107438,5.00585220521612,6.91666666666667,0,1,2.5,1.3110603065385,5.38577936912348,0,0,0,0,0,0,0,0,0,0,0,0,0,0,0,0,0,0,0,0,5,0,0,0.5,6.70820393249937,NA,4.79598818071957,4.98696625283086,6.91616464041547,0,0,1,4.5,3.73205741626794,7.78512396694215,4.57142857142857,6.83333333333333,0,0,0.5,10,NA,5.44027583900367,2.95454545454545,7,0,1,1.5,1.71887912738082,108.271198596096,NA,NA,141.42135623731,NA,161.273864389661,0,0.4
"179","Lao PDR","LAO",0.473390290793931,4.31818181818182,0,5.88615384615384,NA,6.09297520661157,7.15770871298654,6.75,5,1,3,4.55853434393565,2.59904694393533,0,0,0,0,0,0,0,0,0,0,0,10,0,0,1,1,0,0,0,10,5,0,1,1.5,5.85405842130056,NA,5.82876104303216,7.15769330516669,6.74536878161602,0,1,2.5,6.5,8.66028708133971,7.86776859504132,7.14285714285714,6.5,10,1,2.5,5.27230769230769,NA,7.17256028311593,4.31818181818182,7,0,0,1,2.07802353648408,198.760284905401,NA,NA,141.42135623731,NA,NA,0,0.5
"180","Liechtenstein","LIE",0.205540110138829,2.72727272727273,0,7.59458,NA,1.36363636363637,NA,0.25,0,1,1,1.28508585226418,5.938128678444,0,0,0,0,0,0,0,0,0,0,0,0,0,0,0,0,5,0,0,0,0,0,0,0.5,7.23965109656536,NA,0,NA,0,0,1,1,5.3,NA,0,0,0.5,0,0,0,9.88916,NA,NA,2.72727272727273,0,0,0,0.5,1.65144564768954,179.137345035646,NA,NA,NA,NA,NA,0.2,0.5
"181","Marshall Islands","MHL",1,NA,0,5,NA,NA,NA,2.16666666666667,5,0,1,3.16227766016838,10,0,0,0,0,0,0,0,0,0,0,0,0,0,0,0,0,0,0,0,0,0,0,0,0,0,NA,NA,NA,0,0,0,0,10,NA,NA,7.57142857142857,4.33333333333333,10,2,2.5,0,NA,NA,NA,0,0,0,0,1,NA,NA,NA,NA,NA,NA,0.2,0.6
"182","Namibia","NAM",2.49155746237057,4.54545454545455,0,7.32647514589753,NA,4.74380165289257,8.92857142857143,2.75,0,2,2,1.46013943291595,8.30839954010101,0,0,0,0,0,0,0,0,0,0,0,10,0,0,1,1,5,0,0,10,0,0,1,1.5,7.31422345580252,NA,4.73965320956684,8.86405260427918,0,0,2,2,7.75,9.28229665071771,4.94214876033058,7.85714285714286,5.5,0,0,1.5,6.90295029179507,NA,10,4.54545454545455,0,0,1,1,2.13200716355611,91.5823106389667,NA,NA,NA,NA,NA,0,0.4
"183","Nepal","NPL",2.24348597355801,6.81818181818182,0,8.875,NA,6.97933884297521,4,4,0,1,1.5,1.61590991064956,7.60662498366107,0,0,0,0,0,0,0,0,10,0,0,0,0,0,1,1,10,0,5,0,0,0,1,1.5,8.8034084308295,NA,6.97747798981998,0,0,0,1,1.5,7.75,9.04306220095694,7.1404958677686,8,8,0,0,2.5,10,NA,0,6.81818181818182,0,0,1,1,2.61116483933547,108.304241701581,NA,NA,NA,NA,NA,0,0.4
"184","Norway","NOR",1.84498984455645,2.72727272727272,0,2.78724,NA,1.53719008264462,1.64285714285714,0,0,0,0,1.28508585226417,6.19510221565847,0,0,0,0,0,0,0,0,0,0,0,0,0,0,0,0,0,0,0,0,0,0,0,0,2.20318823526271,NA,0.972962820017284,0.925820099772552,0,0,0,0,1.08,0,0.347107438016529,0.285714285714286,0,0,0,0,4.49448,NA,3,2.72727272727272,0,0,0,0,1.65144564768954,93.3926345748854,NA,NA,NA,NA,NA,0,0.4
"185","Paraguay","PRY",2.53622547923823,0,0,8.43,NA,2.82644628099174,6.19642857142857,1.33333333333334,5,1,2,1.77827941003892,8.7963696090391,0,0,0,0,0,0,0,0,0,0,0,0,0,0,0,0,5,0,0,5,0,0,0,1,8.28251169633946,NA,0,6.10620293518929,0,0,1,1.5,6.86,5.28708133971292,5.65289256198347,5.14285714285714,2.66666666666667,0,0,0,10,NA,7.25,0,0,10,2,2.5,3.16227766016838,91.8330362188096,NA,173.205080756888,NA,NA,114.404714871829,0,0.4
"186","Russian Federation","RUS",2.77185829551305,2.5,0,7.57,NA,4.79545454545454,4.8910051273204,3.91666666666667,0,1,1,1.25743342968294,7.3147455817929,0,0,0,0,0,0,0,0,0,0,0,0,0,0,0,0,5,0,0,0,0,0,0,0.5,7.16937933157397,NA,4.21037679160342,4.13937082007855,0,0,1,1,5.14,2.58373205741627,7.09090909090909,2.28571428571429,7.83333333333333,0,0,1,10,NA,7.49629596892652,2.5,0,0,1,1.5,1.58113883008419,101.572197334532,NA,NA,NA,NA,112.6896919736,0,0.4
"187","Slovakia","SVK",1.57683095342797,2.27272727272727,0,7.21,NA,2.6900826446281,3.94642857142857,1.5,0,1,1,1.22782601490961,10,0,0,0,0,0,0,0,0,0,0,0,0,0,0,0,0,0,0,0,0,0,0,0,0,6.64830805543787,NA,2.6575099488948,2.77746029931765,0,0,0,0.5,4.42,0.861244019138756,3.10743801652893,1.14285714285714,3,0,0,0,10,NA,6.75,2.27272727272727,0,0,1,1,1.50755672288882,110.234864733156,NA,NA,NA,NA,NA,0,0.4
"188","Sri Lanka","LKA",1.25142891750239,0.227272727272734,0,6.05384615384616,NA,3.01446280991736,7.14285714285715,8.5,0,2,2.5,0.690457308327462,6.16462782289212,0,0,0,0,0,0,0,0,0,0,0,0,10,0,1,1,0,0,0,0,10,0,1,1,5.94046618217278,NA,1.14828457952822,6.54653670707977,8.36660026534076,0,1,2,7.22,5.66985645933014,5.80165289256198,4.28571428571429,7,0,0,1,4.88769230769231,NA,10,0.227272727272734,10,0,2,2,0.476731294622803,135.851491296099,NA,NA,141.42135623731,NA,60.398675482166,0,0.4
"189","United Kingdom","GBR",1.20829585312013,0,0,2.67026638587115,NA,0.743801652892565,5.35714285714286,1.16666666666666,0,0,0.5,1,6.19720321737337,0,0,0,0,0,0,0,0,0,0,0,0,0,0,0,0,0,0,0,0,0,0,0,0,2.40016648539501,NA,0,2.67261241912424,0,0,0,0,1.5,0,1.48760330578513,0.714285714285714,2.33333333333333,0,0,0,3.84053277174229,NA,10,0,0,0,1,1,1,157.188179336341,NA,NA,NA,NA,NA,0,0.5
"190","Viet Nam","VNM",0.0978509683729104,2.72727272727273,0,4.04076923076923,NA,4.35537190082644,5.56605190322512,8.5,0,1,1.5,1.28508585226418,3.16227766016838,0,0,0,0,0,0,0,0,0,0,0,0,10,0,1,1,0,0,0,0,10,0,1,1,4.01458878055064,NA,4.0396234323984,5.50049344593516,8.36660026534076,0,1,1.5,4.5,5.52631578947368,5.98347107438016,4.71428571428571,10,0,1,1,3.58153846153846,NA,6.41781809216454,2.72727272727273,7,0,0,0.5,1.65144564768954,188.036433470092,NA,NA,141.42135623731,NA,NA,0,0.4
