"","Countryname","Country","D_WB_external_debt_distress","D_overall_debt_distress","D_debt_date","D_WB_external_debt_distress_norm","D_IMF_debt2017","D_IMF_debt2018","D_IMF_debt2019","D_IMF_debt2020","D_IMF_debt2021","D_IMF_debt2020.2019","D_IMF_debt2021.2020","D_IMF_debt2020.2019_norm","D_IMF_debt2021.2020_norm","D_fiscalgdpnum","D_fiscalgdpnum_norm","D_EconomicSupportIndexForDisplay_norm","D_fiscal","D_ratecut","D_reserve_req","D_macrofin","D_othermonetary","D_bopgdp","D_otherbop","D_CESI_Index","D_CESI_Index_norm","D_CPIA.scores","D_CPIA.scores_norm"
"1","Afghanistan","AFG","High","High","Nov-20",10,-0.63,1.502,-1,-4,-2,-3,2,8,3,2.9,8.014440433213,10,4.5,0,0,0,1,0,0,-1.69786074818443,10,3.5,7.14285714285714
"2","Angola","AGO",NA,NA,NA,NA,-6.304,2.189,0.7,-6,-2.5,-6.7,3.5,10,1.5,0.11,10,10,0.900280791460443,30,0,0.904252297136364,1,0,0,-1.23369481216157,9.1303730322286,3,9.52380952380952
"3","Albania","ALB",NA,NA,NA,NA,-1.392,-1.346,-2,-5.4,-3.1,-3.4,2.3,8.4,2.7,2.8,8.08664259927798,5,2.7,50,0,4.0046357615894,1,3.10156959398106,0,0.218305610918329,6.04406197940826,4.5,2.38095238095238
"4","United Arab Emirates","ARE",NA,NA,NA,NA,-1.991,1.966,-0.8,-11.1,-7.1,-10.3,4,10,1,2,8.66425992779783,5,3.06993082037782,62.5,50,29.9714285714286,1,0,0,1.55527460203425,3.20225690210213,NA,NA
"5","Argentina","ARG",NA,NA,NA,NA,-6.703,-5.493,-3.9,NA,NA,NA,NA,NA,NA,6,5.77617328519856,5,6,5,0,5.32023552705127,1,0.224482511689927,0,-1.27756092840807,9.2236130046583,NA,NA
"6","Armenia","ARM",NA,NA,NA,NA,-4.785,-1.755,-1,-5,-2.5,-4,2.5,9,2.5,2,8.66425992779783,NA,2.95253419147224,22.7272727272727,0,0,1,0,0,-1.31532706990461,9.30388712722082,4.5,2.38095238095238
"7","Antigua and Barbuda","ATG",NA,NA,NA,NA,-2.841,-3.1,-3.7,-9.5,-5.6,-5.7,3.9,10,1.1,0.5,9.74729241877256,NA,NA,NA,NA,NA,NA,NA,NA,NA,NA,NA,NA
<<<<<<< HEAD
"8","Australia","AUS",NA,NA,NA,NA,NA,NA,NA,NA,NA,NA,NA,NA,NA,9.5,3.24909747292419,5,16.8,66.6666666666667,0,10.6460755813953,1,3.12209302325581,0,1.62789266833943,3.15010446944692,NA,NA
"9","Austria","AUT",NA,NA,NA,NA,NA,NA,NA,NA,NA,NA,NA,NA,NA,9.5,3.24909747292419,0,19.9093374152635,0,0,14.64,1,0,0,-0.339249539767064,7.2824426024382,NA,NA
"10","Azerbaijan","AZE",NA,NA,NA,NA,-1.366,5.547,8.4,-12.8,-9.7,-21.2,3.1,10,1.9,4.1,7.14801444043321,5,6.07195459074431,1.95901544177406,0,0,1,0.42398931546925,1,-0.508057644989272,7.63705457075095,4,4.76190476190476
"11","Burundi","BDI","High","…","Apr-15",10,-7.201,-5.274,-6,-9,-6.8,-3,2.2,8,2.8,4.7,6.71480144404332,10,2.75,0,0,0,0,0,0,-3.68876770815031,10,2.5,10
"12","Belgium","BEL",NA,NA,NA,NA,NA,NA,NA,NA,NA,NA,NA,NA,NA,3.4,7.65342960288809,2.5,10.8093374152635,0,0,26.64,1,0,0,-0.362518924560258,7.3313241554423,NA,NA
"13","Benin","BEN","Moderate","Moderate","Dec-20",7,-4.204,-2.974,-0.5,-2.8,-2.2,-2.3,0.6,7.3,4.4,1.7,8.88086642599278,0,1.7,15.5555555555556,0,3.02857142857143,1,0,0,-1.39807783043262,9.5067030060716,4,4.76190476190476
"14","Burkina Faso","BFA","Moderate","Moderate","Nov-20",7,-6.884,-4.355,-3,-5,-3.5,-2,1.5,7,3.5,NA,NA,7.5,0.790104844788597,15.5555555555556,0,1.3,1,0,0,-1.5100881645667,9.74200097950937,4,4.76190476190476
"15","Bangladesh","BGD","Low","Low","May-20",3,-3.34,-4.641,-5.2,-6.4,-6,-1.2,0.4,6.2,4.6,NA,NA,5,2.0585083573487,20.8333333333333,76.3636363636364,2.72876080691643,1,0,1,1.21562868723123,4.01613955474562,3.5,7.14285714285714
"16","Bulgaria","BGR",NA,NA,NA,NA,0.826,0.123,-1,-2.9,-1.4,-2,1.5,7,3.5,2.5,8.30324909747292,3.75,9.54178806418923,0,0,12.3627864150943,1,0,0,-0.963114612397641,8.59298406652189,NA,NA
"17","Bahrain","BHR",NA,NA,NA,NA,-14.234,-11.944,-10.6,-15.7,-11.9,-5.1,3.8,10,1.2,4.2,7.07581227436823,1.25,7.03316732183504,52.2685185185185,40,28,1,0,0,1.39204472021617,3.64554575762689,NA,NA
"18","Bahamas","BHS",NA,NA,NA,NA,-5.358,-3.377,-1.7,-8.4,-7,-6.8,1.4,10,3.6,1,9.38628158844765,10,1,0,0,0,1,0,1,-0.934067303207457,8.53196493789319,NA,NA
"19","Bosnia and Herzegovina","BIH",NA,NA,NA,NA,1.814,1.658,2.2,-4.4,1,-6.6,5.4,10,0,0.15,10,5,2.14,0,0,1.5,1,0,0,-1.75448482749149,10,4,4.76190476190476
"20","Belarus","BLR",NA,NA,NA,NA,-0.337,1.813,0.6,-4.6,-3,-5.3,1.6,10,3.4,NA,NA,10,1.2,11.4285714285714,0,0,1,0,1,-0.687097577585715,8.01316034375891,NA,NA
"21","Belize","BLZ",NA,NA,NA,NA,-5.666,-0.97,-1.8,-5.2,-4.3,-3.3,0.9,8.3,4.1,1,9.38628158844765,3.75,1,0,10,0,1,0,0,-1.66543974201557,10,NA,NA
"22","Bolivia","BOL",NA,NA,NA,NA,-7.824,-8.144,-7,-7.3,-6.9,-0.3,0.399999999999999,5.3,4.6,3,7.94223826714801,2.5,2.69929245283019,0,0,10.1943350392679,1,0,0,-1.3997868042637,9.51029301481697,3,9.52380952380952
"23","Brazil","BRA",NA,NA,NA,NA,-7.86,-7.166,-6,-9.3,-6.1,-3.3,3.2,8.3,1.8,11.5,1.80505415162455,NA,12,52.9411764705882,45.1612903225806,4.97543581616482,1,5.81088219756999,0,2.57888253201709,1.15237819344673,NA,NA
"24","Brazil","BRA",NA,NA,NA,NA,-7.86,-7.166,-6,-9.3,-6.1,-3.3,3.2,8.3,1.8,11.5,1.80505415162455,NA,12,52.9411764705882,45.1612903225806,4.97543581616482,1,5.81088219756999,0,2.57888253201709,1.15237819344673,NA,NA
"25","Brazil","BRA",NA,NA,NA,NA,-7.86,-7.166,-6,-9.3,-6.1,-3.3,3.2,8.3,1.8,11.5,1.80505415162455,NA,12,52.9411764705882,45.1612903225806,4.97543581616482,1,5.81088219756999,0,2.57888253201709,1.15237819344673,NA,NA
"26","Brazil","BRA",NA,NA,NA,NA,-7.86,-7.166,-6,-9.3,-6.1,-3.3,3.2,8.3,1.8,11.5,1.80505415162455,NA,12,52.9411764705882,45.1612903225806,4.97543581616482,1,5.81088219756999,0,2.57888253201709,1.15237819344673,NA,NA
"27","Brazil","BRA",NA,NA,NA,NA,-7.86,-7.166,-6,-9.3,-6.1,-3.3,3.2,8.3,1.8,11.5,1.80505415162455,NA,12,52.9411764705882,45.1612903225806,4.97543581616482,1,5.81088219756999,0,2.57888253201709,1.15237819344673,NA,NA
"28","Brazil","BRA",NA,NA,NA,NA,-7.86,-7.166,-6,-9.3,-6.1,-3.3,3.2,8.3,1.8,11.5,1.80505415162455,NA,12,52.9411764705882,45.1612903225806,4.97543581616482,1,5.81088219756999,0,2.57888253201709,1.15237819344673,NA,NA
"29","Brazil","BRA",NA,NA,NA,NA,-7.86,-7.166,-6,-9.3,-6.1,-3.3,3.2,8.3,1.8,11.5,1.80505415162455,NA,12,52.9411764705882,45.1612903225806,4.97543581616482,1,5.81088219756999,0,2.57888253201709,1.15237819344673,NA,NA
"30","Brazil","BRA",NA,NA,NA,NA,-7.86,-7.166,-6,-9.3,-6.1,-3.3,3.2,8.3,1.8,11.5,1.80505415162455,NA,12,52.9411764705882,45.1612903225806,4.97543581616482,1,5.81088219756999,0,2.57888253201709,1.15237819344673,NA,NA
"31","Brazil","BRA",NA,NA,NA,NA,-7.86,-7.166,-6,-9.3,-6.1,-3.3,3.2,8.3,1.8,11.5,1.80505415162455,NA,12,52.9411764705882,45.1612903225806,4.97543581616482,1,5.81088219756999,0,2.57888253201709,1.15237819344673,NA,NA
"32","Brazil","BRA",NA,NA,NA,NA,-7.86,-7.166,-6,-9.3,-6.1,-3.3,3.2,8.3,1.8,11.5,1.80505415162455,NA,12,52.9411764705882,45.1612903225806,4.97543581616482,1,5.81088219756999,0,2.57888253201709,1.15237819344673,NA,NA
"33","Brazil","BRA",NA,NA,NA,NA,-7.86,-7.166,-6,-9.3,-6.1,-3.3,3.2,8.3,1.8,11.5,1.80505415162455,NA,12,52.9411764705882,45.1612903225806,4.97543581616482,1,5.81088219756999,0,2.57888253201709,1.15237819344673,NA,NA
"34","Brazil","BRA",NA,NA,NA,NA,-7.86,-7.166,-6,-9.3,-6.1,-3.3,3.2,8.3,1.8,11.5,1.80505415162455,NA,12,52.9411764705882,45.1612903225806,4.97543581616482,1,5.81088219756999,0,2.57888253201709,1.15237819344673,NA,NA
"35","Brazil","BRA",NA,NA,NA,NA,-7.86,-7.166,-6,-9.3,-6.1,-3.3,3.2,8.3,1.8,11.5,1.80505415162455,NA,12,52.9411764705882,45.1612903225806,4.97543581616482,1,5.81088219756999,0,2.57888253201709,1.15237819344673,NA,NA
"36","Brazil","BRA",NA,NA,NA,NA,-7.86,-7.166,-6,-9.3,-6.1,-3.3,3.2,8.3,1.8,11.5,1.80505415162455,NA,12,52.9411764705882,45.1612903225806,4.97543581616482,1,5.81088219756999,0,2.57888253201709,1.15237819344673,NA,NA
"37","Brazil","BRA",NA,NA,NA,NA,-7.86,-7.166,-6,-9.3,-6.1,-3.3,3.2,8.3,1.8,11.5,1.80505415162455,NA,12,52.9411764705882,45.1612903225806,4.97543581616482,1,5.81088219756999,0,2.57888253201709,1.15237819344673,NA,NA
"38","Brazil","BRA",NA,NA,NA,NA,-7.86,-7.166,-6,-9.3,-6.1,-3.3,3.2,8.3,1.8,11.5,1.80505415162455,NA,12,52.9411764705882,45.1612903225806,4.97543581616482,1,5.81088219756999,0,2.57888253201709,1.15237819344673,NA,NA
"39","Brazil","BRA",NA,NA,NA,NA,-7.86,-7.166,-6,-9.3,-6.1,-3.3,3.2,8.3,1.8,11.5,1.80505415162455,NA,12,52.9411764705882,45.1612903225806,4.97543581616482,1,5.81088219756999,0,2.57888253201709,1.15237819344673,NA,NA
"40","Brazil","BRA",NA,NA,NA,NA,-7.86,-7.166,-6,-9.3,-6.1,-3.3,3.2,8.3,1.8,11.5,1.80505415162455,NA,12,52.9411764705882,45.1612903225806,4.97543581616482,1,5.81088219756999,0,2.57888253201709,1.15237819344673,NA,NA
"41","Brazil","BRA",NA,NA,NA,NA,-7.86,-7.166,-6,-9.3,-6.1,-3.3,3.2,8.3,1.8,11.5,1.80505415162455,NA,12,52.9411764705882,45.1612903225806,4.97543581616482,1,5.81088219756999,0,2.57888253201709,1.15237819344673,NA,NA
"42","Brazil","BRA",NA,NA,NA,NA,-7.86,-7.166,-6,-9.3,-6.1,-3.3,3.2,8.3,1.8,11.5,1.80505415162455,NA,12,52.9411764705882,45.1612903225806,4.97543581616482,1,5.81088219756999,0,2.57888253201709,1.15237819344673,NA,NA
"43","Brazil","BRA",NA,NA,NA,NA,-7.86,-7.166,-6,-9.3,-6.1,-3.3,3.2,8.3,1.8,11.5,1.80505415162455,NA,12,52.9411764705882,45.1612903225806,4.97543581616482,1,5.81088219756999,0,2.57888253201709,1.15237819344673,NA,NA
"44","Brazil","BRA",NA,NA,NA,NA,-7.86,-7.166,-6,-9.3,-6.1,-3.3,3.2,8.3,1.8,11.5,1.80505415162455,NA,12,52.9411764705882,45.1612903225806,4.97543581616482,1,5.81088219756999,0,2.57888253201709,1.15237819344673,NA,NA
"45","Brazil","BRA",NA,NA,NA,NA,-7.86,-7.166,-6,-9.3,-6.1,-3.3,3.2,8.3,1.8,11.5,1.80505415162455,NA,12,52.9411764705882,45.1612903225806,4.97543581616482,1,5.81088219756999,0,2.57888253201709,1.15237819344673,NA,NA
"46","Brazil","BRA",NA,NA,NA,NA,-7.86,-7.166,-6,-9.3,-6.1,-3.3,3.2,8.3,1.8,11.5,1.80505415162455,NA,12,52.9411764705882,45.1612903225806,4.97543581616482,1,5.81088219756999,0,2.57888253201709,1.15237819344673,NA,NA
"47","Brazil","BRA",NA,NA,NA,NA,-7.86,-7.166,-6,-9.3,-6.1,-3.3,3.2,8.3,1.8,11.5,1.80505415162455,NA,12,52.9411764705882,45.1612903225806,4.97543581616482,1,5.81088219756999,0,2.57888253201709,1.15237819344673,NA,NA
"48","Brazil","BRA",NA,NA,NA,NA,-7.86,-7.166,-6,-9.3,-6.1,-3.3,3.2,8.3,1.8,11.5,1.80505415162455,NA,12,52.9411764705882,45.1612903225806,4.97543581616482,1,5.81088219756999,0,2.57888253201709,1.15237819344673,NA,NA
"49","Brazil","BRA",NA,NA,NA,NA,-7.86,-7.166,-6,-9.3,-6.1,-3.3,3.2,8.3,1.8,11.5,1.80505415162455,NA,12,52.9411764705882,45.1612903225806,4.97543581616482,1,5.81088219756999,0,2.57888253201709,1.15237819344673,NA,NA
"50","Brazil","BRA",NA,NA,NA,NA,-7.86,-7.166,-6,-9.3,-6.1,-3.3,3.2,8.3,1.8,11.5,1.80505415162455,10,12,52.9411764705882,45.1612903225806,4.97543581616482,1,5.81088219756999,0,2.57888253201709,1.15237819344673,NA,NA
"51","Barbados","BRB",NA,NA,NA,NA,-4.285,-0.299,3.5,-0.6,1,-4,1.6,9,3.4,NA,NA,6.25,4.24100648712404,71.4285714285714,85.7142857142857,0,1,0,0,1.52951167154583,3.35677155377693,NA,NA
"52","Brunei Darussalam","BRN",NA,NA,NA,NA,-10.623,-3.559,-10.5,-26.6,-21.6,-16.1,5,10,0,NA,NA,5,0.206016958670261,0,0,2.99398304132974,1,0,0,-1.79899450422284,10,NA,NA
"53","Bhutan","BTN","Moderate","…","Oct-18",7,-4.786,-3.287,0.6,-5.5,-5.9,-6.2,-0.4,10,5.4,2,8.66425992779783,2.5,1.68543279380718,0,22.2222222222222,1.37227304714989,1,0,0,-1.32855416554491,9.36065596871108,4.5,2.38095238095238
"54","Botswana","BWA",NA,NA,NA,NA,-1.054,-4.588,-6.2,-5.9,-3.1,0.3,2.8,4.7,2.2,1.1,9.31407942238267,10,0.66,10.5263157894737,50,0.44,1,0,1,0.304892284480769,5.92930615280853,NA,NA
"55","Central African Republic","CAF","High","High","Apr-20",10,-1.063,-0.972,1.4,-2.4,0.4,-3.8,2.8,8.8,2.2,1.9,8.73646209386282,10,3.0962962962963,11.9047619047619,0,3.30317391928766,1,0,0,-1.39083218774269,9.49148222261109,3.5,7.14285714285714
"56","Canada","CAN",NA,NA,NA,NA,NA,NA,NA,NA,NA,NA,NA,NA,NA,15,0,NA,16.4,85.7142857142857,55.5555555555556,15.178058587019,1,0,0,2.40877271910751,1.50972463428128,NA,NA
"57","Canada","CAN",NA,NA,NA,NA,NA,NA,NA,NA,NA,NA,NA,NA,NA,15,0,NA,16.4,85.7142857142857,55.5555555555556,15.178058587019,1,0,0,2.40877271910751,1.50972463428128,NA,NA
"58","Canada","CAN",NA,NA,NA,NA,NA,NA,NA,NA,NA,NA,NA,NA,NA,15,0,NA,16.4,85.7142857142857,55.5555555555556,15.178058587019,1,0,0,2.40877271910751,1.50972463428128,NA,NA
"59","Canada","CAN",NA,NA,NA,NA,NA,NA,NA,NA,NA,NA,NA,NA,NA,15,0,NA,16.4,85.7142857142857,55.5555555555556,15.178058587019,1,0,0,2.40877271910751,1.50972463428128,NA,NA
"60","Canada","CAN",NA,NA,NA,NA,NA,NA,NA,NA,NA,NA,NA,NA,NA,15,0,NA,16.4,85.7142857142857,55.5555555555556,15.178058587019,1,0,0,2.40877271910751,1.50972463428128,NA,NA
"61","Canada","CAN",NA,NA,NA,NA,NA,NA,NA,NA,NA,NA,NA,NA,NA,15,0,NA,16.4,85.7142857142857,55.5555555555556,15.178058587019,1,0,0,2.40877271910751,1.50972463428128,NA,NA
"62","Canada","CAN",NA,NA,NA,NA,NA,NA,NA,NA,NA,NA,NA,NA,NA,15,0,NA,16.4,85.7142857142857,55.5555555555556,15.178058587019,1,0,0,2.40877271910751,1.50972463428128,NA,NA
"63","Canada","CAN",NA,NA,NA,NA,NA,NA,NA,NA,NA,NA,NA,NA,NA,15,0,NA,16.4,85.7142857142857,55.5555555555556,15.178058587019,1,0,0,2.40877271910751,1.50972463428128,NA,NA
"64","Canada","CAN",NA,NA,NA,NA,NA,NA,NA,NA,NA,NA,NA,NA,NA,15,0,NA,16.4,85.7142857142857,55.5555555555556,15.178058587019,1,0,0,2.40877271910751,1.50972463428128,NA,NA
"65","Canada","CAN",NA,NA,NA,NA,NA,NA,NA,NA,NA,NA,NA,NA,NA,15,0,NA,16.4,85.7142857142857,55.5555555555556,15.178058587019,1,0,0,2.40877271910751,1.50972463428128,NA,NA
"66","Canada","CAN",NA,NA,NA,NA,NA,NA,NA,NA,NA,NA,NA,NA,NA,15,0,NA,16.4,85.7142857142857,55.5555555555556,15.178058587019,1,0,0,2.40877271910751,1.50972463428128,NA,NA
"67","Canada","CAN",NA,NA,NA,NA,NA,NA,NA,NA,NA,NA,NA,NA,NA,15,0,NA,16.4,85.7142857142857,55.5555555555556,15.178058587019,1,0,0,2.40877271910751,1.50972463428128,NA,NA
"68","Canada","CAN",NA,NA,NA,NA,NA,NA,NA,NA,NA,NA,NA,NA,NA,15,0,NA,16.4,85.7142857142857,55.5555555555556,15.178058587019,1,0,0,2.40877271910751,1.50972463428128,NA,NA
"69","Canada","CAN",NA,NA,NA,NA,NA,NA,NA,NA,NA,NA,NA,NA,NA,15,0,2.5,16.4,85.7142857142857,55.5555555555556,15.178058587019,1,0,0,2.40877271910751,1.50972463428128,NA,NA
"70","Switzerland","CHE",NA,NA,NA,NA,NA,NA,NA,NA,NA,NA,NA,NA,NA,10.4,2.59927797833935,6.25,10.4849795906956,0,100,9.39892703096434,1,16.3,1,6.64457660191381,0,NA,NA
"71","Chile","CHL",NA,NA,NA,NA,-2.621,-1.465,-2.6,-6.3,-3.5,-3.7,2.8,8.7,2.2,4.7,6.71480144404332,0,10.34,71.4285714285714,0,11.8951729388214,1,8.13289966931419,1,3.81506627021689,0,NA,NA
"72","China","CHN",NA,NA,NA,NA,-3.835,-4.655,-6.4,-11.2,-9.6,-4.9,1.6,9.9,3.4,4.5,6.85920577617328,3.75,6,15.625,11.1111111111111,8.46383108910891,1,0,1,0.19329643614875,6.16373342382408,NA,NA
"73","Côte d'Ivoire","CIV","Moderate","Moderate","Dec-20",7,-3.333,-2.945,-2.3,-5.3,-2.5,-3,2.8,8,2.2,2.5,8.30324909747292,5,2.6,15.5555555555556,0,2.1,1,0,0,-1.38610408825963,9.48154999416827,4,4.76190476190476
"74","Cameroon","CMR","High","High","Oct-20",10,-4.872,-2.487,-2.3,-4.5,-3.6,-2.1,0.9,7.1,4.1,2,8.66425992779783,10,1.94139573410644,11.9047619047619,0,0.802443570097329,1,0,0,-1.54449104525981,9.81427045509026,4,4.76190476190476
"75","Congo DR","COD","Moderate","Moderate","Apr-20",7,1.355,-0.048,-2.1,-1.2,-0.3,0.9,0.9,4.1,4.1,0.3,9.89169675090253,10,0.3,-105.555555555556,100,0,1,0.0510266563252643,0,-2.0321734383357,10,3,9.52380952380952
"76","Congo","COG","In distress","In distress","Jan-20",10,-7.387,6.617,5.8,5.7,6.1,-0.1,0.399999999999999,5.1,4.6,NA,NA,8.75,1.2,11.9047619047619,0,2.22586961529601,1,0,0,-1.52969098080125,9.78318024184548,3,9.52380952380952
"77","Colombia","COL",NA,NA,NA,NA,-2.496,-4.676,-2.2,-2.5,-1.3,-0.3,1.2,5.3,3.8,1.5,9.02527075812274,2.5,2.8,58.8235294117647,24.7474747474747,1.17415636103021,1,0.42696594946553,1,1.04990065807071,4.36428126599725,NA,NA
=======
"8","Australia","AUS",NA,NA,NA,NA,NA,NA,NA,NA,NA,NA,NA,NA,NA,9.5,3.24909747292419,5,17.05,86.6666666666667,0,16.6613372093023,1,3.33212209302326,0,2.13364986666752,1.97288675623865,NA,NA
"9","Austria","AUT",NA,NA,NA,NA,NA,NA,NA,NA,NA,NA,NA,NA,NA,9.5,3.24909747292419,0,19.9093374152635,0,0,18.64,1,0,0,-0.319105291822161,7.1863599998978,NA,NA
"10","Azerbaijan","AZE",NA,NA,NA,NA,-1.366,5.547,8.4,-12.8,-9.7,-21.2,3.1,10,1.9,4.1,7.14801444043321,5,6.99,11.4158829676071,0,0,1,0.42398931546925,1,-0.22823228083567,6.99320414832045,4,4.76190476190476
"11","Burundi","BDI","High","…","Apr-15",10,-7.201,-5.274,-6,-9,-6.8,-3,2.2,8,2.8,4.7,6.71480144404332,10,2.75,0,0,0,0,0,0,-3.81007430313614,10,2.5,10
"12","Belgium","BEL",NA,NA,NA,NA,NA,NA,NA,NA,NA,NA,NA,NA,NA,3.4,7.65342960288809,2.5,10.8093374152635,0,0,26.64,1,0,0,-0.461451368888338,7.48892483665114,NA,NA
"13","Benin","BEN","Moderate","Moderate","Dec-20",7,-4.204,-2.974,-0.5,-2.8,-2.2,-2.3,0.6,7.3,4.4,1.7,8.88086642599278,10,2,15.5555555555556,0,3.22857142857143,1,0,0,-1.3892281114484,9.46096807410356,4,4.76190476190476
"14","Burkina Faso","BFA","Moderate","Moderate","Nov-20",7,-6.884,-4.355,-3,-5,-3.5,-2,1.5,7,3.5,NA,NA,0,0.790104844788597,15.5555555555556,0,1.3,1,0,0,-1.51392093204645,9.72600989110441,4,4.76190476190476
"15","Bangladesh","BGD","Low","Low","May-20",3,-3.34,-4.641,-5.2,-6.4,-6,-1.2,0.4,6.2,4.6,NA,NA,5,2.34229426584251,20.8333333333333,76.3636363636364,2.72876080691643,1,0,1,1.26443422127041,3.82045498764669,3.5,7.14285714285714
"16","Bulgaria","BGR",NA,NA,NA,NA,0.826,0.123,-1,-2.9,-1.4,-2,1.5,7,3.5,2.5,8.30324909747292,3.75,9.6593374152635,0,0,13.0427864150943,1,0,0,-0.995802560088592,8.62471926293025,NA,NA
"17","Bahrain","BHR",NA,NA,NA,NA,-14.234,-11.944,-10.6,-15.7,-11.9,-5.1,3.8,10,1.2,4.2,7.07581227436823,1.25,8.53316732183504,52.2685185185185,40,28,1,0,0,1.33410840952198,3.67235846241225,NA,NA
"18","Bahamas","BHS",NA,NA,NA,NA,-5.358,-3.377,-1.7,-8.4,-7,-6.8,1.4,10,3.6,1,9.38628158844765,10,3.42136363636364,0,0,0.478636363636364,1,0,1,-0.723790468647308,8.04654179757161,NA,NA
"19","Bosnia and Herzegovina","BIH",NA,NA,NA,NA,1.814,1.658,2.2,-4.4,1,-6.6,5.4,10,0,0.15,10,5,2.14,0,0,1.5,1,0,0,-1.75509193439666,10,4,4.76190476190476
"20","Belarus","BLR",NA,NA,NA,NA,-0.337,1.813,0.6,-4.6,-3,-5.3,1.6,10,3.4,NA,NA,10,1.2,11.4285714285714,0,0,1,0,1,-0.615771782592376,7.81694181992469,NA,NA
"21","Belize","BLZ",NA,NA,NA,NA,-5.666,-0.97,-1.8,-5.2,-4.3,-3.3,0.9,8.3,4.1,1,9.38628158844765,3.75,1,0,10,0,1,0,0,-1.65941906917459,10,NA,NA
"22","Bolivia","BOL",NA,NA,NA,NA,-7.824,-8.144,-7,-7.3,-6.9,-0.3,0.399999999999999,5.3,4.6,3,7.94223826714801,2.5,3.21580188679245,0,0,10.1943350392679,1,0,0,-1.39751121337147,9.47857428730464,3,9.52380952380952
"23","Brazil","BRA",NA,NA,NA,NA,-7.86,-7.166,-6,-9.3,-6.1,-3.3,3.2,8.3,1.8,11.5,1.80505415162455,NA,12,52.9411764705882,45.1612903225806,5.97543581616482,1,5.99577390385631,0,2.49405083333071,1.2068336138433,NA,NA
"24","Brazil","BRA",NA,NA,NA,NA,-7.86,-7.166,-6,-9.3,-6.1,-3.3,3.2,8.3,1.8,11.5,1.80505415162455,NA,12,52.9411764705882,45.1612903225806,5.97543581616482,1,5.99577390385631,0,2.49405083333071,1.2068336138433,NA,NA
"25","Brazil","BRA",NA,NA,NA,NA,-7.86,-7.166,-6,-9.3,-6.1,-3.3,3.2,8.3,1.8,11.5,1.80505415162455,NA,12,52.9411764705882,45.1612903225806,5.97543581616482,1,5.99577390385631,0,2.49405083333071,1.2068336138433,NA,NA
"26","Brazil","BRA",NA,NA,NA,NA,-7.86,-7.166,-6,-9.3,-6.1,-3.3,3.2,8.3,1.8,11.5,1.80505415162455,NA,12,52.9411764705882,45.1612903225806,5.97543581616482,1,5.99577390385631,0,2.49405083333071,1.2068336138433,NA,NA
"27","Brazil","BRA",NA,NA,NA,NA,-7.86,-7.166,-6,-9.3,-6.1,-3.3,3.2,8.3,1.8,11.5,1.80505415162455,NA,12,52.9411764705882,45.1612903225806,5.97543581616482,1,5.99577390385631,0,2.49405083333071,1.2068336138433,NA,NA
"28","Brazil","BRA",NA,NA,NA,NA,-7.86,-7.166,-6,-9.3,-6.1,-3.3,3.2,8.3,1.8,11.5,1.80505415162455,NA,12,52.9411764705882,45.1612903225806,5.97543581616482,1,5.99577390385631,0,2.49405083333071,1.2068336138433,NA,NA
"29","Brazil","BRA",NA,NA,NA,NA,-7.86,-7.166,-6,-9.3,-6.1,-3.3,3.2,8.3,1.8,11.5,1.80505415162455,NA,12,52.9411764705882,45.1612903225806,5.97543581616482,1,5.99577390385631,0,2.49405083333071,1.2068336138433,NA,NA
"30","Brazil","BRA",NA,NA,NA,NA,-7.86,-7.166,-6,-9.3,-6.1,-3.3,3.2,8.3,1.8,11.5,1.80505415162455,NA,12,52.9411764705882,45.1612903225806,5.97543581616482,1,5.99577390385631,0,2.49405083333071,1.2068336138433,NA,NA
"31","Brazil","BRA",NA,NA,NA,NA,-7.86,-7.166,-6,-9.3,-6.1,-3.3,3.2,8.3,1.8,11.5,1.80505415162455,NA,12,52.9411764705882,45.1612903225806,5.97543581616482,1,5.99577390385631,0,2.49405083333071,1.2068336138433,NA,NA
"32","Brazil","BRA",NA,NA,NA,NA,-7.86,-7.166,-6,-9.3,-6.1,-3.3,3.2,8.3,1.8,11.5,1.80505415162455,NA,12,52.9411764705882,45.1612903225806,5.97543581616482,1,5.99577390385631,0,2.49405083333071,1.2068336138433,NA,NA
"33","Brazil","BRA",NA,NA,NA,NA,-7.86,-7.166,-6,-9.3,-6.1,-3.3,3.2,8.3,1.8,11.5,1.80505415162455,NA,12,52.9411764705882,45.1612903225806,5.97543581616482,1,5.99577390385631,0,2.49405083333071,1.2068336138433,NA,NA
"34","Brazil","BRA",NA,NA,NA,NA,-7.86,-7.166,-6,-9.3,-6.1,-3.3,3.2,8.3,1.8,11.5,1.80505415162455,NA,12,52.9411764705882,45.1612903225806,5.97543581616482,1,5.99577390385631,0,2.49405083333071,1.2068336138433,NA,NA
"35","Brazil","BRA",NA,NA,NA,NA,-7.86,-7.166,-6,-9.3,-6.1,-3.3,3.2,8.3,1.8,11.5,1.80505415162455,NA,12,52.9411764705882,45.1612903225806,5.97543581616482,1,5.99577390385631,0,2.49405083333071,1.2068336138433,NA,NA
"36","Brazil","BRA",NA,NA,NA,NA,-7.86,-7.166,-6,-9.3,-6.1,-3.3,3.2,8.3,1.8,11.5,1.80505415162455,NA,12,52.9411764705882,45.1612903225806,5.97543581616482,1,5.99577390385631,0,2.49405083333071,1.2068336138433,NA,NA
"37","Brazil","BRA",NA,NA,NA,NA,-7.86,-7.166,-6,-9.3,-6.1,-3.3,3.2,8.3,1.8,11.5,1.80505415162455,NA,12,52.9411764705882,45.1612903225806,5.97543581616482,1,5.99577390385631,0,2.49405083333071,1.2068336138433,NA,NA
"38","Brazil","BRA",NA,NA,NA,NA,-7.86,-7.166,-6,-9.3,-6.1,-3.3,3.2,8.3,1.8,11.5,1.80505415162455,NA,12,52.9411764705882,45.1612903225806,5.97543581616482,1,5.99577390385631,0,2.49405083333071,1.2068336138433,NA,NA
"39","Brazil","BRA",NA,NA,NA,NA,-7.86,-7.166,-6,-9.3,-6.1,-3.3,3.2,8.3,1.8,11.5,1.80505415162455,NA,12,52.9411764705882,45.1612903225806,5.97543581616482,1,5.99577390385631,0,2.49405083333071,1.2068336138433,NA,NA
"40","Brazil","BRA",NA,NA,NA,NA,-7.86,-7.166,-6,-9.3,-6.1,-3.3,3.2,8.3,1.8,11.5,1.80505415162455,NA,12,52.9411764705882,45.1612903225806,5.97543581616482,1,5.99577390385631,0,2.49405083333071,1.2068336138433,NA,NA
"41","Brazil","BRA",NA,NA,NA,NA,-7.86,-7.166,-6,-9.3,-6.1,-3.3,3.2,8.3,1.8,11.5,1.80505415162455,NA,12,52.9411764705882,45.1612903225806,5.97543581616482,1,5.99577390385631,0,2.49405083333071,1.2068336138433,NA,NA
"42","Brazil","BRA",NA,NA,NA,NA,-7.86,-7.166,-6,-9.3,-6.1,-3.3,3.2,8.3,1.8,11.5,1.80505415162455,NA,12,52.9411764705882,45.1612903225806,5.97543581616482,1,5.99577390385631,0,2.49405083333071,1.2068336138433,NA,NA
"43","Brazil","BRA",NA,NA,NA,NA,-7.86,-7.166,-6,-9.3,-6.1,-3.3,3.2,8.3,1.8,11.5,1.80505415162455,NA,12,52.9411764705882,45.1612903225806,5.97543581616482,1,5.99577390385631,0,2.49405083333071,1.2068336138433,NA,NA
"44","Brazil","BRA",NA,NA,NA,NA,-7.86,-7.166,-6,-9.3,-6.1,-3.3,3.2,8.3,1.8,11.5,1.80505415162455,NA,12,52.9411764705882,45.1612903225806,5.97543581616482,1,5.99577390385631,0,2.49405083333071,1.2068336138433,NA,NA
"45","Brazil","BRA",NA,NA,NA,NA,-7.86,-7.166,-6,-9.3,-6.1,-3.3,3.2,8.3,1.8,11.5,1.80505415162455,NA,12,52.9411764705882,45.1612903225806,5.97543581616482,1,5.99577390385631,0,2.49405083333071,1.2068336138433,NA,NA
"46","Brazil","BRA",NA,NA,NA,NA,-7.86,-7.166,-6,-9.3,-6.1,-3.3,3.2,8.3,1.8,11.5,1.80505415162455,NA,12,52.9411764705882,45.1612903225806,5.97543581616482,1,5.99577390385631,0,2.49405083333071,1.2068336138433,NA,NA
"47","Brazil","BRA",NA,NA,NA,NA,-7.86,-7.166,-6,-9.3,-6.1,-3.3,3.2,8.3,1.8,11.5,1.80505415162455,NA,12,52.9411764705882,45.1612903225806,5.97543581616482,1,5.99577390385631,0,2.49405083333071,1.2068336138433,NA,NA
"48","Brazil","BRA",NA,NA,NA,NA,-7.86,-7.166,-6,-9.3,-6.1,-3.3,3.2,8.3,1.8,11.5,1.80505415162455,NA,12,52.9411764705882,45.1612903225806,5.97543581616482,1,5.99577390385631,0,2.49405083333071,1.2068336138433,NA,NA
"49","Brazil","BRA",NA,NA,NA,NA,-7.86,-7.166,-6,-9.3,-6.1,-3.3,3.2,8.3,1.8,11.5,1.80505415162455,NA,12,52.9411764705882,45.1612903225806,5.97543581616482,1,5.99577390385631,0,2.49405083333071,1.2068336138433,NA,NA
"50","Brazil","BRA",NA,NA,NA,NA,-7.86,-7.166,-6,-9.3,-6.1,-3.3,3.2,8.3,1.8,11.5,1.80505415162455,7.5,12,52.9411764705882,45.1612903225806,5.97543581616482,1,5.99577390385631,0,2.49405083333071,1.2068336138433,NA,NA
"51","Barbados","BRB",NA,NA,NA,NA,-4.285,-0.299,3.5,-0.6,1,-4,1.6,9,3.4,NA,NA,6.25,4.24100648712404,71.4285714285714,85.7142857142857,0,1,0,0,1.45050817783273,3.42494400868833,NA,NA
"52","Brunei Darussalam","BRN",NA,NA,NA,NA,-10.623,-3.559,-10.5,-26.6,-21.6,-16.1,5,10,0,NA,NA,5,0.206016958670261,0,0,2.99398304132974,1,0,0,-1.79263353256512,10,NA,NA
"53","Bhutan","BTN","Moderate","…","Oct-18",7,-4.786,-3.287,0.6,-5.5,-5.9,-6.2,-0.4,10,5.4,2,8.66425992779783,2.5,1.68543279380718,0,22.2222222222222,1.37227304714989,1,0,0,-1.33206172229575,9.33945760076816,4.5,2.38095238095238
"54","Botswana","BWA",NA,NA,NA,NA,-1.054,-4.588,-6.2,-5.9,-3.1,0.3,2.8,4.7,2.2,1.1,9.31407942238267,7.5,0.66,21.0526315789474,50,0.44,1,0,1,0.576911637039034,5.2818240871653,NA,NA
"55","Central African Republic","CAF","High","High","Apr-20",10,-1.063,-0.972,1.4,-2.4,0.4,-3.8,2.8,8.8,2.2,1.9,8.73646209386282,10,3.0962962962963,11.9047619047619,0,3.30317391928766,1,0,0,-1.40843639689142,9.50179639806697,3.5,7.14285714285714
"56","Canada","CAN",NA,NA,NA,NA,NA,NA,NA,NA,NA,NA,NA,NA,NA,15,0,NA,18.5,85.7142857142857,55.5555555555556,15.178058587019,1,0,0,2.32998325662812,1.55556875698644,NA,NA
"57","Canada","CAN",NA,NA,NA,NA,NA,NA,NA,NA,NA,NA,NA,NA,NA,15,0,NA,18.5,85.7142857142857,55.5555555555556,15.178058587019,1,0,0,2.32998325662812,1.55556875698644,NA,NA
"58","Canada","CAN",NA,NA,NA,NA,NA,NA,NA,NA,NA,NA,NA,NA,NA,15,0,NA,18.5,85.7142857142857,55.5555555555556,15.178058587019,1,0,0,2.32998325662812,1.55556875698644,NA,NA
"59","Canada","CAN",NA,NA,NA,NA,NA,NA,NA,NA,NA,NA,NA,NA,NA,15,0,NA,18.5,85.7142857142857,55.5555555555556,15.178058587019,1,0,0,2.32998325662812,1.55556875698644,NA,NA
"60","Canada","CAN",NA,NA,NA,NA,NA,NA,NA,NA,NA,NA,NA,NA,NA,15,0,NA,18.5,85.7142857142857,55.5555555555556,15.178058587019,1,0,0,2.32998325662812,1.55556875698644,NA,NA
"61","Canada","CAN",NA,NA,NA,NA,NA,NA,NA,NA,NA,NA,NA,NA,NA,15,0,NA,18.5,85.7142857142857,55.5555555555556,15.178058587019,1,0,0,2.32998325662812,1.55556875698644,NA,NA
"62","Canada","CAN",NA,NA,NA,NA,NA,NA,NA,NA,NA,NA,NA,NA,NA,15,0,NA,18.5,85.7142857142857,55.5555555555556,15.178058587019,1,0,0,2.32998325662812,1.55556875698644,NA,NA
"63","Canada","CAN",NA,NA,NA,NA,NA,NA,NA,NA,NA,NA,NA,NA,NA,15,0,NA,18.5,85.7142857142857,55.5555555555556,15.178058587019,1,0,0,2.32998325662812,1.55556875698644,NA,NA
"64","Canada","CAN",NA,NA,NA,NA,NA,NA,NA,NA,NA,NA,NA,NA,NA,15,0,NA,18.5,85.7142857142857,55.5555555555556,15.178058587019,1,0,0,2.32998325662812,1.55556875698644,NA,NA
"65","Canada","CAN",NA,NA,NA,NA,NA,NA,NA,NA,NA,NA,NA,NA,NA,15,0,NA,18.5,85.7142857142857,55.5555555555556,15.178058587019,1,0,0,2.32998325662812,1.55556875698644,NA,NA
"66","Canada","CAN",NA,NA,NA,NA,NA,NA,NA,NA,NA,NA,NA,NA,NA,15,0,NA,18.5,85.7142857142857,55.5555555555556,15.178058587019,1,0,0,2.32998325662812,1.55556875698644,NA,NA
"67","Canada","CAN",NA,NA,NA,NA,NA,NA,NA,NA,NA,NA,NA,NA,NA,15,0,NA,18.5,85.7142857142857,55.5555555555556,15.178058587019,1,0,0,2.32998325662812,1.55556875698644,NA,NA
"68","Canada","CAN",NA,NA,NA,NA,NA,NA,NA,NA,NA,NA,NA,NA,NA,15,0,NA,18.5,85.7142857142857,55.5555555555556,15.178058587019,1,0,0,2.32998325662812,1.55556875698644,NA,NA
"69","Canada","CAN",NA,NA,NA,NA,NA,NA,NA,NA,NA,NA,NA,NA,NA,15,0,2.5,18.5,85.7142857142857,55.5555555555556,15.178058587019,1,0,0,2.32998325662812,1.55556875698644,NA,NA
"70","Switzerland","CHE",NA,NA,NA,NA,NA,NA,NA,NA,NA,NA,NA,NA,NA,10.4,2.59927797833935,6.25,12.0534206553344,0,100,9.39892703096434,1,16.3,1,6.52387941561694,0,NA,NA
"71","Chile","CHL",NA,NA,NA,NA,-2.621,-1.465,-2.6,-6.3,-3.5,-3.7,2.8,8.7,2.2,4.7,6.71480144404332,0,10.354,71.4285714285714,0,11.8951729388214,1,8.13289966931419,1,3.6831424503077,0,NA,NA
"72","China","CHN",NA,NA,NA,NA,-3.835,-4.655,-6.4,-11.2,-9.6,-4.9,1.6,9.9,3.4,4.5,6.85920577617328,3.75,6,15.625,11.1111111111111,8.46383108910891,1,0,1,0.216015969572319,6.04892874478991,NA,NA
"73","Côte d'Ivoire","CIV","Moderate","Moderate","Dec-20",7,-3.333,-2.945,-2.3,-5.3,-2.5,-3,2.8,8,2.2,2.5,8.30324909747292,5,2.6,15.5555555555556,0,2.1,1,0,0,-1.40108995642959,9.48618111308784,4,4.76190476190476
"74","Cameroon","CMR","High","High","Oct-20",10,-4.872,-2.487,-2.3,-4.5,-3.6,-2.1,0.9,7.1,4.1,2,8.66425992779783,10,1.94139573410644,11.9047619047619,0,0.802443570097329,1,0,0,-1.55078437691945,9.80436527967603,4,4.76190476190476
"75","Congo DR","COD","Moderate","Moderate","Apr-20",7,1.355,-0.048,-2.1,-1.2,-0.3,0.9,0.9,4.1,4.1,0.3,9.89169675090253,10,0.3,-105.555555555556,100,0,1,0.0510266563252643,0,-1.97285820992199,10,3,9.52380952380952
"76","Congo","COG","In distress","In distress","Jan-20",10,-7.387,6.617,5.8,5.7,6.1,-0.1,0.399999999999999,5.1,4.6,NA,NA,10,1.2,11.9047619047619,0,2.22586961529601,1,0,0,-1.53510577642631,9.77103950564348,3,9.52380952380952
"77","Colombia","COL",NA,NA,NA,NA,-2.496,-4.676,-2.2,-2.5,-1.3,-0.3,1.2,5.3,3.8,1.5,9.02527075812274,2.5,2.8,58.8235294117647,24.7474747474747,1.17415636103021,1,0.42696594946553,1,1.06686873148561,4.24039188648406,NA,NA
>>>>>>> use
"78","Comoros","COM","Moderate","Moderate","Apr-20",7,0.351,-1.038,-2.2,-3.8,-2.7,-1.5,1.1,6.5,3.9,NA,NA,NA,NA,NA,NA,NA,NA,NA,NA,NA,NA,3,9.52380952380952
"79","Cabo Verde","CPV","High","High","Oct-20",10,-2.972,-2.818,-1.8,-8.3,-4.3,-6.5,4,10,1,NA,NA,5,2.86909090909091,83.3333333333333,23.0769230769231,0,1,0,0,0.359688003994401,5.7435455088281,4,4.76190476190476
"80","Costa Rica","CRI",NA,NA,NA,NA,-6.178,-5.905,-7,-7.8,-7.1,-0.8,0.7,5.8,4.3,NA,NA,5,0.494815705573731,66.6666666666667,0,0.0647852975001975,1,0,1,0.459019703152865,5.53241022530118,NA,NA
"81","Cuba","CUB",NA,NA,NA,NA,NA,NA,NA,NA,NA,NA,NA,NA,NA,NA,NA,5,NA,NA,NA,NA,NA,NA,NA,NA,NA,NA,NA
"82","Cyprus","CYP",NA,NA,NA,NA,NA,NA,NA,NA,NA,NA,NA,NA,NA,4.5,6.85920577617328,0,13.4729534866921,0,0,23.8245140032949,1,0,0,-0.436535171338723,7.43596401469179,NA,NA
"83","Czech Republic","CZE",NA,NA,NA,NA,NA,NA,NA,NA,NA,NA,NA,NA,NA,4.4,6.93140794223827,3.75,NA,NA,NA,NA,NA,NA,NA,NA,NA,NA,NA
"84","Germany","DEU",NA,NA,NA,NA,NA,NA,NA,NA,NA,NA,NA,NA,NA,4.9,6.57039711191336,6.25,20.321516902443,0,100,44.7466528604711,1,0,0,2.64246848312423,0.891363297367942,NA,NA
"85","Djibouti","DJI","High","High","May-20",10,-4.53,-2.782,-0.8,-2.7,-1.7,-1.9,1,6.9,4,2.4,8.37545126353791,8.75,3.2,0,0,0,1,0,0,-1.75859296354354,10,4,4.76190476190476
"86","Dominica","DMA","High","…","Sep-18",10,0.272,-19.73,-9.2,-4.5,-0.6,4.6,3.9,0.4,1.1,NA,NA,7.5,NA,NA,NA,NA,NA,NA,NA,NA,NA,4.5,2.38095238095238
"87","Denmark","DNK",NA,NA,NA,NA,NA,NA,NA,NA,NA,NA,NA,NA,NA,5.7,5.9927797833935,5,15.971452307998,-20,100,7.81448026361269,1,0,0,0.733541225251373,4.94889881964157,NA,NA
"88","Dominican Republic","DOM",NA,NA,NA,NA,-3.088,-2.16,-2.2,-4.4,-2.9,-2.2,1.5,7.2,3.5,4,7.22021660649819,7.5,5.33661319047063,39.4444444444444,25,14.2501433817328,1,0,1,1.14672764009251,4.07064714785867,NA,NA
"89","Algeria","DZA",NA,NA,NA,NA,-6.647,-4.468,-5.1,-15,-10.1,-9.9,4.9,10,0.0999999999999996,0.3,9.89169675090253,7.5,-2.2,14.2857142857143,70,0,1,6,1,2.356197260062,1.49984937340316,NA,NA
"90","Ecuador","ECU",NA,NA,NA,NA,-4.461,-3.132,-2.8,-7,-4.4,-4.2,2.6,9.2,2.4,NA,NA,2.5,1.10703149504603,0,0,0.87639993357811,1,0,0,-1.82539187465716,10,NA,NA
"91","Egypt","EGY",NA,NA,NA,NA,-10.429,-9.41,-7.4,-7.7,-6.6,-0.3,1.1,5.3,3.9,1.8,8.8086642599278,2.5,1.8,23.5294117647059,0,2.214,1,0,1,-0.267315729425971,7.0762782834579,NA,NA
"92","Eritrea","ERI","…","…","…",NA,-6.037,4.212,-1.5,-5,-4.5,-3.5,0.5,8.5,4.5,NA,NA,5,0,0,0,0,0,0,0,-3.93854629716504,10,1.5,10
"93","Spain","ESP",NA,NA,NA,NA,NA,NA,NA,NA,NA,NA,NA,NA,NA,3.5,7.5812274368231,1.25,11.1093374152635,0,0,25.8029184549356,1,0,0,-0.477024922585945,7.52202732763159,NA,NA
"94","Estonia","EST",NA,NA,NA,NA,NA,NA,NA,NA,NA,NA,NA,NA,NA,7,5.05415162454874,0,13.9093374152635,0,100,15.1038359121986,1,0,0,1.2951127633321,3.75524596845884,NA,NA
"95","Ethiopia","ETH","High","High","Apr-20",10,-3.243,-3.029,-2.5,-3,-3.4,-0.5,-0.4,5.5,5.4,0.15,10,10,3.54305442818595,0,0,1.44,0,0,0,-3.72212481156012,10,3.5,7.14285714285714
"96","Finland","FIN",NA,NA,NA,NA,NA,NA,NA,NA,NA,NA,NA,NA,NA,3,7.94223826714801,2.5,21.2843340865864,0,100,35.4468731343284,1,0,0,2.35872519717323,1.49447609656163,NA,NA
"97","Fiji","FJI",NA,NA,NA,NA,-1.829,-5.515,-4.9,-10.6,-4.6,-5.7,6,10,0,NA,NA,2.5,10.73928,50,0,3.66401158580739,0,0.0362056480811007,1,-1.28914693372711,9.24823973045384,NA,NA
"98","France","FRA",NA,NA,NA,NA,NA,NA,NA,NA,NA,NA,NA,NA,NA,6,5.77617328519856,5,15.797552903479,0,100,29.64,1,0,0,1.89714071905634,2.4756006568429,NA,NA
"99","Micronesia","FSM",NA,NA,NA,NA,NA,NA,NA,NA,NA,NA,NA,NA,NA,5,6.49819494584838,NA,NA,NA,NA,NA,NA,NA,NA,NA,NA,3,9.52380952380952
<<<<<<< HEAD
"100","Gabon","GAB",NA,NA,NA,NA,-1.699,-0.211,1.9,-2.7,-1.3,-4.6,1.4,9.6,3.6,0.74,9.57400722021661,5,1.94,11.9047619047619,0,2.22222222222222,1,0,0,-1.49138612953054,9.70271397106331,NA,NA
"101","United Kingdom","GBR",NA,NA,NA,NA,NA,NA,NA,NA,NA,NA,NA,NA,NA,1.4,9.09747292418773,0,9,86.6666666666667,100,31.4668367346939,1,0,0,3.56282175384538,0,NA,NA
"102","United Kingdom","GBR",NA,NA,NA,NA,NA,NA,NA,NA,NA,NA,NA,NA,NA,1.4,9.09747292418773,NA,9,86.6666666666667,100,31.4668367346939,1,0,0,3.56282175384538,0,NA,NA
"103","United Kingdom","GBR",NA,NA,NA,NA,NA,NA,NA,NA,NA,NA,NA,NA,NA,1.4,9.09747292418773,NA,9,86.6666666666667,100,31.4668367346939,1,0,0,3.56282175384538,0,NA,NA
"104","United Kingdom","GBR",NA,NA,NA,NA,NA,NA,NA,NA,NA,NA,NA,NA,NA,1.4,9.09747292418773,NA,9,86.6666666666667,100,31.4668367346939,1,0,0,3.56282175384538,0,NA,NA
"105","United Kingdom","GBR",NA,NA,NA,NA,NA,NA,NA,NA,NA,NA,NA,NA,NA,1.4,9.09747292418773,NA,9,86.6666666666667,100,31.4668367346939,1,0,0,3.56282175384538,0,NA,NA
"106","Georgia","GEO",NA,NA,NA,NA,-0.484,-0.817,-1.8,-7.5,-3.4,-5.7,4.1,10,0.9,NA,NA,8.75,13.0008948194662,11.1111111111111,0,0.803767660910518,1,5.14913657770801,0,0.495021309744144,5.52990573424877,4.5,2.38095238095238
"107","Ghana","GHA","High","High","Apr-20",10,-4.061,-6.972,-7.4,-10,-5.4,-2.6,4.6,7.6,0.4,1.5,9.02527075812274,10,2.58739162455089,9.375,35,8.36994946106713,1,1.49082397841287,0,-0.135394107319531,6.85420738200071,3.5,7.14285714285714
"108","Guinea","GIN","Moderate","Moderate","Dec-20",7,-2.059,-1.063,-0.5,-4.3,-4.1,-3.8,0.2,8.8,4.8,0.3,9.89169675090253,10,2.94,8.33333333333333,6.25,0,1,0,0,-1.46882234573705,9.65531466062701,4,4.76190476190476
"109","Gambia","GMB","High","High","Apr-20",10,-4.98,-6.197,-2.6,-2.4,-2.1,0.2,0.3,4.8,4.7,0.5,9.74729241877256,10,3.201269035533,20,13.3333333333333,1.65241116751269,1,4.39819514946419,1,1.19411982580817,4.06132280987048,2.5,10
"110","Guinea-Bissau","GNB","Moderate","…","Jun-18",7,-1.321,-4.844,-4.9,-4.1,-3.9,0.8,0.2,4.2,4.8,3.56,7.53790613718412,NA,0.503965517241379,15.55555556,0,3.1,1,0,0,-1.45753400052703,9.6316014490567,3,9.52380952380952
"111","Equatorial Guinea","GNQ",NA,NA,NA,NA,-2.59,0.51,1.7,-4.8,-2.4,-6.5,2.4,10,2.6,NA,NA,NA,2,11.9047619047619,0,0,1,0,0,-1.57150197985207,9.8710118104246,NA,NA
"112","Greece","GRC",NA,NA,NA,NA,NA,NA,NA,NA,NA,NA,NA,NA,NA,14,0,1.25,14,0,0,13.68,1,0,0,-0.682183885194854,8.002838243833,NA,NA
"113","Grenada","GRD","In distress","In distress","Apr-20",10,3.014,4.581,4.9,-0.4,2,-5.4,2.4,10,2.6,NA,NA,NA,NA,NA,NA,NA,NA,NA,NA,NA,NA,4.5,2.38095238095238
"114","Guatemala","GTM",NA,NA,NA,NA,-1.386,-1.891,-2.3,-4.4,-2.9,-2.2,1.5,7.2,3.5,NA,NA,3.75,3.4,36.3636363636364,0,1.84461004943555,1,0,0,-0.923368174869211,8.50948948297199,NA,NA
"115","Guyana","GUY","Moderate","Moderate","Sep-19",7,-4.322,-3.543,-4.7,-0.3,-1.7,4.4,-1.4,0.6,6.4,NA,NA,5,40.6258014875609,0,16.6666666666667,0.0024621697871249,1,0,0,0.529429120448616,5.457625902287,3.5,7.14285714285714
"116","Honduras","HND","Low","Low","Jun-20",3,-0.408,0.198,0.1,0,-0.5,-0.1,-0.5,5.1,5.5,2.1,8.59205776173285,2.5,2.1,28.5714285714286,0,5.5,1,0,0,-1.01529348580512,8.70259523109845,3.5,7.14285714285714
"117","Croatia","HRV",NA,NA,NA,NA,0.752,0.234,0,-6.5,-2.6,-6.5,3.9,10,1.1,1,9.38628158844765,6.25,14.0001965851975,83.3333333333333,25,5.98003360680044,1,3.83842377516392,1,3.305719653847,0,NA,NA
"118","Haiti","HTI","High","High","Apr-20",10,0.268,-1.719,-2.4,-5.1,-3,-2.8,2.1,7.8,2.9,4,7.22021660649819,5,2.12,13.5692640692641,12.3825317855169,0,1,0,0,-1.27765361707398,9.25373015695746,3.5,7.14285714285714
"119","Hungary","HUN",NA,NA,NA,NA,-2.456,-2.149,-2,-3,-1.6,-0.9,1.4,5.9,3.6,0.6,9.67509025270758,6.25,6.19561509165004,16.6666666666667,0,19.3049105963957,1,0,1,0.403906965577799,5.72130789994349,NA,NA
"120","Indonesia","IDN",NA,NA,NA,NA,-2.509,-1.75,-2.2,-5,-4,-2.8,1,7.8,4,0.2,9.96389891696751,6.25,4.4,25,50,3.23717090909091,1,0,1,0.903561086813829,4.67169401337179,4.5,2.38095238095238
"121","India","IND",NA,NA,NA,NA,-6.361,-6.27,-7.4,-7.4,-7.3,0,0.100000000000001,5,4.9,5.6,6.06498194945848,5,7,26.9813750743016,33.3333333333333,10.8,1,0.147112909157779,1,1.06448246191414,4.33364954866555,4.5,2.38095238095238
"122","Ireland","IRL",NA,NA,NA,NA,NA,NA,NA,NA,NA,NA,NA,NA,NA,14,0,0,17.0988526643932,0,100,15.2530825583208,1,0,0,1.58219253422685,3.24610586990388,NA,NA
"123","Iran","IRN",NA,NA,NA,NA,-1.817,-1.897,-5.6,-9.8,-7.7,-4.2,2.1,9.2,2.9,7,5.05415162454874,6.25,8.65343511450382,0,0,4.46,1,0.54525627044711,0,-1.14839263811282,8.98219408281509,NA,NA
"124","Iraq","IRQ",NA,NA,NA,NA,-1.619,7.893,-0.8,-22.3,-14.7,-21.5,7.6,10,0,NA,NA,5,0.148509552776638,0,13.3333333333333,1,1,0,0,-1.60406890666626,9.93942453269449,NA,NA
"125","Iceland","ISL",NA,NA,NA,NA,NA,NA,NA,NA,NA,NA,NA,NA,NA,7.8,4.47653429602888,1.25,9.19809348607743,63.6363636363636,50,12,1,3.56643532067899,0,2.37104419700481,1.5889802213679,NA,NA
"126","Israel","ISR",NA,NA,NA,NA,NA,NA,NA,NA,NA,NA,NA,NA,NA,6.1,5.70397111913357,2.5,12.663025,60,9.12962962962963,7.125,1,3.86880121325606,0,1.54457588778683,3.32512644191883,NA,NA
"127","Italy","ITA",NA,NA,NA,NA,NA,NA,NA,NA,NA,NA,NA,NA,NA,3.5,7.5812274368231,2.5,13.0203374152635,0,0,64.64,1,0,0,1.17561754426824,4.10019019995529,NA,NA
"128","Jamaica","JAM",NA,NA,NA,NA,0.453,1.181,0.2,-0.9,-0.2,-1.1,0.7,6.1,4.3,3.5,7.5812274368231,5,1.1,0,0,2.72815471185564,1,0,1,-0.826690222061278,8.30639995067411,NA,NA
"129","Jordan","JOR",NA,NA,NA,NA,-3.644,-4.737,-6.1,-6.7,-5.7,-0.6,1,5.6,4,NA,NA,8.75,3.49183041309026,37.5,28.5714285714286,2.16594547303209,1,0,0,-0.298902056977783,7.19768541456776,NA,NA
"130","Japan","JPN",NA,NA,NA,NA,NA,NA,NA,NA,NA,NA,NA,NA,NA,21.1,0,0,42.2,0,0,16.8091385331781,1,0,0,0.899948585350486,4.67928272632347,NA,NA
"131","Kazakhstan","KAZ",NA,NA,NA,NA,-4.266,2.58,-0.6,-5.3,-2.7,-4.7,2.6,9.7,2.4,7,5.05415162454874,10,4.5026064749923,2.77777777777778,25,0,1,0,1,-0.183492532149786,6.95524682604487,NA,NA
"132","Kenya","KEN","High","High","May-20",10,-7.856,-7.365,-7.8,-7.7,-6.9,0.1,0.8,4.9,4.2,1,9.38628158844765,7.5,0.9,15.1515151515152,0.19047619047619,0,1,0,0,-1.55754018441652,9.84168253293485,4.5,2.38095238095238
"133","Kyrgyzstan","KGZ","Moderate","Moderate","Mar-20",7,-3.733,-0.59,-0.1,-9.6,-6.4,-9.5,3.2,10,1.8,NA,NA,3.75,7.4,-17.6470588235294,48.6111111111111,0,1,3.79372957269096,1,1.11836727774009,4.22045474337431,4,4.76190476190476
"134","Cambodia","KHM","Low","Low","Dec-19",3,-0.775,0.717,0.4,-1.9,-1.7,-2.3,0.2,7.3,4.8,2,8.66425992779783,8.75,2.7085671530116,30.9090909090909,27.0833333333333,2.24466891133558,1,0,0,-0.503503015631738,7.62748674769361,4,4.76190476190476
"135","Kiribati","KIR","High","High","Jan-19",10,11.638,-1.148,8.8,-18.7,1,-27.5,19.7,10,0,NA,NA,10,NA,NA,NA,NA,NA,NA,NA,NA,NA,3,9.52380952380952
"136","Saint Kitts and Nevis","KNA",NA,NA,NA,NA,0.538,1.151,3.9,-6.8,-4.4,-10.7,2.4,10,2.6,NA,NA,NA,NA,NA,NA,NA,NA,NA,NA,NA,NA,NA,NA
"137","Korea Republic of","KOR",NA,NA,NA,NA,NA,NA,NA,NA,NA,NA,NA,NA,NA,0.075,10,5,5.7601226993865,60,0,11.25,1,3.68098159509202,1,2.03561765206355,2.29360436941692,NA,NA
"138","Kuwait","KWT",NA,NA,NA,NA,6.266,9.045,4.8,-11.3,-14.1,-16.1,-2.8,10,7.8,1.5,9.02527075812274,6.25,1.5,45.4545454545455,19.2307692307692,0.033781398698163,1,0,0,-0.508535711258336,7.63805883544804,NA,NA
"139","Lao PDR","LAO","High","High","Aug-19",10,-5.487,-4.663,-5.1,-6.2,-5.5,-1.1,0.7,6.1,4.3,NA,NA,1.25,0.0993839609348416,18.3333333333333,20,0.116936064166186,1,0,0,-1.12388328260809,8.93070774697731,3,9.52380952380952
"140","Lebanon","LBN",NA,NA,NA,NA,-8.636,-11.287,-10.7,-15.3,NA,-4.6,NA,9.6,NA,NA,NA,7.5,1.93181011849855,0,0,0,1,0,0,-1.82148194939497,10,NA,NA
"141","Liberia","LBR","Moderate","High","Dec-20",7,-4.792,-5.099,-5.4,-5.2,-4.1,0.1,1.1,4.9,3.9,NA,NA,8.75,1.89323401613904,16.6666666666667,0,0,1,0,0,-1.47847319229439,9.67558800999656,3,9.52380952380952
"142","Libya","LBY",NA,NA,NA,NA,-43.464,-0.194,8.8,-7.2,-19.1,-16,-11.9,10,10,1,9.38628158844765,10,1.694,0,0,0,0,0,0,-3.74362471535349,10,NA,NA
"143","Saint Lucia","LCA",NA,NA,NA,NA,-2.215,-0.997,-2.2,-8.2,-3.3,-6,4.9,10,0.100000000000001,NA,NA,NA,NA,NA,NA,NA,NA,NA,NA,NA,NA,4.5,2.38095238095238
"144","Liechtenstein","LIE",NA,NA,NA,NA,NA,NA,NA,NA,NA,NA,NA,NA,NA,NA,NA,NA,NA,NA,NA,NA,NA,NA,NA,NA,NA,NA,NA
"145","Sri Lanka","LKA",NA,NA,NA,NA,-5.503,-5.296,-6.8,-9.4,-8.3,-2.7,1.1,7.7,3.9,0.1,10,5,0.36,28.7179487179487,37.5,1,1,0.434258666174507,1,0.556236927018397,5.40131125411685,3.5,7.14285714285714
"146","Lesotho","LSO","Moderate","Moderate","Jul-20",7,-4.034,-4.444,-3.8,-2,-7,1.8,-5,3.2,10,2,8.66425992779783,10,5.85714285714286,44,0,0,1,0,0,-0.706735522065414,8.05441339932988,3.5,7.14285714285714
"147","Lithuania","LTU",NA,NA,NA,NA,NA,NA,NA,NA,NA,NA,NA,NA,NA,5,6.49819494584838,3.75,20.9539599987351,0,100,17.9297708842117,1,0,0,1.88271198445182,2.6148103902214,NA,NA
"148","Luxembourg","LUX",NA,NA,NA,NA,NA,NA,NA,NA,NA,NA,NA,NA,NA,15,0,3.75,19.2233374152635,0,0,20.24,1,0,0,-0.1651393464381,6.91669263872393,NA,NA
"149","Latvia","LVA",NA,NA,NA,NA,NA,NA,NA,NA,NA,NA,NA,NA,NA,12,1.44404332129964,0,14.6740432976164,0,0,19.0914196033671,1,0,0,-0.444485493895148,7.50350976495097,NA,NA
"150","Morocco","MAR",NA,NA,NA,NA,-3.493,-3.736,-4.1,-7.1,-4.5,-3,2.6,8,2.4,2.7,8.15884476534296,5,3,33.3333333333333,0,4.52661290322581,1,3,1,0.892477970491232,4.69497610453098,NA,NA
"151","Moldova Republic of","MDA","Low","Low","Apr-20",3,-0.807,-1.057,-1.5,-5.5,-3.3,-4,2.2,9,2.8,NA,NA,6.25,2.4,50,-7.68799102132436,0,1,0,0,-0.919301632025587,8.50094697394905,4.5,2.38095238095238
"152","Madagascar","MDG","Moderate","Moderate","Jul-20",7,-2.103,-1.329,-1.4,-4,-4.8,-2.6,-0.8,7.6,5.8,NA,NA,7.5,3.44434782608696,0,0,1.2,1,0,1,-0.762142837465528,8.1708064904501,4,4.76190476190476
"153","Maldives","MDV","High","High","Apr-20",10,-6.344,-5.232,-5.6,-12,-6.4,-6.4,5.6,10,0,2.8,8.08664259927798,NA,3.4,0,50,0,1,9.50570342205323,1,2.94757732117802,0.377868079024736,3.5,7.14285714285714
"154","Mexico","MEX",NA,NA,NA,NA,-1.064,-2.201,-2.3,-4.2,-2.2,-1.9,2,6.9,3,1.5,9.02527075812274,7.5,2,39.2857142857143,15,5.85102040816327,1,9.61915227629513,1,3.22431401950653,0,NA,NA
"155","Marshall Islands","MHL","High","…","Sep-18",10,4.393,2.538,2,0.3,-0.3,-1.6,-0.6,6.6,5.6,NA,NA,NA,NA,NA,NA,NA,NA,NA,NA,NA,NA,3,9.52380952380952
"156","North Macedonia","MKD",NA,NA,NA,NA,-2.74,-1.763,-2,-6.5,-3.1,-4.6,3.4,9.6,1.6,NA,NA,NA,1.2,25,0,0,1,0,1,-0.406158660238265,7.42299731618927,NA,NA
"157","Mali","MLI","Moderate","Moderate","Apr-20",7,-2.862,-4.77,-1.7,-5.8,-3.3,-4.1,2.5,9.1,2.5,0.5,9.74729241877256,10,0.6,15.5555555555556,0,1.4,1,0,0,-1.51621824384056,9.75487832016998,4,4.76190476190476
"158","Malta","MLT",NA,NA,NA,NA,NA,NA,NA,NA,NA,NA,NA,NA,NA,4,7.22021660649819,3.75,17.9710508549297,0,0,23.34,1,0,0,-0.114083380464722,6.80944034438595,NA,NA
"159","Myanmar","MMR","Low","Low","Jun-20",3,-2.739,-3.013,-3.5,-4.7,-4.6,-1.2,0.100000000000001,6.2,4.9,NA,NA,2.5,1.5152892687214,37.5,30,0,1,0,0,-0.453497330861735,7.52244075905595,3.5,7.14285714285714
"160","Montenegro","MNE",NA,NA,NA,NA,-6.914,-6.541,-3.6,-10.8,-2.8,-7.3,8,10,0,NA,NA,NA,8.81231563421829,0,26.6666666666667,3.04516961651917,1,0,0,-0.804803824945874,8.26042361351808,NA,NA
"161","Mongolia","MNG",NA,NA,NA,NA,-3.784,2.93,1.3,-5.3,-3.8,-6.6,1.5,10,3.5,0.04,10,2.5,9.54,18.1818181818182,19.047619047619,1,1,0,1,0.312824583302342,5.91264292390337,3.5,7.14285714285714
"162","Mozambique","MOZ","In distress","In distress","Apr-20",10,-2.923,-6.906,-0.2,-7.7,-6.1,-7.6,1.6,10,3.4,0.5,9.74729241877256,10,4.96246179494304,19.6078431372549,7.8525641025641,3.47318699638789,1,0,1,-0.0316971192586084,6.63637309616483,3.5,7.14285714285714
"163","Mauritania","MRT","High","High","Sep-20",10,0.534,3.421,2.8,-2.6,-0.2,-5.4,2.4,10,2.6,1.1,9.31407942238267,10,5,25.4273504273504,28.5714285714286,0,0,0,0,-2.46138274777278,10,3.5,7.14285714285714
"164","Mauritius","MUS",NA,NA,NA,NA,-1.421,-2.344,-6.5,-10.6,-5.9,-4.1,4.7,9.1,0.300000000000001,2.1,8.59205776173285,2.5,7.02,44.7761194029851,11.1111111111111,17.0017090425159,1,2.29039714225678,1,1.82845032369674,2.72879682647071,NA,NA
"165","Malawi","MWI","Moderate","High","Sept-20",7,-7.326,-5.503,-6.4,-6.3,-5.2,0.1,1.1,4.9,3.9,0.85,9.49458483754513,7.5,0.85,50,25,0,1,0,0,-0.331522101814949,7.26620972085584,3.5,7.14285714285714
"166","Malaysia","MYS",NA,NA,NA,NA,-2.413,-3.308,-3.2,-4.2,-3.6,-1,0.6,6,4.4,2,8.66425992779783,2.5,5,36.3636363636364,33.3333333333333,4.8,1,0,0,-0.0480654810217307,6.67075780165771,NA,NA
"167","Namibia","NAM",NA,NA,NA,NA,-5,-5.314,-4.7,-7,-7.2,-2.3,-0.2,7.3,5.2,4.25,7.03971119133574,10,4.25,40,100,0.0265625,1,0,0,1.17244666681271,4.10685120177334,NA,NA
"168","Niger","NER","Moderate","Moderate","Oct-20",7,-4.122,-3.005,-3.6,-4.2,-3.3,-0.6,0.9,5.6,4.1,18.4,0,5,2.53131519518228,17.2413793103448,0,4,1,0,0,-1.28361030386562,9.26624325533639,4,4.76190476190476
"169","Nigeria","NGA",NA,NA,NA,NA,-5.4,-4.306,-5,-6.4,-5.8,-1.4,0.600000000000001,6.4,4.4,1.6,8.95306859205776,10,1.78090600457291,14.8148148148148,0,4.6793614052846,1,0,1,-0.41155869537481,7.4343410670489,3,9.52380952380952
"170","Nicaragua","NIC","Moderate","Moderate","Nov-20",7,-1.576,-3.192,-0.4,-4.4,-5.2,-4,-0.8,9,5.8,NA,NA,10,0,22.5,70,0,1,0,0,-0.0249336643367265,6.62216523535574,4,4.76190476190476
"171","Netherlands","NLD",NA,NA,NA,NA,NA,NA,NA,NA,NA,NA,NA,NA,NA,5,6.49819494584838,2.5,16.7093374152635,0,33.3333333333333,22.44,1,0,0,0.468156666121494,5.58633977893227,NA,NA
"172","Norway","NOR",NA,NA,NA,NA,NA,NA,NA,NA,NA,NA,NA,NA,NA,5.5,6.13718411552347,6.25,5.5,100,60,0,1,7.18344359919258,0,3.72727233687588,0,NA,NA
"173","Nepal","NPL","Low","Low","May-20",3,-3.094,-6.651,-4.6,-6,-5,-1.4,1,6.4,4,NA,NA,5,4,50,25,0,1,0,1,0.767934104100312,4.95660303022883,3,9.52380952380952
"174","Nauru","NRU",NA,NA,NA,NA,21.385,32.485,16.1,5.3,2.5,-10.8,-2.8,10,7.8,NA,NA,NA,NA,NA,NA,NA,NA,NA,NA,NA,NA,NA,NA
"175","New Zealand","NZL",NA,NA,NA,NA,NA,NA,NA,NA,NA,NA,NA,NA,NA,21.3,0,2.5,10.9086956521739,75,33.3333333333333,29.279711707454,1,14.7690853505442,0,6.22453423405036,0,NA,NA
"176","Oman","OMN",NA,NA,NA,NA,-13.959,-7.944,-7,-16.9,-14.8,-10,2.1,10,2.9,NA,NA,7.5,-5,60,40,26.2371179535048,1,0,0,0.860965960436184,4.76117278327696,NA,NA
"177","Pakistan","PAK",NA,NA,NA,NA,-5.759,-6.422,-8.8,-9.2,-6.5,-0.3,2.7,5.3,2.3,2,8.66425992779783,2.5,5.04917181145385,47.1698113207547,40,4.25193415701377,1,0,1,1.22977608134963,3.98642039364127,3.5,7.14285714285714
"178","Panama","PAN",NA,NA,NA,NA,-2.163,-3.185,-3.1,-6.2,-2.5,-3.1,3.7,8.1,1.3,3.5,7.5812274368231,2.5,7.15974086611416,0,0,3.67795027430839,1,0,0,-1.4121451810231,9.5362540212629,NA,NA
"179","Peru","PER",NA,NA,NA,NA,-2.935,-2.001,-1.4,-7.1,-2.6,-5.7,4.5,10,0.5,7,5.05415162454874,5,6,88.8888888888889,0,8.8,1,0.4,0,0.67459888621764,5.15267054299847,NA,NA
"180","Philippines","PHL",NA,NA,NA,NA,-0.39,-1.629,-1.9,-3.4,-2.7,-1.4,0.7,6.4,4.3,3.1,7.87003610108303,10,3.3,50,14.2857142857143,2.2,1,0,1,0.594919733146192,5.32005102077213,NA,NA
=======
"100","Gabon","GAB",NA,NA,NA,NA,-1.699,-0.211,1.9,-2.7,-1.3,-4.6,1.4,9.6,3.6,0.74,9.57400722021661,10,2.03,11.9047619047619,0,2.22222222222222,1,0,0,-1.49645951874096,9.68889464511275,NA,NA
"101","United Kingdom","GBR",NA,NA,NA,NA,NA,NA,NA,NA,NA,NA,NA,NA,NA,1.4,9.09747292418773,0,9.24147081122062,86.6666666666667,100,39.3586005830904,1,0,0,3.66879329734162,0,NA,NA
"102","United Kingdom","GBR",NA,NA,NA,NA,NA,NA,NA,NA,NA,NA,NA,NA,NA,1.4,9.09747292418773,0,9.24147081122062,86.6666666666667,100,39.3586005830904,1,0,0,3.66879329734162,0,NA,NA
"103","United Kingdom","GBR",NA,NA,NA,NA,NA,NA,NA,NA,NA,NA,NA,NA,NA,1.4,9.09747292418773,0,9.24147081122062,86.6666666666667,100,39.3586005830904,1,0,0,3.66879329734162,0,NA,NA
"104","United Kingdom","GBR",NA,NA,NA,NA,NA,NA,NA,NA,NA,NA,NA,NA,NA,1.4,9.09747292418773,0,9.24147081122062,86.6666666666667,100,39.3586005830904,1,0,0,3.66879329734162,0,NA,NA
"105","United Kingdom","GBR",NA,NA,NA,NA,NA,NA,NA,NA,NA,NA,NA,NA,NA,1.4,9.09747292418773,0,9.24147081122062,86.6666666666667,100,39.3586005830904,1,0,0,3.66879329734162,0,NA,NA
"106","Georgia","GEO",NA,NA,NA,NA,-0.484,-0.817,-1.8,-7.5,-3.4,-5.7,4.1,10,0.9,NA,NA,8.75,15.0008948194662,11.1111111111111,0,0.803767660910518,1,6.25431711145997,0,0.773809590200899,4.86330607610841,4.5,2.38095238095238
"107","Ghana","GHA","High","High","Apr-20",10,-4.061,-6.972,-7.4,-10,-5.4,-2.6,4.6,7.6,0.4,1.5,9.02527075812274,10,2.58739162455089,9.375,35,8.36994946106713,1,1.49082397841287,0,-0.184456319744721,6.900155805899,3.5,7.14285714285714
"108","Guinea","GIN","Moderate","Moderate","Dec-20",7,-2.059,-1.063,-0.5,-4.3,-4.1,-3.8,0.2,8.8,4.8,0.3,9.89169675090253,10,2.94,8.33333333333333,6.25,0,1,0,0,-1.47774990783598,9.64912628278162,4,4.76190476190476
"109","Gambia","GMB","High","High","Apr-20",10,-4.98,-6.197,-2.6,-2.4,-2.1,0.2,0.3,4.8,4.7,0.5,9.74729241877256,10,3.201269035533,20,13.3333333333333,1.65241116751269,1,4.69091934574168,1,1.27472987609493,3.79857097661208,2.5,10
"110","Guinea-Bissau","GNB","Moderate","…","Jun-18",7,-1.321,-4.844,-4.9,-4.1,-3.9,0.8,0.2,4.2,4.8,3.56,7.53790613718412,NA,0.503965517241379,15.55555556,0,3.1,1,0,0,-1.46366315646318,9.61918407631312,3,9.52380952380952
"111","Equatorial Guinea","GNQ",NA,NA,NA,NA,-2.59,0.51,1.7,-4.8,-2.4,-6.5,2.4,10,2.6,NA,NA,NA,2,11.9047619047619,0,0,1,0,0,-1.5764108731941,9.85883588274221,NA,NA
"112","Greece","GRC",NA,NA,NA,NA,NA,NA,NA,NA,NA,NA,NA,NA,NA,14,0,1.25,14,0,0,13.68,1,0,0,-0.77049557911005,8.14581621674747,NA,NA
"113","Grenada","GRD","In distress","In distress","Apr-20",10,3.014,4.581,4.9,-0.4,2,-5.4,2.4,10,2.6,NA,NA,NA,NA,NA,NA,NA,NA,NA,NA,NA,NA,4.5,2.38095238095238
"114","Guatemala","GTM",NA,NA,NA,NA,-1.386,-1.891,-2.3,-4.4,-2.9,-2.2,1.5,7.2,3.5,NA,NA,3.75,3.4,36.3636363636364,0,1.84461004943555,1,0,0,-0.95632448215803,8.54080632025855,NA,NA
"115","Guyana","GUY","Moderate","Moderate","Sep-19",7,-4.322,-3.543,-4.7,-0.3,-1.7,4.4,-1.4,0.6,6.4,NA,NA,5,40.8720184662734,0,16.6666666666667,0.0024621697871249,1,0,0,0.338006913434729,5.78962992338329,3.5,7.14285714285714
"116","Honduras","HND","Low","Low","Jun-20",3,-0.408,0.198,0.1,0,-0.5,-0.1,-0.5,5.1,5.5,2.1,8.59205776173285,2.5,2.1,28.5714285714286,0,5.5,1,0,0,-1.04378867031888,8.72671652135491,3.5,7.14285714285714
"117","Croatia","HRV",NA,NA,NA,NA,0.752,0.234,0,-6.5,-2.6,-6.5,3.9,10,1.1,1,9.38628158844765,6.25,15.1001965851975,83.3333333333333,25,5.98003360680044,1,3.83842377516392,1,3.25079151133811,0,NA,NA
"118","Haiti","HTI","High","High","Apr-20",10,0.268,-1.719,-2.4,-5.1,-3,-2.8,2.1,7.8,2.9,4,7.22021660649819,5,2.12,13.5692640692641,12.3825317855169,0,1,0,0,-1.28742710192386,9.24458412827976,3.5,7.14285714285714
"119","Hungary","HUN",NA,NA,NA,NA,-2.456,-2.149,-2,-3,-1.6,-0.9,1.4,5.9,3.6,0.6,9.67509025270758,6.25,6.19561509165004,16.6666666666667,0,19.3049105963957,1,0,1,0.404814506462748,5.64762651243569,NA,NA
"120","Indonesia","IDN",NA,NA,NA,NA,-2.509,-1.75,-2.2,-5,-4,-2.8,1,7.8,4,0.2,9.96389891696751,6.25,4.4,25,50,3.23717090909091,1,0,1,0.929502577962309,4.53237160712567,4.5,2.38095238095238
"121","India","IND",NA,NA,NA,NA,-6.361,-6.27,-7.4,-7.4,-7.3,0,0.100000000000001,5,4.9,5.6,6.06498194945848,5,9.94285714285714,26.9813750743016,33.3333333333333,10.8,1,0.147112909157779,1,1.19954196676408,3.95838723555921,4.5,2.38095238095238
"122","Ireland","IRL",NA,NA,NA,NA,NA,NA,NA,NA,NA,NA,NA,NA,NA,14,0,0,18.7988526643932,0,100,15.2530825583208,1,0,0,1.52881216630876,3.2585043429196,NA,NA
"123","Iran","IRN",NA,NA,NA,NA,-1.817,-1.897,-5.6,-9.8,-7.7,-4.2,2.1,9.2,2.9,7,5.05415162454874,6.25,8.85343511450382,0,0,4.7,1,0.54525627044711,0,-1.17749664655697,9.01092057415988,NA,NA
"124","Iraq","IRQ",NA,NA,NA,NA,-1.619,7.893,-0.8,-22.3,-14.7,-21.5,7.6,10,0,NA,NA,5,0.148509552776638,0,13.3333333333333,1,1,0,0,-1.59653363195359,9.9016079727399,NA,NA
"125","Iceland","ISL",NA,NA,NA,NA,NA,NA,NA,NA,NA,NA,NA,NA,NA,7.8,4.47653429602888,1.25,9.19809348607743,72.7272727272727,50,12,1,4.66213730245004,0,2.70082628432752,0.76732040866826,NA,NA
"126","Israel","ISR",NA,NA,NA,NA,NA,NA,NA,NA,NA,NA,NA,NA,NA,6.1,5.70397111913357,2.5,12.663025,60,9.12962962962963,7.125,1,3.86880121325606,0,1.39080738428994,3.55184150544142,NA,NA
"127","Italy","ITA",NA,NA,NA,NA,NA,NA,NA,NA,NA,NA,NA,NA,NA,3.5,7.5812274368231,2.5,14.9598374152635,0,0,64.64,1,0,0,1.07565020254408,4.2217263608017,NA,NA
"128","Jamaica","JAM",NA,NA,NA,NA,0.453,1.181,0.2,-0.9,-0.2,-1.1,0.7,6.1,4.3,3.5,7.5812274368231,7.5,1.1,0,0,2.72815471185564,1,0,1,-0.752723129978598,8.10803984608103,NA,NA
"129","Jordan","JOR",NA,NA,NA,NA,-3.644,-4.737,-6.1,-6.7,-5.7,-0.6,1,5.6,4,NA,NA,8.75,3.99183041309026,37.5,28.5714285714286,2.16594547303209,1,0,0,-0.317571912457455,7.18310071318807,NA,NA
"130","Japan","JPN",NA,NA,NA,NA,NA,NA,NA,NA,NA,NA,NA,NA,NA,21.1,0,0,54.9,0,0,16.8091385331781,1,0,0,1.25084035179069,3.84934954508551,NA,NA
"131","Kazakhstan","KAZ",NA,NA,NA,NA,-4.266,2.58,-0.6,-5.3,-2.7,-4.7,2.6,9.7,2.4,7,5.05415162454874,10,4.5026064749923,2.77777777777778,25,0,1,0,1,-0.129727852553961,6.78382727698819,NA,NA
"132","Kenya","KEN","High","High","May-20",10,-7.856,-7.365,-7.8,-7.7,-6.9,0.1,0.8,4.9,4.2,1,9.38628158844765,7.5,0.9,15.1515151515152,0.19047619047619,0,1,0,0,-1.5589777220836,9.82178070968399,4.5,2.38095238095238
"133","Kyrgyzstan","KGZ","Moderate","Moderate","Mar-20",7,-3.733,-0.59,-0.1,-9.6,-6.4,-9.5,3.2,10,1.8,NA,NA,3.75,7.4,-17.6470588235294,48.6111111111111,0,1,6.29100593148529,1,1.81418889739943,2.65191956141199,4,4.76190476190476
"134","Cambodia","KHM","Low","Low","Dec-19",3,-0.775,0.717,0.4,-1.9,-1.7,-2.3,0.2,7.3,4.8,2,8.66425992779783,8.75,2.7085671530116,30.9090909090909,27.0833333333333,2.24466891133558,1,0,0,-0.536691634895403,7.64885238274799,4,4.76190476190476
"135","Kiribati","KIR","High","High","Jan-19",10,11.638,-1.148,8.8,-18.7,1,-27.5,19.7,10,0,NA,NA,10,NA,NA,NA,NA,NA,NA,NA,NA,NA,3,9.52380952380952
"136","Saint Kitts and Nevis","KNA",NA,NA,NA,NA,0.538,1.151,3.9,-6.8,-4.4,-10.7,2.4,10,2.6,NA,NA,NA,NA,NA,NA,NA,NA,NA,NA,NA,NA,NA,NA
"137","Korea Republic of","KOR",NA,NA,NA,NA,NA,NA,NA,NA,NA,NA,NA,NA,NA,0.075,10,5,6.3601226993865,60,0,11.25,1,3.68098159509202,1,2.01336807573321,2.22855267403926,NA,NA
"138","Kuwait","KWT",NA,NA,NA,NA,6.266,9.045,4.8,-11.3,-14.1,-16.1,-2.8,10,7.8,1.5,9.02527075812274,6.25,1.5,45.4545454545455,19.2307692307692,0.033781398698163,1,0,0,-0.538796128045826,7.65332560490928,NA,NA
"139","Lao PDR","LAO","High","High","Aug-19",10,-5.487,-4.663,-5.1,-6.2,-5.5,-1.1,0.7,6.1,4.3,NA,NA,1.25,0.0993839609348416,18.3333333333333,20,0.116936064166186,1,0,0,-1.12851475066968,8.90680671560854,3,9.52380952380952
"140","Lebanon","LBN",NA,NA,NA,NA,-8.636,-11.287,-10.7,-15.3,NA,-4.6,NA,9.6,NA,NA,NA,7.5,1.93181011849855,0,0,0,1,0,0,-1.817839102774,10,NA,NA
"141","Liberia","LBR","Moderate","High","Dec-20",7,-4.792,-5.099,-5.4,-5.2,-4.1,0.1,1.1,4.9,3.9,NA,NA,8.75,1.89323401613904,16.6666666666667,0,0,1,0,0,-1.48610163040239,9.66687835313718,3,9.52380952380952
"142","Libya","LBY",NA,NA,NA,NA,-43.464,-0.194,8.8,-7.2,-19.1,-16,-11.9,10,10,1,9.38628158844765,10,1.94,0,0,0,0,0,0,-3.84791514501375,10,NA,NA
"143","Saint Lucia","LCA",NA,NA,NA,NA,-2.215,-0.997,-2.2,-8.2,-3.3,-6,4.9,10,0.100000000000001,NA,NA,NA,NA,NA,NA,NA,NA,NA,NA,NA,NA,4.5,2.38095238095238
"144","Liechtenstein","LIE",NA,NA,NA,NA,NA,NA,NA,NA,NA,NA,NA,NA,NA,NA,NA,NA,NA,NA,NA,NA,NA,NA,NA,NA,NA,NA,NA
"145","Sri Lanka","LKA",NA,NA,NA,NA,-5.503,-5.296,-6.8,-9.4,-8.3,-2.7,1.1,7.7,3.9,0.1,10,5,0.36,28.7179487179487,37.5,1,1,0.434258666174507,1,0.603795551010373,5.22468076990867,3.5,7.14285714285714
"146","Lesotho","LSO","Moderate","Moderate","Jul-20",7,-4.034,-4.444,-3.8,-2,-7,1.8,-5,3.2,10,2,8.66425992779783,10,6.68571428571429,44,0,1.28571428571429,1,0,0,-0.669759207862842,7.93169522128536,3.5,7.14285714285714
"147","Lithuania","LTU",NA,NA,NA,NA,NA,NA,NA,NA,NA,NA,NA,NA,NA,5,6.49819494584838,3.75,20.9539599987351,0,100,17.9297708842117,1,0,0,1.72410655692181,2.84339479699786,NA,NA
"148","Luxembourg","LUX",NA,NA,NA,NA,NA,NA,NA,NA,NA,NA,NA,NA,NA,15,0,3.75,19.2233374152635,0,0,20.2738028169014,1,0,0,-0.293402485942889,7.13172719634432,NA,NA
"149","Latvia","LVA",NA,NA,NA,NA,NA,NA,NA,NA,NA,NA,NA,NA,NA,12,1.44404332129964,0,16.1461795205267,0,0,19.0914196033671,1,0,0,-0.478952550833234,7.52612461319072,NA,NA
"150","Morocco","MAR",NA,NA,NA,NA,-3.493,-3.736,-4.1,-7.1,-4.5,-3,2.6,8,2.4,2.7,8.15884476534296,5,3,33.3333333333333,0,4.52661290322581,1,3,1,0.896673729629521,4.60215122691802,NA,NA
"151","Moldova Republic of","MDA","Low","Low","Apr-20",3,-0.807,-1.057,-1.5,-5.5,-3.3,-4,2.2,9,2.8,NA,NA,6.25,2.4,50,-7.68799102132436,0,1,0,0,-0.950607851700378,8.52865529090215,4.5,2.38095238095238
"152","Madagascar","MDG","Moderate","Moderate","Jul-20",7,-2.103,-1.329,-1.4,-4,-4.8,-2.6,-0.8,7.6,5.8,NA,NA,7.5,3.44434782608696,0,0,1.2,1,0,1,-0.697218364436869,7.99006125003333,4,4.76190476190476
"153","Maldives","MDV","High","High","Apr-20",10,-6.344,-5.232,-5.6,-12,-6.4,-6.4,5.6,10,0,2.8,8.08664259927798,NA,3.4,0,50,0,1,9.50570342205323,1,2.89791173324758,0.34840386451063,3.5,7.14285714285714
"154","Mexico","MEX",NA,NA,NA,NA,-1.064,-2.201,-2.3,-4.2,-2.2,-1.9,2,6.9,3,1.5,9.02527075812274,7.5,2,39.2857142857143,15,5.85102040816327,1,9.61915227629513,1,3.15008361293687,0,NA,NA
"155","Marshall Islands","MHL","High","…","Sep-18",10,4.393,2.538,2,0.3,-0.3,-1.6,-0.6,6.6,5.6,NA,NA,NA,NA,NA,NA,NA,NA,NA,NA,NA,NA,3,9.52380952380952
"156","North Macedonia","MKD",NA,NA,NA,NA,-2.74,-1.763,-2,-6.5,-3.1,-4.6,3.4,9.6,1.6,NA,NA,NA,1.2,25,0,0,1,0,1,-0.344175222200726,7.23964758989497,NA,NA
"157","Mali","MLI","Moderate","Moderate","Apr-20",7,-2.862,-4.77,-1.7,-5.8,-3.3,-4.1,2.5,9.1,2.5,0.5,9.74729241877256,10,1.4,15.5555555555556,0,1.4,1,0,0,-1.4818936630791,9.65793407471043,4,4.76190476190476
"158","Malta","MLT",NA,NA,NA,NA,NA,NA,NA,NA,NA,NA,NA,NA,NA,4,7.22021660649819,3.75,17.9888508549297,0,0,23.34,1,0,0,-0.242691917493007,7.02393894407253,NA,NA
"159","Myanmar","MMR","Low","Low","Jun-20",3,-2.739,-3.013,-3.5,-4.7,-4.6,-1.2,0.100000000000001,6.2,4.9,NA,NA,2.5,1.5152892687214,37.5,30,0,1,0,0,-0.480979095468415,7.53043215126521,3.5,7.14285714285714
"160","Montenegro","MNE",NA,NA,NA,NA,-6.914,-6.541,-3.6,-10.8,-2.8,-7.3,8,10,0,NA,NA,NA,12.4546460176991,0,26.6666666666667,3.04516961651917,1,0,0,-0.680066622497124,7.95360422847718,NA,NA
"161","Mongolia","MNG",NA,NA,NA,NA,-3.784,2.93,1.3,-5.3,-3.8,-6.6,1.5,10,3.5,0.04,10,2.5,11.04,45.4545454545455,19.047619047619,1,1,0,1,0.944881961967828,4.49968183507924,3.5,7.14285714285714
"162","Mozambique","MOZ","In distress","In distress","Apr-20",10,-2.923,-6.906,-0.2,-7.7,-6.1,-7.6,1.6,10,3.4,0.5,9.74729241877256,10,4.96246179494304,19.6078431372549,7.8525641025641,3.47318699638789,1,0,1,0.00503808909797443,6.49737445737959,3.5,7.14285714285714
"163","Mauritania","MRT","High","High","Sep-20",10,0.534,3.421,2.8,-2.6,-0.2,-5.4,2.4,10,2.6,1.1,9.31407942238267,10,5,25.4273504273504,14.2857142857143,0,0,0,0,-2.90759697378651,10,3.5,7.14285714285714
"164","Mauritius","MUS",NA,NA,NA,NA,-1.421,-2.344,-6.5,-10.6,-5.9,-4.1,4.7,9.1,0.300000000000001,2.1,8.59205776173285,2.5,7.02,44.7761194029851,11.1111111111111,17.0017090425159,1,2.29039714225678,1,1.78250717352956,2.71926090167454,NA,NA
"165","Malawi","MWI","Moderate","High","Sept-20",7,-7.326,-5.503,-6.4,-6.3,-5.2,0.1,1.1,4.9,3.9,0.85,9.49458483754513,7.5,0.85,11.1111111111111,25,0,1,0,0,-1.14113964105136,8.93364165181537,3.5,7.14285714285714
"166","Malaysia","MYS",NA,NA,NA,NA,-2.413,-3.308,-3.2,-4.2,-3.6,-1,0.6,6,4.4,2,8.66425992779783,2.5,5.15476190476191,36.3636363636364,33.3333333333333,4.99345238095238,1,0,0,-0.0898720024315657,6.6991113576282,NA,NA
"167","Namibia","NAM",NA,NA,NA,NA,-5,-5.314,-4.7,-7,-7.2,-2.3,-0.2,7.3,5.2,4.25,7.03971119133574,10,4.25,40,100,0.0265625,1,0,0,1.11140891699433,4.1457191407705,NA,NA
"168","Niger","NER","Moderate","Moderate","Oct-20",7,-4.122,-3.005,-3.6,-4.2,-3.3,-0.6,0.9,5.6,4.1,18.4,0,5,2.53131519518228,17.2413793103448,0,4,1,0,0,-1.30340125337156,9.27853811299547,4,4.76190476190476
"169","Nigeria","NGA",NA,NA,NA,NA,-5.4,-4.306,-5,-6.4,-5.8,-1.4,0.600000000000001,6.4,4.4,1.6,8.95306859205776,10,1.78090600457291,14.8148148148148,0,4.6793614052846,1,0,1,-0.355463367998136,7.26364119801424,3,9.52380952380952
"170","Nicaragua","NIC","Moderate","Moderate","Nov-20",7,-1.576,-3.192,-0.4,-4.4,-5.2,-4,-0.8,9,5.8,NA,NA,10,0,30,70,0,1,0,0,0.105944123663678,6.28289283270084,4,4.76190476190476
"171","Netherlands","NLD",NA,NA,NA,NA,NA,NA,NA,NA,NA,NA,NA,NA,NA,5,6.49819494584838,2.5,16.7093374152635,0,33.3333333333333,22.94,1,0,0,0.3565656000561,5.75018235936408,NA,NA
"172","Norway","NOR",NA,NA,NA,NA,NA,NA,NA,NA,NA,NA,NA,NA,NA,5.5,6.13718411552347,6.25,5.5,100,60,0,1,7.18344359919258,0,3.54918476700587,0,NA,NA
"173","Nepal","NPL","Low","Low","May-20",3,-3.094,-6.651,-4.6,-6,-5,-1.4,1,6.4,4,NA,NA,5,4,50,25,0,1,0,1,0.791820803598269,4.82502219815671,3,9.52380952380952
"174","Nauru","NRU",NA,NA,NA,NA,21.385,32.485,16.1,5.3,2.5,-10.8,-2.8,10,7.8,NA,NA,NA,NA,NA,NA,NA,NA,NA,NA,NA,NA,NA,NA
"175","New Zealand","NZL",NA,NA,NA,NA,NA,NA,NA,NA,NA,NA,NA,NA,NA,21.3,0,2.5,11.0086956521739,75,33.3333333333333,29.279711707454,1,14.7690853505442,0,5.90130514236544,0,NA,NA
"176","Oman","OMN",NA,NA,NA,NA,-13.959,-7.944,-7,-16.9,-14.8,-10,2.1,10,2.9,NA,NA,2.5,-5,60,40,26.2371179535048,1,0,0,0.794290214157148,4.81977332289422,NA,NA
"177","Pakistan","PAK",NA,NA,NA,NA,-5.759,-6.422,-8.8,-9.2,-6.5,-0.3,2.7,5.3,2.3,2,8.66425992779783,2.5,5.04917181145385,47.1698113207547,40,4.25193415701377,1,0,1,1.23741842446592,3.87787862950872,3.5,7.14285714285714
"178","Panama","PAN",NA,NA,NA,NA,-2.163,-3.185,-3.1,-6.2,-2.5,-3.1,3.7,8.1,1.3,3.5,7.5812274368231,2.5,7.15974086611416,0,0,3.67795027430839,1,4.52317030465741,0,-0.192212612878341,6.91664225648585,NA,NA
"179","Peru","PER",NA,NA,NA,NA,-2.935,-2.001,-1.4,-7.1,-2.6,-5.7,4.5,10,0.5,7,5.05415162454874,5,6,88.8888888888889,0,8.8,1,0.4,0,0.572814881046205,5.29053197946368,NA,NA
"180","Philippines","PHL",NA,NA,NA,NA,-0.39,-1.629,-1.9,-3.4,-2.7,-1.4,0.7,6.4,4.3,3.1,7.87003610108303,10,3.3,50,14.2857142857143,2.2,1,0,1,0.620506588863421,5.18916049043068,NA,NA
>>>>>>> use
"181","Palau","PLW",NA,NA,NA,NA,4.852,6.116,1.9,-5,-2.5,-6.9,2.5,10,2.5,NA,NA,NA,NA,NA,NA,NA,NA,NA,NA,NA,NA,NA,NA
"182","Papua New Guinea","PNG","High","High","Jun-20",10,-2.475,-2.588,-4.1,-5,-3.9,-0.8,1.1,5.8,3.9,4,7.22021660649819,5,8.09768092593378,40,30,1.78064187900114,1,0,1,0.947045602535943,4.49508289165363,3,9.52380952380952
"183","Poland","POL",NA,NA,NA,NA,-1.459,-0.238,-0.7,-6.7,-3.5,-6,3.2,10,1.8,4.6,6.7870036101083,2.5,14.5093374152635,93.3333333333333,85.7142857142857,12.4,1,0,0,2.80688920036135,0.541877533551713,NA,NA
"184","Korea DPR","PRK",NA,NA,NA,NA,NA,NA,NA,NA,NA,NA,NA,NA,NA,NA,NA,NA,NA,NA,NA,NA,NA,NA,NA,NA,NA,NA,NA
<<<<<<< HEAD
"185","Portugal","PRT",NA,NA,NA,NA,NA,NA,NA,NA,NA,NA,NA,NA,NA,4.5,6.85920577617328,2.5,13.3593374152635,0,0,22.24,1,0,0,-0.394852516613206,7.3992467158278,NA,NA
"186","Paraguay","PRY",NA,NA,NA,NA,-0.882,-1.65,-3.9,-5.1,-3.7,-1.2,1.4,6.2,3.6,2.5,8.30324909747292,7.5,2.5,62.8472222222222,35,3.09475855970919,0,0.672987178857395,0,-1.37567447282298,9.45964069986118,NA,NA
"187","Qatar","QAT",NA,NA,NA,NA,-2.937,5.178,4.1,5.3,1.4,1.2,-3.9,3.8,8.9,13,0.722021660649819,1.25,14,47.0588235294118,0,12,1,0,0,0.229045695605114,6.08863563604394,NA,NA
"188","Romania","ROU",NA,NA,NA,NA,-2.832,-2.819,-4.6,-8.9,-7,-4.3,1.9,9.3,3.1,2,8.66425992779783,3.75,9.3093374152635,40,0,7.01730496396404,1,0,0,-0.347372993872623,7.29950738760405,NA,NA
"189","Russian Federation","RUS",NA,NA,NA,NA,-1.469,2.91,1.9,-4.8,-3,-6.8,1.8,10,3.2,3.4,7.65342960288809,6.25,4.2,33.3333333333333,0,0.921489621489622,1,0,1,-0.0432943951993119,6.66073527263133,NA,NA
"190","Rwanda","RWA","Moderate","Moderate","Dec-20",7,-2.548,-2.607,-5.2,-8.1,-4.6,-2.9,3.5,7.9,1.5,3.3,7.72563176895307,3.75,3.3,10,20,0.5,1,0,0,-1.11577672327503,8.91367845233796,4,4.76190476190476
"191","Saudi Arabia","SAU",NA,NA,NA,NA,-9.236,-5.871,-4.5,-12.6,-9,-8.1,3.6,10,1.4,2.8,8.08664259927798,3.75,-2.1892,63.4920634920635,0,6.98,1,0,0,-0.459791759957589,7.53566334625428,NA,NA
"192","Sudan","SDN","In distress","In distress","Sept-20",10,-6.473,-7.877,-10.8,-16.9,-20.6,-6.1,-3.7,10,8.7,NA,NA,10,5.83033718783403,0,0,0,1,0,0,-1.61896156348176,9.97070925293823,1.5,10
"193","Senegal","SEN","Moderate","Moderate","Apr-20",7,-2.969,-3.644,-3.9,-5.6,-3.3,-1.8,2.3,6.8,2.7,7,5.05415162454874,10,5.72935196950445,17.2413793103448,0,3.27064803049555,1,0,0,-1.1447966127993,8.97463998099723,4,4.76190476190476
"194","Singapore","SGP",NA,NA,NA,NA,NA,NA,NA,NA,NA,NA,NA,NA,NA,20,0,0,19.9359083616727,0,0,4.23399805750121,1,16.2325804121452,0,3.94238720827004,0,NA,NA
"195","Solomon Islands","SLB","Moderate","Moderate","Jun-20",7,-4.478,0.676,-2.7,-7.3,-7.8,-4.6,-0.5,9.6,5.5,2.6,8.23104693140794,10,NA,NA,NA,NA,NA,NA,NA,NA,NA,3.5,7.14285714285714
"196","Sierra Leone","SLE","High","High","Jun-20",10,-8.782,-5.613,-2.9,-5.6,-5.4,-2.7,0.199999999999999,7.7,4.8,7.5,4.69314079422383,10,6.17589416952474,12.8787878787879,0,1.28535031847134,1,0,0,-1.28626742411138,9.27182501717865,3.5,7.14285714285714
"197","El Salvador","SLV",NA,NA,NA,NA,-2.392,-2.506,-2.9,-8.6,-4.6,-5.6,4,10,1,NA,NA,2.5,1.34320911847104,0,30.6818181818182,2.49453122001765,1,0,0,-1.13134351667901,8.9463793184607,NA,NA
"198","Somalia","SOM","In distress","In distress","Dec-20",10,NA,NA,NA,NA,NA,NA,NA,NA,NA,NA,NA,7.5,NA,NA,NA,NA,NA,NA,NA,NA,NA,2,10
"199","Serbia","SRB",NA,NA,NA,NA,1.372,0.812,0,-7,-0.3,-7,6.7,10,0,7,5.05415162454874,3.75,8.22461538461538,44.4444444444444,0,7.15142911229887,1,0,1,0.629125167442838,5.24819631707197,4,4.76190476190476
"200","South Sudan","SSD","High","High","Nov-20",10,3.311,-0.643,-0.3,-2.7,-1.2,-2.4,1.5,7.4,3.5,0.1,10,10,NA,NA,NA,NA,NA,NA,NA,NA,NA,1,10
"201","Sao Tome and Principe","STP","In distress","In distress","Jul-20",10,-2.689,-1.883,-1.8,-4.5,-1.9,-2.7,2.6,7.7,2.4,NA,NA,NA,NA,NA,NA,NA,NA,NA,NA,NA,NA,3,9.52380952380952
"202","Suriname","SUR",NA,NA,NA,NA,-8.83,-7.095,-8.5,-6.9,-9.9,1.6,-3,3.4,8,NA,NA,5,0.17111027932073,0,21.4285714285714,0,1,0,0,-1.47484420395344,9.66796466337541,NA,NA
"203","Slovakia","SVK",NA,NA,NA,NA,NA,NA,NA,NA,NA,NA,NA,NA,NA,2.3,8.44765342960289,1.25,9.2093374152635,0,50,19.04,1,0,0,0.291947516461669,5.95649898019417,NA,NA
"204","Slovenia","SVN",NA,NA,NA,NA,NA,NA,NA,NA,NA,NA,NA,NA,NA,2.2,8.51985559566787,2.5,24.5380185837829,0,0,19.6627130036562,1,0,0,0.0893251776609483,6.38214386431674,NA,NA
"205","Sweden","SWE",NA,NA,NA,NA,NA,NA,NA,NA,NA,NA,NA,NA,NA,10,2.88808664259928,6.25,20.9093374152635,86.6666666666667,100,26.9393434657582,1,11.3573983986068,0,7.27936254465261,0,NA,NA
"206","Eswatini","SWZ",NA,NA,NA,NA,-7.014,-11.159,-8,-8.9,-7.6,-0.9,1.3,5.9,3.7,2,8.66425992779783,2.5,1.88,42.3076923076923,17.8787878787879,0,1,0,0,-0.582843994871,7.79415683014529,NA,NA
"207","Seychelles","SYC",NA,NA,NA,NA,0.483,0.194,0.9,-14.1,-5.7,-15,8.4,10,0,5,6.49819494584838,3.75,5,40,0,7.93607075173721,1,0,0,-0.536822002833062,7.69747930888074,NA,NA
"208","Syria","SYR",NA,NA,NA,NA,NA,NA,NA,NA,NA,NA,NA,NA,NA,NA,NA,10,NA,NA,NA,NA,NA,NA,NA,NA,NA,NA,NA
"209","Chad","TCD","High","High","Jul-20",10,-0.231,1.936,-0.2,-0.4,-2.2,-0.3,-1.8,5.3,6.8,0.8,9.53068592057762,10,4.04197357705185,11.9047619047619,0,0.693753204838175,1,0,0,-1.43944135610672,9.59359457585932,3.5,7.14285714285714
"210","Togo","TGO","Moderate","High","Apr-20",7,-0.277,-0.775,2.1,-4.1,-1.6,-6.2,2.5,10,2.5,3,7.94223826714801,0,6.08095238095238,15.5555555555556,0,5.3,1,0,0,-1.08542071525665,8.84991016503123,4,4.76190476190476
"211","Thailand","THA",NA,NA,NA,NA,-0.425,0.064,-0.8,-3.4,-1.7,-2.6,1.7,7.6,3.3,9.6,3.17689530685921,3.75,9.6,60,50,5.80918191753567,1,0,1,1.99455093961012,2.37987242933073,NA,NA
"212","Tajikistan","TJK","High","High","May-20",10,-5.965,-2.781,-2.1,-6.4,-3,-4.3,3.4,9.3,1.6,NA,NA,10,2.32458292443572,15.6862745098039,0.555555555555556,0,1,0,1,-0.529181918749143,7.6814299299039,4,4.76190476190476
"213","Turkmenistan","TKM",NA,NA,NA,NA,-2.838,-0.215,-0.3,-2.3,-0.5,-2,1.8,7,3.2,NA,NA,10,1,0,0,0,0,0,1,-2.84385632732558,10,NA,NA
"214","Timor-Leste","TLS","Low","Low","May-19",3,-33.384,-28.015,-32.1,-27.5,-38.9,4.5,-11.4,0.5,10,10,2.88808664259928,7.5,NA,NA,NA,NA,NA,NA,NA,NA,NA,3,9.52380952380952
"215","Tonga","TON","High","…","Jan-18",10,3.242,2.819,1,-2.4,-1.5,-3.4,0.9,8.4,4.1,5.3,6.28158844765343,10,5.3,0,0,4,1,0,0,-1.49669257282267,9.71386111531974,3.5,7.14285714285714
"216","Trinidad and Tobago","TTO",NA,NA,NA,NA,-11.083,-5.991,-3.7,-10.9,-7.6,-7.2,3.3,10,1.7,NA,NA,7.5,4.99358108108108,30,17.6470588235294,0,1,0,1,0.255204060785259,6.0336852570194,NA,NA
"217","Tunisia","TUN",NA,NA,NA,NA,-5.94,-4.578,-3.9,-4.3,-2.5,-0.4,1.8,5.4,3.2,2,8.66425992779783,5,1.8,25.8064516129032,0,0.994010120830321,1,0,0,-1.25688561261166,9.21010320592559,NA,NA
"218","Turkey","TUR",NA,NA,NA,NA,-2.199,-3.666,-5.3,-7.5,-6.7,-2.2,0.8,7.2,4.2,2,8.66425992779783,10,4,-39.5348837209302,13.1578947368421,8.8,1,4.03225806451613,1,0.162041166580848,6.22939077272347,NA,NA
=======
"185","Portugal","PRT",NA,NA,NA,NA,NA,NA,NA,NA,NA,NA,NA,NA,NA,4.5,6.85920577617328,2.5,14.3593374152635,0,0,22.24,1,0,0,-0.451134390615412,7.4669955013911,NA,NA
"186","Paraguay","PRY",NA,NA,NA,NA,-0.882,-1.65,-3.9,-5.1,-3.7,-1.2,1.4,6.2,3.6,2.5,8.30324909747292,7.5,2.5,62.8472222222222,35,3.09475855970919,0,0.672987178857395,0,-1.5616196424714,9.827396264586,NA,NA
"187","Qatar","QAT",NA,NA,NA,NA,-2.937,5.178,4.1,5.3,1.4,1.2,-3.9,3.8,8.9,13,0.722021660649819,3.75,14,47.0588235294118,0,12,1,0,0,0.111879711513432,6.27027639671743,NA,NA
"188","Romania","ROU",NA,NA,NA,NA,-2.832,-2.819,-4.6,-8.9,-7,-4.3,1.9,9.3,3.1,2,8.66425992779783,3.75,9.3093374152635,50,0,7.01730496396404,1,0,0,-0.224519911056163,6.98531329119635,NA,NA
"189","Russian Federation","RUS",NA,NA,NA,NA,-1.469,2.91,1.9,-4.8,-3,-6.8,1.8,10,3.2,3.4,7.65342960288809,6.25,3.5,33.3333333333333,0,1.92148962148962,1,0,1,-0.00203638272249851,6.51241165724905,NA,NA
"190","Rwanda","RWA","Moderate","Moderate","Dec-20",7,-2.548,-2.607,-5.2,-8.1,-4.6,-2.9,3.5,7.9,1.5,3.3,7.72563176895307,3.75,6.3,10,20,0.5,1,0,0,-0.992069513528091,8.61678445610979,4,4.76190476190476
"191","Saudi Arabia","SAU",NA,NA,NA,NA,-9.236,-5.871,-4.5,-12.6,-9,-8.1,3.6,10,1.4,2.8,8.08664259927798,3.75,-2.1892,63.4920634920635,0,6.98,1,0,0,-0.493008461984803,7.55600126698159,NA,NA
"192","Sudan","SDN","In distress","In distress","Sept-20",10,-6.473,-7.877,-10.8,-16.9,-20.6,-6.1,-3.7,10,8.7,NA,NA,10,5.83033718783403,0,0,0,1,0,0,-1.63571126772921,9.98488230819856,1.5,10
"193","Senegal","SEN","Moderate","Moderate","Apr-20",7,-2.969,-3.644,-3.9,-5.6,-3.3,-1.8,2.3,6.8,2.7,7,5.05415162454874,10,5.72935196950445,17.2413793103448,0,3.27064803049555,1,0,0,-1.1797790024154,9.01577185381545,4,4.76190476190476
"194","Singapore","SGP",NA,NA,NA,NA,NA,NA,NA,NA,NA,NA,NA,NA,NA,20,0,0,27.0543006869087,0,0,5.61376739253355,1,16.2325804121452,0,4.04517143835287,0,NA,NA
"195","Solomon Islands","SLB","Moderate","Moderate","Jun-20",7,-4.478,0.676,-2.7,-7.3,-7.8,-4.6,-0.5,9.6,5.5,2.6,8.23104693140794,10,NA,NA,NA,NA,NA,NA,NA,NA,NA,3.5,7.14285714285714
"196","Sierra Leone","SLE","High","High","Jun-20",10,-8.782,-5.613,-2.9,-5.6,-5.4,-2.7,0.199999999999999,7.7,4.8,7.5,4.69314079422383,10,6.17589416952474,15.9090909090909,0,1.28535031847134,1,0,0,-1.25575527963589,9.17726383440341,3.5,7.14285714285714
"197","El Salvador","SLV",NA,NA,NA,NA,-2.392,-2.506,-2.9,-8.6,-4.6,-5.6,4,10,1,NA,NA,2.5,1.34320911847104,0,30.6818181818182,2.49453122001765,1,0,0,-1.13753767469851,8.92598546357328,NA,NA
"198","Somalia","SOM","In distress","In distress","Dec-20",10,NA,NA,NA,NA,NA,NA,NA,NA,NA,NA,NA,10,NA,NA,NA,NA,NA,NA,NA,NA,NA,2,10
"199","Serbia","SRB",NA,NA,NA,NA,1.372,0.812,0,-7,-0.3,-7,6.7,10,0,7,5.05415162454874,3.75,8.22461538461538,44.4444444444444,0,7.15142911229887,1,0,1,0.625908564309088,5.17767827853871,4,4.76190476190476
"200","South Sudan","SSD","High","High","Nov-20",10,3.311,-0.643,-0.3,-2.7,-1.2,-2.4,1.5,7.4,3.5,0.1,10,10,NA,NA,NA,NA,NA,NA,NA,NA,NA,1,10
"201","Sao Tome and Principe","STP","In distress","In distress","Jul-20",10,-2.689,-1.883,-1.8,-4.5,-1.9,-2.7,2.6,7.7,2.4,NA,NA,NA,NA,NA,NA,NA,NA,NA,NA,NA,NA,3,9.52380952380952
"202","Suriname","SUR",NA,NA,NA,NA,-8.83,-7.095,-8.5,-6.9,-9.9,1.6,-3,3.4,8,NA,NA,5,0.247761490419156,0,21.4285714285714,0,1,0,0,-1.46375975998772,9.61938941270339,NA,NA
"203","Slovakia","SVK",NA,NA,NA,NA,NA,NA,NA,NA,NA,NA,NA,NA,NA,2.3,8.44765342960289,1.25,10.513258983891,0,50,19.04,1,0,0,0.265833697794974,5.94303827616743,NA,NA
"204","Slovenia","SVN",NA,NA,NA,NA,NA,NA,NA,NA,NA,NA,NA,NA,NA,2.2,8.51985559566787,2.5,24.5380185837829,0,0,19.6627130036562,1,0,0,-0.06671650784788,6.64989301186797,NA,NA
"205","Sweden","SWE",NA,NA,NA,NA,NA,NA,NA,NA,NA,NA,NA,NA,NA,10,2.88808664259928,6.25,23.0093374152635,86.6666666666667,100,26.9393434657582,1,11.3573983986068,0,7.01515305564216,0,NA,NA
"206","Eswatini","SWZ",NA,NA,NA,NA,-7.014,-11.159,-8,-8.9,-7.6,-0.9,1.3,5.9,3.7,2,8.66425992779783,2.5,1.88,42.3076923076923,17.8787878787879,0,1,0,0,-0.612517199811627,7.8100240155984,NA,NA
"207","Seychelles","SYC",NA,NA,NA,NA,0.483,0.194,0.9,-14.1,-5.7,-15,8.4,10,0,5,6.49819494584838,2.5,5,40,0,7.93607075173721,1,0,0,-0.593487382554627,7.76957503610785,NA,NA
"208","Syria","SYR",NA,NA,NA,NA,NA,NA,NA,NA,NA,NA,NA,NA,NA,NA,NA,10,NA,NA,NA,NA,NA,NA,NA,NA,NA,NA,NA
"209","Chad","TCD","High","High","Jul-20",10,-0.231,1.936,-0.2,-0.4,-2.2,-0.3,-1.8,5.3,6.8,0.8,9.53068592057762,10,4.04197357705185,11.9047619047619,0,0.693753204838175,1,0,0,-1.45649342037784,9.60394438672747,3.5,7.14285714285714
"210","Togo","TGO","Moderate","High","Apr-20",7,-0.277,-0.775,2.1,-4.1,-1.6,-6.2,2.5,10,2.5,3,7.94223826714801,0,6.08095238095238,15.5555555555556,0,5.3,1,0,0,-1.1253582229776,8.9000973330562,4,4.76190476190476
"211","Thailand","THA",NA,NA,NA,NA,-0.425,0.064,-0.8,-3.4,-1.7,-2.6,1.7,7.6,3.3,9.6,3.17689530685921,3.75,10.9747054202671,60,50,5.80918191753567,1,0,1,2.02800088520908,2.19744978942479,NA,NA
"212","Tajikistan","TJK","High","High","May-20",10,-5.965,-2.781,-2.1,-6.4,-3,-4.3,3.4,9.3,1.6,NA,NA,2.5,2.32458292443572,15.6862745098039,0.555555555555556,0,1,0,1,-0.46680825107452,7.5003112002066,4,4.76190476190476
"213","Turkmenistan","TKM",NA,NA,NA,NA,-2.838,-0.215,-0.3,-2.3,-0.5,-2,1.8,7,3.2,NA,NA,10,1,0,0,0,0,0,1,-2.88428674296192,10,NA,NA
"214","Timor-Leste","TLS","Low","Low","May-19",3,-33.384,-28.015,-32.1,-27.5,-38.9,4.5,-11.4,0.5,10,10,2.88808664259928,7.5,NA,NA,NA,NA,NA,NA,NA,NA,NA,3,9.52380952380952
"215","Tonga","TON","High","…","Jan-18",10,3.242,2.819,1,-2.4,-1.5,-3.4,0.9,8.4,4.1,5.3,6.28158844765343,10,5.3,0,0,4,1,2.03893442622951,0,-0.955002877165697,8.5379971722511,3.5,7.14285714285714
"216","Trinidad and Tobago","TTO",NA,NA,NA,NA,-11.083,-5.991,-3.7,-10.9,-7.6,-7.2,3.3,10,1.7,NA,NA,7.5,4.99358108108108,30,17.6470588235294,0,1,0,1,0.289496714101775,5.89274116357028,NA,NA
"217","Tunisia","TUN",NA,NA,NA,NA,-5.94,-4.578,-3.9,-4.3,-2.5,-0.4,1.8,5.4,3.2,2,8.66425992779783,5,2.3,25.8064516129032,0,0.994010120830321,1,0,0,-1.24905417345177,9.16302024483316,NA,NA
"218","Turkey","TUR",NA,NA,NA,NA,-2.199,-3.666,-5.3,-7.5,-6.7,-2.2,0.8,7.2,4.2,2,8.66425992779783,5,4,-58.1395348837209,13.1578947368421,8.8,1,4.03225806451613,1,-0.184833941582877,6.90095846300182,NA,NA
>>>>>>> use
"219","Tuvalu","TUV","High","…","Jul-18",10,3.213,32.038,-8.6,-25.5,-18.5,-16.9,7,10,0,NA,NA,NA,NA,NA,NA,NA,NA,NA,NA,NA,NA,3,9.52380952380952
"220","Tanzania","TZA","Low","…","Jan-18",3,-1.158,-1.933,-2.9,-3.8,-4.4,-0.9,-0.600000000000001,5.9,5.6,0.01,10,10,0.674498585754693,28.5714285714286,14.2857142857143,0,1,0,0,-1.01629267682809,8.66827219360541,4.5,2.38095238095238
"221","Uganda","UGA","Low","Low","May-20",3,-3.21,-3.802,-6.7,-6.8,-6.6,-0.1,0.2,5.1,4.8,1,9.38628158844765,10,2.67848511641615,22.2222222222222,0,0,1,1.44857058650162,1,0.0700689480682513,6.35914759764587,4,4.76190476190476
"222","Ukraine","UKR",NA,NA,NA,NA,-2.191,-2.151,-2,-8.2,-5.3,-6.2,2.9,10,2.1,NA,NA,6.25,3.4463986276687,45.4545454545455,5,3.5,1,0.332444598107725,1,0.486780418785318,5.47340321529707,NA,NA
"223","Uruguay","URY",NA,NA,NA,NA,-2.705,-2.025,-2.9,-4.7,-3.8,-1.8,0.9,6.8,4.1,0.7,9.6028880866426,1.25,1.6,0,52.1753246753247,4.50615841650255,1,0,1,0.38717172757018,5.68512726149408,NA,NA
"224","United States of America","USA",NA,NA,NA,NA,NA,NA,NA,NA,NA,NA,NA,NA,NA,11,2.16606498194946,3.75,18.2205525480679,100,0,10.7336195631884,1,0,0,1.32376718948721,3.69433932494205,NA,NA
"225","United States of America","USA",NA,NA,NA,NA,NA,NA,NA,NA,NA,NA,NA,NA,NA,11,2.16606498194946,NA,18.2205525480679,100,0,10.7336195631884,1,0,0,1.32376718948721,3.69433932494205,NA,NA
"226","United States of America","USA",NA,NA,NA,NA,NA,NA,NA,NA,NA,NA,NA,NA,NA,11,2.16606498194946,NA,18.2205525480679,100,0,10.7336195631884,1,0,0,1.32376718948721,3.69433932494205,NA,NA
"227","United States of America","USA",NA,NA,NA,NA,NA,NA,NA,NA,NA,NA,NA,NA,NA,11,2.16606498194946,NA,18.2205525480679,100,0,10.7336195631884,1,0,0,1.32376718948721,3.69433932494205,NA,NA
"228","United States of America","USA",NA,NA,NA,NA,NA,NA,NA,NA,NA,NA,NA,NA,NA,11,2.16606498194946,NA,18.2205525480679,100,0,10.7336195631884,1,0,0,1.32376718948721,3.69433932494205,NA,NA
"229","United States of America","USA",NA,NA,NA,NA,NA,NA,NA,NA,NA,NA,NA,NA,NA,11,2.16606498194946,NA,18.2205525480679,100,0,10.7336195631884,1,0,0,1.32376718948721,3.69433932494205,NA,NA
"230","United States of America","USA",NA,NA,NA,NA,NA,NA,NA,NA,NA,NA,NA,NA,NA,11,2.16606498194946,NA,18.2205525480679,100,0,10.7336195631884,1,0,0,1.32376718948721,3.69433932494205,NA,NA
"231","United States of America","USA",NA,NA,NA,NA,NA,NA,NA,NA,NA,NA,NA,NA,NA,11,2.16606498194946,NA,18.2205525480679,100,0,10.7336195631884,1,0,0,1.32376718948721,3.69433932494205,NA,NA
"232","United States of America","USA",NA,NA,NA,NA,NA,NA,NA,NA,NA,NA,NA,NA,NA,11,2.16606498194946,NA,18.2205525480679,100,0,10.7336195631884,1,0,0,1.32376718948721,3.69433932494205,NA,NA
"233","United States of America","USA",NA,NA,NA,NA,NA,NA,NA,NA,NA,NA,NA,NA,NA,11,2.16606498194946,NA,18.2205525480679,100,0,10.7336195631884,1,0,0,1.32376718948721,3.69433932494205,NA,NA
"234","United States of America","USA",NA,NA,NA,NA,NA,NA,NA,NA,NA,NA,NA,NA,NA,11,2.16606498194946,NA,18.2205525480679,100,0,10.7336195631884,1,0,0,1.32376718948721,3.69433932494205,NA,NA
"235","United States of America","USA",NA,NA,NA,NA,NA,NA,NA,NA,NA,NA,NA,NA,NA,11,2.16606498194946,NA,18.2205525480679,100,0,10.7336195631884,1,0,0,1.32376718948721,3.69433932494205,NA,NA
"236","United States of America","USA",NA,NA,NA,NA,NA,NA,NA,NA,NA,NA,NA,NA,NA,11,2.16606498194946,NA,18.2205525480679,100,0,10.7336195631884,1,0,0,1.32376718948721,3.69433932494205,NA,NA
"237","United States of America","USA",NA,NA,NA,NA,NA,NA,NA,NA,NA,NA,NA,NA,NA,11,2.16606498194946,NA,18.2205525480679,100,0,10.7336195631884,1,0,0,1.32376718948721,3.69433932494205,NA,NA
"238","United States of America","USA",NA,NA,NA,NA,NA,NA,NA,NA,NA,NA,NA,NA,NA,11,2.16606498194946,NA,18.2205525480679,100,0,10.7336195631884,1,0,0,1.32376718948721,3.69433932494205,NA,NA
"239","United States of America","USA",NA,NA,NA,NA,NA,NA,NA,NA,NA,NA,NA,NA,NA,11,2.16606498194946,NA,18.2205525480679,100,0,10.7336195631884,1,0,0,1.32376718948721,3.69433932494205,NA,NA
"240","United States of America","USA",NA,NA,NA,NA,NA,NA,NA,NA,NA,NA,NA,NA,NA,11,2.16606498194946,NA,18.2205525480679,100,0,10.7336195631884,1,0,0,1.32376718948721,3.69433932494205,NA,NA
"241","United States of America","USA",NA,NA,NA,NA,NA,NA,NA,NA,NA,NA,NA,NA,NA,11,2.16606498194946,NA,18.2205525480679,100,0,10.7336195631884,1,0,0,1.32376718948721,3.69433932494205,NA,NA
"242","United States of America","USA",NA,NA,NA,NA,NA,NA,NA,NA,NA,NA,NA,NA,NA,11,2.16606498194946,NA,18.2205525480679,100,0,10.7336195631884,1,0,0,1.32376718948721,3.69433932494205,NA,NA
"243","United States of America","USA",NA,NA,NA,NA,NA,NA,NA,NA,NA,NA,NA,NA,NA,11,2.16606498194946,NA,18.2205525480679,100,0,10.7336195631884,1,0,0,1.32376718948721,3.69433932494205,NA,NA
"244","United States of America","USA",NA,NA,NA,NA,NA,NA,NA,NA,NA,NA,NA,NA,NA,11,2.16606498194946,NA,18.2205525480679,100,0,10.7336195631884,1,0,0,1.32376718948721,3.69433932494205,NA,NA
"245","United States of America","USA",NA,NA,NA,NA,NA,NA,NA,NA,NA,NA,NA,NA,NA,11,2.16606498194946,NA,18.2205525480679,100,0,10.7336195631884,1,0,0,1.32376718948721,3.69433932494205,NA,NA
"246","United States of America","USA",NA,NA,NA,NA,NA,NA,NA,NA,NA,NA,NA,NA,NA,11,2.16606498194946,NA,18.2205525480679,100,0,10.7336195631884,1,0,0,1.32376718948721,3.69433932494205,NA,NA
"247","United States of America","USA",NA,NA,NA,NA,NA,NA,NA,NA,NA,NA,NA,NA,NA,11,2.16606498194946,NA,18.2205525480679,100,0,10.7336195631884,1,0,0,1.32376718948721,3.69433932494205,NA,NA
"248","United States of America","USA",NA,NA,NA,NA,NA,NA,NA,NA,NA,NA,NA,NA,NA,11,2.16606498194946,NA,18.2205525480679,100,0,10.7336195631884,1,0,0,1.32376718948721,3.69433932494205,NA,NA
"249","United States of America","USA",NA,NA,NA,NA,NA,NA,NA,NA,NA,NA,NA,NA,NA,11,2.16606498194946,NA,18.2205525480679,100,0,10.7336195631884,1,0,0,1.32376718948721,3.69433932494205,NA,NA
"250","United States of America","USA",NA,NA,NA,NA,NA,NA,NA,NA,NA,NA,NA,NA,NA,11,2.16606498194946,NA,18.2205525480679,100,0,10.7336195631884,1,0,0,1.32376718948721,3.69433932494205,NA,NA
"251","United States of America","USA",NA,NA,NA,NA,NA,NA,NA,NA,NA,NA,NA,NA,NA,11,2.16606498194946,NA,18.2205525480679,100,0,10.7336195631884,1,0,0,1.32376718948721,3.69433932494205,NA,NA
"252","United States of America","USA",NA,NA,NA,NA,NA,NA,NA,NA,NA,NA,NA,NA,NA,11,2.16606498194946,NA,18.2205525480679,100,0,10.7336195631884,1,0,0,1.32376718948721,3.69433932494205,NA,NA
"253","United States of America","USA",NA,NA,NA,NA,NA,NA,NA,NA,NA,NA,NA,NA,NA,11,2.16606498194946,NA,18.2205525480679,100,0,10.7336195631884,1,0,0,1.32376718948721,3.69433932494205,NA,NA
"254","United States of America","USA",NA,NA,NA,NA,NA,NA,NA,NA,NA,NA,NA,NA,NA,11,2.16606498194946,NA,18.2205525480679,100,0,10.7336195631884,1,0,0,1.32376718948721,3.69433932494205,NA,NA
"255","United States of America","USA",NA,NA,NA,NA,NA,NA,NA,NA,NA,NA,NA,NA,NA,11,2.16606498194946,NA,18.2205525480679,100,0,10.7336195631884,1,0,0,1.32376718948721,3.69433932494205,NA,NA
"256","United States of America","USA",NA,NA,NA,NA,NA,NA,NA,NA,NA,NA,NA,NA,NA,11,2.16606498194946,NA,18.2205525480679,100,0,10.7336195631884,1,0,0,1.32376718948721,3.69433932494205,NA,NA
"257","United States of America","USA",NA,NA,NA,NA,NA,NA,NA,NA,NA,NA,NA,NA,NA,11,2.16606498194946,NA,18.2205525480679,100,0,10.7336195631884,1,0,0,1.32376718948721,3.69433932494205,NA,NA
"258","United States of America","USA",NA,NA,NA,NA,NA,NA,NA,NA,NA,NA,NA,NA,NA,11,2.16606498194946,NA,18.2205525480679,100,0,10.7336195631884,1,0,0,1.32376718948721,3.69433932494205,NA,NA
"259","United States of America","USA",NA,NA,NA,NA,NA,NA,NA,NA,NA,NA,NA,NA,NA,11,2.16606498194946,NA,18.2205525480679,100,0,10.7336195631884,1,0,0,1.32376718948721,3.69433932494205,NA,NA
"260","United States of America","USA",NA,NA,NA,NA,NA,NA,NA,NA,NA,NA,NA,NA,NA,11,2.16606498194946,NA,18.2205525480679,100,0,10.7336195631884,1,0,0,1.32376718948721,3.69433932494205,NA,NA
"261","United States of America","USA",NA,NA,NA,NA,NA,NA,NA,NA,NA,NA,NA,NA,NA,11,2.16606498194946,NA,18.2205525480679,100,0,10.7336195631884,1,0,0,1.32376718948721,3.69433932494205,NA,NA
"262","United States of America","USA",NA,NA,NA,NA,NA,NA,NA,NA,NA,NA,NA,NA,NA,11,2.16606498194946,NA,18.2205525480679,100,0,10.7336195631884,1,0,0,1.32376718948721,3.69433932494205,NA,NA
"263","United States of America","USA",NA,NA,NA,NA,NA,NA,NA,NA,NA,NA,NA,NA,NA,11,2.16606498194946,NA,18.2205525480679,100,0,10.7336195631884,1,0,0,1.32376718948721,3.69433932494205,NA,NA
"264","United States of America","USA",NA,NA,NA,NA,NA,NA,NA,NA,NA,NA,NA,NA,NA,11,2.16606498194946,NA,18.2205525480679,100,0,10.7336195631884,1,0,0,1.32376718948721,3.69433932494205,NA,NA
"265","United States of America","USA",NA,NA,NA,NA,NA,NA,NA,NA,NA,NA,NA,NA,NA,11,2.16606498194946,NA,18.2205525480679,100,0,10.7336195631884,1,0,0,1.32376718948721,3.69433932494205,NA,NA
"266","United States of America","USA",NA,NA,NA,NA,NA,NA,NA,NA,NA,NA,NA,NA,NA,11,2.16606498194946,NA,18.2205525480679,100,0,10.7336195631884,1,0,0,1.32376718948721,3.69433932494205,NA,NA
"267","United States of America","USA",NA,NA,NA,NA,NA,NA,NA,NA,NA,NA,NA,NA,NA,11,2.16606498194946,NA,18.2205525480679,100,0,10.7336195631884,1,0,0,1.32376718948721,3.69433932494205,NA,NA
"268","United States of America","USA",NA,NA,NA,NA,NA,NA,NA,NA,NA,NA,NA,NA,NA,11,2.16606498194946,NA,18.2205525480679,100,0,10.7336195631884,1,0,0,1.32376718948721,3.69433932494205,NA,NA
"269","United States of America","USA",NA,NA,NA,NA,NA,NA,NA,NA,NA,NA,NA,NA,NA,11,2.16606498194946,NA,18.2205525480679,100,0,10.7336195631884,1,0,0,1.32376718948721,3.69433932494205,NA,NA
"270","United States of America","USA",NA,NA,NA,NA,NA,NA,NA,NA,NA,NA,NA,NA,NA,11,2.16606498194946,NA,18.2205525480679,100,0,10.7336195631884,1,0,0,1.32376718948721,3.69433932494205,NA,NA
"271","United States of America","USA",NA,NA,NA,NA,NA,NA,NA,NA,NA,NA,NA,NA,NA,11,2.16606498194946,NA,18.2205525480679,100,0,10.7336195631884,1,0,0,1.32376718948721,3.69433932494205,NA,NA
"272","United States of America","USA",NA,NA,NA,NA,NA,NA,NA,NA,NA,NA,NA,NA,NA,11,2.16606498194946,NA,18.2205525480679,100,0,10.7336195631884,1,0,0,1.32376718948721,3.69433932494205,NA,NA
"273","United States of America","USA",NA,NA,NA,NA,NA,NA,NA,NA,NA,NA,NA,NA,NA,11,2.16606498194946,NA,18.2205525480679,100,0,10.7336195631884,1,0,0,1.32376718948721,3.69433932494205,NA,NA
"274","United States of America","USA",NA,NA,NA,NA,NA,NA,NA,NA,NA,NA,NA,NA,NA,11,2.16606498194946,NA,18.2205525480679,100,0,10.7336195631884,1,0,0,1.32376718948721,3.69433932494205,NA,NA
"275","United States of America","USA",NA,NA,NA,NA,NA,NA,NA,NA,NA,NA,NA,NA,NA,11,2.16606498194946,NA,18.2205525480679,100,0,10.7336195631884,1,0,0,1.32376718948721,3.69433932494205,NA,NA
"276","Uzbekistan","UZB","Low","Low","May-20",3,1.59,2.143,0,-3.3,-1.3,-3.3,2,8.3,3,2,8.66425992779783,2.5,2,12.5,0,0.826582906265498,1,0,0,-1.53528116292092,9.77141229980265,4,4.76190476190476
"277","Saint Vincent and the Grenadines","VCT","High","High","May-20",10,-0.449,-0.9,-2.4,-7.7,-9.7,-5.3,-2,10,7,NA,NA,NA,NA,NA,NA,NA,NA,NA,NA,NA,NA,4.5,2.38095238095238
"278","Venezuela","VEN",NA,NA,NA,NA,-16.641,-31.304,-10,NA,NA,NA,NA,NA,NA,NA,NA,5,NA,NA,NA,NA,NA,NA,NA,NA,NA,NA,NA
"279","Viet Nam","VNM",NA,NA,NA,NA,-1.964,-3.461,-3.3,-5.2,-4.1,-1.9,1.1,6.9,3.9,3.7,7.43682310469314,5,4.2,21.7261904761905,0,10.12,1,0,1,0.0881753093993091,6.32066147724663,4,4.76190476190476
"280","Vanuatu","VUT","Moderate","Moderate","Jun-19",7,-1.2,7.589,5.3,-13.7,-4.8,-18.9,8.9,10,0,4.5,6.85920577617328,10,NA,NA,NA,NA,NA,NA,NA,NA,NA,4,4.76190476190476
"281","Samoa","WSM","High","High","Apr-20",10,-2.089,0.07,2.7,-9.1,-5.9,-11.8,3.2,10,1.8,3,7.94223826714801,NA,NA,NA,NA,NA,NA,NA,NA,NA,NA,4.5,2.38095238095238
<<<<<<< HEAD
"282","Yemen","YEM","…","…","…",NA,-5.339,-6.68,-3.8,-8,-8.1,-4.2,-0.0999999999999996,9.2,5.1,NA,NA,10,2.81577325939618,0,0,0,0,0,0,-3.68535092390365,10,2,10
"283","South Africa","ZAF",NA,NA,NA,NA,-4.38,-4.144,-6.3,-13.3,-12.7,-7,0.600000000000001,10,4.4,NA,NA,2.5,10,44,20,0.629808911517421,1,0,1,0.876782487559936,4.72794730629028,NA,NA
"284","Zambia","ZMB","High","High","Aug-19",10,-7.713,-8.228,-7.6,-5.7,-6.9,1.9,-1.2,3.1,6.2,2.4,8.37545126353791,10,2.4,30.4347826086957,0,3.1,1,0,0,-1.05102760348431,8.77766121083596,3,9.52380952380952
"285","Zimbabwe","ZWE","In distress","In distress","Mar-20",10,-8.113,-4.499,-2.6,-4.9,-1.5,-2.4,3.4,7.4,1.6,6.5,5.41516245487365,10,1.71633640193478,0,50,0.172496412401418,1,0,1,0.131844731956029,6.29282384724462,2.5,10
=======
"282","Yemen","YEM","…","…","…",NA,-5.339,-6.68,-3.8,-8,-8.1,-4.2,-0.0999999999999996,9.2,5.1,NA,NA,10,2.81577325939618,0,0,0,0,0,0,-3.80700156794036,10,2,10
"283","South Africa","ZAF",NA,NA,NA,NA,-4.38,-4.144,-6.3,-13.3,-12.7,-7,0.600000000000001,10,4.4,NA,NA,2.5,10,44,20,0.629808911517421,1,0,1,0.873335448085412,4.65175809695641,NA,NA
"284","Zambia","ZMB","High","High","Aug-19",10,-7.713,-8.228,-7.6,-5.7,-6.9,1.9,-1.2,3.1,6.2,2.4,8.37545126353791,10,2.4,30.4347826086957,0,3.1,1,0,0,-1.0773172272403,8.7979834123054,3,9.52380952380952
"285","Zimbabwe","ZWE","In distress","In distress","Mar-20",10,-8.113,-4.499,-2.6,-4.9,-1.5,-2.4,3.4,7.4,1.6,6.5,5.41516245487365,10,1.71633640193478,0,50,0.172496412401418,1,0,1,0.195491810570948,6.09255403426566,2.5,10
>>>>>>> use
