Countries,Afghanistan,Albania,Algeria,Angola,Argentina,Armenia,Aruba,Australia,Austria,Azerbaijan,Bahamas,Bahrain,Bangladesh,Barbados,Belarus,Belgium,Belize,Benin,Bhutan,Bolivia,Bosnia and Hercegovina,Botswana,Brazil,Brunei,Bulgaria,Burkina Faso,Burundi,Cabo Verde,Cambodia,Cameroon,Canada,Cayman Islands,Central African Republic,Chad,Chile,China,Colombia,Congo (Brazzaville),Costa Rica,Cote dIvoire,Croatia,Cuba,Cyprus,Czech Rep,Democratic Republic of the Congo,Denmark,Djibouti,Dominican Republic,East Timor,Ecuador,Egypt,El Salvador,Equatorial Guinea,Eritrea,Estonia,eSwatini,Ethiopia,Finland,France,French Guiana,Gabon,Georgia,Germany,Ghana,Greece,Greenland,Guatemala,Guinea,Guyana,Haiti,Honduras,Hong Kong,Hungary,Iceland,India,Indonesia,Iran,Iraq,Ireland,Israel,Italy,Jamaica,Japan,Jersey,Jordan,Kazakhstan,Kenya,Kosovo,Kuwait,Kyrgyz Republic,Laos,Latvia,Lebanon,Lesotho,Liberia,Libya,Liechtenstein,Lithuania,Luxembourg,Macau,Madagascar,Malawi,Malaysia,Mali,Malta,Mauritania,Mauritius,Mexico,Moldova,Mongolia,Montenegro,Morocco,Mozambique,Myanmar,Namibia,Nepal,Netherlands,New Zealand,Nicaragua,Niger,Nigeria,North Korea,North Macedonia,Norway,Oman,Pakistan,Palestine,Panama,Papua New Guinea,Paraguay,Peru,Philippines,Poland,Portugal,Puerto Rico,Qatar,Romania,Russia,Rwanda,Sao Tome & Principe,Saudi Arabia,Senegal,Serbia,Seychelles,Sierra Leone,Singapore,Slovakia,Slovenia,Somalia,South Africa,South Korea,Spain,Sri Lanka,Sudan,Suriname,Sweden,Switzerland,Syria,Taiwan,Tajikistan,Tanzania,Thailand,The Gambia,Togo,Trinidad and Tobago,Tunisia,Turkey,Turkmenistan,UAE,Uganda,UK,Ukraine,Uruguay,USA,Uzbekistan,Venezuela,Vietnam,Yemen,Zambia,Zimbabwe
Overall Evaluation,69,49,65,63,57,49,19,18,21,55,40,47,51,36,66,27,53,58,38,62,53,32,48,26,36,57,73,39,56,63,17,27,72,69,25,40,42,66,33,53,37,59,34,29,78,16,53,47,50,54,51,43,66,71,24,53,65,18,24,27,57,36,21,49,41,19,54,72,49,63,57,17,33,24,46,47,72,75,23,31,35,40,19,17,44,52,61,58,38,58,59,33,69,52,66,76,13,27,17,24,58,59,29,62,26,60,31,44,56,46,50,49,60,64,42,54,20,15,65,65,68,78,43,17,40,63,62,35,57,47,37,50,31,30,47,32,40,53,53,55,42,49,46,36,59,12,33,24,82,43,27,32,45,77,53,16,10,87,20,73,59,41,54,58,43,52,55,75,33,59,24,61,39,25,68,86,48,85,61,78
Security risk,78,41,50,38,41,47,13,19,19,44,34,41,44,19,47,28,50,38,16,53,47,19,53,6,28,63,59,25,53,75,25,28,88,56,31,34,59,44,19,53,25,16,25,22,78,19,41,28,41,47,38,47,41,41,25,25,56,19,31,28,28,38,25,41,34,3,72,50,34,53,50,31,25,6,41,50,53,97,31,34,34,53,19,9,38,34,66,47,25,53,38,34,78,41,56,91,3,28,19,31,50,28,31,78,25,53,28,63,38,28,41,44,53,53,34,56,22,6,59,78,72,59,38,13,22,72,75,34,59,44,44,66,25,9,34,22,28,69,34,22,31,38,31,19,41,16,22,13,91,53,34,19,38,66,25,19,16,94,22,47,44,44,31,47,44,50,59,28,19,44,31,69,28,34,41,84,34,97,38,63
   Armed conflict,4,0,1,1,0,3,0,0,0,3,0,2,1,0,2,0,1,0,0,1,1,0,0,0,0,4,2,0,1,3,0,0,4,2,0,0,2,1,0,1,1,0,2,0,4,0,2,0,1,1,1,0,1,3,0,1,4,0,0,0,0,2,0,1,0,0,3,1,0,1,1,0,0,0,2,1,2,3,1,1,0,0,0,0,1,0,2,1,0,1,1,0,3,1,1,4,0,0,0,0,1,0,1,3,0,1,0,1,1,0,1,1,2,3,0,1,0,0,2,4,3,3,0,0,0,3,4,0,1,1,1,2,0,0,0,1,0,3,1,0,1,1,1,0,1,0,0,0,4,0,2,0,1,3,0,0,0,4,0,2,1,1,1,1,0,1,2,0,0,1,1,4,0,0,1,3,0,4,0,2
   Terrorism,4,1,2,1,1,2,0,1,1,2,0,2,2,0,1,2,0,1,0,1,2,0,0,0,1,4,3,0,1,3,1,0,3,4,1,1,2,1,0,3,0,0,1,0,2,2,2,0,1,1,2,0,1,2,0,0,3,1,2,0,0,1,1,2,2,0,1,2,0,1,0,0,1,0,1,2,3,4,1,2,2,0,1,0,1,2,3,2,2,1,1,1,3,0,2,4,0,1,1,0,1,0,1,4,1,1,1,2,0,0,1,2,2,2,1,2,1,1,1,4,3,1,2,1,1,3,4,0,1,1,1,1,1,1,1,1,1,1,2,0,2,2,1,0,2,0,1,0,4,1,0,1,2,2,0,1,0,4,0,2,2,1,1,1,1,3,2,1,1,3,1,2,0,2,2,2,0,4,0,1
   Violent demonstrations,3,2,3,2,3,2,1,1,1,2,1,3,3,1,4,1,2,2,0,4,3,0,2,0,1,3,3,2,3,4,1,0,4,2,3,2,2,2,1,3,1,1,1,1,3,0,2,2,2,3,1,1,2,1,1,3,4,1,1,2,3,2,1,1,2,0,3,3,1,4,2,2,1,0,2,2,3,4,1,2,1,2,0,0,2,2,2,2,1,4,1,2,4,3,3,3,0,1,0,0,3,3,1,4,1,3,1,2,2,1,2,2,2,2,2,3,1,0,3,3,3,1,2,0,2,3,4,2,3,2,3,2,1,0,2,1,1,3,1,2,1,2,1,1,3,0,1,1,4,3,2,1,2,3,3,0,0,4,1,2,2,3,1,4,1,4,2,1,0,3,1,3,2,2,2,4,2,4,3,4
   Hostility to foreigners/private property,3,1,3,2,2,1,0,1,1,1,1,2,2,1,2,1,2,1,1,3,2,1,2,1,0,1,2,1,1,3,1,1,4,2,1,1,2,2,1,1,2,2,0,0,1,1,1,1,1,2,2,1,2,3,0,1,2,0,1,1,1,1,1,1,2,1,2,2,1,1,1,2,1,0,1,2,3,4,1,1,0,1,0,1,1,2,2,1,0,2,2,1,3,2,2,3,0,1,1,1,1,1,1,3,0,2,1,1,1,2,2,2,2,2,1,3,1,0,3,4,3,4,1,0,1,3,3,2,3,3,1,3,2,1,1,1,1,4,1,1,2,1,1,1,1,1,1,1,4,2,2,1,2,3,1,1,0,4,1,2,2,2,1,2,1,2,4,3,1,1,1,2,1,1,2,3,2,4,2,3
   Violent crime,3,2,1,2,2,1,1,0,0,1,3,1,1,2,1,1,3,2,0,2,1,2,4,0,2,3,3,2,1,3,0,2,4,2,1,1,3,3,1,3,0,0,1,0,4,0,1,2,3,2,1,4,2,1,1,1,1,0,1,2,1,1,1,2,0,0,4,2,4,2,4,1,0,0,1,2,1,4,1,0,2,4,0,0,2,1,2,1,0,2,1,1,3,2,2,4,0,1,0,1,3,2,1,3,1,3,1,3,1,2,1,2,2,1,2,2,1,0,4,2,3,1,1,0,1,2,2,2,4,3,2,3,0,0,3,0,1,2,1,1,0,2,1,1,2,0,0,0,4,4,0,1,1,2,2,1,0,4,1,2,2,2,2,2,3,1,2,1,0,2,1,2,2,1,2,4,1,4,2,3
   Organised crime,4,3,2,1,2,2,1,1,0,2,2,0,2,1,2,1,4,2,1,3,3,1,3,0,3,2,3,2,3,3,1,2,4,3,1,2,3,2,2,3,3,1,1,1,4,0,2,2,2,2,1,4,2,1,1,1,1,0,1,2,2,1,1,2,2,0,4,3,2,3,3,1,2,0,2,2,1,4,2,1,3,4,2,0,2,2,3,3,1,4,2,1,3,3,2,4,1,1,1,3,4,1,1,3,2,2,1,4,4,1,2,3,3,3,1,3,0,0,2,3,3,3,2,0,0,3,2,2,3,1,3,3,1,0,2,0,2,3,1,2,1,1,2,1,2,0,2,1,4,3,1,1,1,2,2,0,1,4,1,3,2,2,2,2,3,2,3,1,1,1,1,3,1,1,2,4,2,4,2,4
   Kidnapping/extortion,4,2,3,2,2,2,0,0,0,1,1,0,1,0,1,0,2,1,1,2,1,1,3,0,1,3,2,1,3,3,0,1,4,2,1,1,3,2,0,2,0,0,1,1,4,0,2,1,2,2,2,4,1,1,1,1,2,0,1,0,1,2,0,1,1,0,4,2,2,4,4,0,0,0,1,2,0,4,0,1,0,3,0,0,1,1,3,2,1,2,1,1,3,1,2,4,0,1,0,3,3,1,1,3,1,3,1,4,2,1,1,1,3,2,1,2,0,0,4,4,3,3,2,0,0,3,3,1,3,2,2,4,0,0,0,0,1,2,1,1,1,1,1,1,1,0,0,0,4,2,0,0,1,4,0,0,0,4,0,1,2,1,1,2,2,2,1,1,0,1,0,2,1,0,1,4,1,4,1,2
"   Cyber security, likelihood of attacks",0,2,1,1,1,2,1,2,3,2,3,3,2,1,2,3,2,3,2,1,2,1,3,1,1,0,1,0,4,2,4,3,1,1,2,3,2,1,1,1,1,1,1,4,3,3,1,1,1,2,2,1,2,1,4,0,1,4,3,2,1,2,3,3,2,0,2,1,1,1,1,4,3,2,3,3,4,4,3,3,3,3,3,2,2,1,4,3,3,1,3,4,3,1,4,3,0,3,3,2,0,1,3,2,2,2,3,3,1,2,3,1,1,2,3,2,3,1,0,1,2,3,2,3,2,3,2,2,1,1,1,3,3,1,2,3,2,4,3,0,2,2,2,1,1,4,2,1,1,2,4,1,2,2,0,3,4,2,3,1,1,2,1,1,3,1,3,1,3,2,4,4,2,4,1,3,3,3,2,1
Political stability risk,85,45,65,45,45,60,20,15,20,70,25,70,50,15,85,25,50,60,25,50,65,30,35,45,35,60,70,25,65,70,5,20,80,70,30,50,25,65,25,55,30,55,35,20,65,10,50,45,50,65,60,30,60,65,30,60,75,20,30,30,45,50,20,25,25,15,40,65,60,60,60,45,25,15,35,45,85,85,25,35,35,30,15,25,65,65,50,55,60,50,55,35,85,50,45,90,15,25,10,35,35,50,30,55,30,60,25,50,65,25,45,60,55,60,40,40,20,10,80,65,45,70,55,0,65,60,100,40,60,35,45,45,35,15,45,50,30,65,60,50,60,40,55,35,50,25,30,20,85,35,40,30,50,80,45,15,15,80,30,70,55,55,45,65,35,50,80,60,45,70,20,60,25,30,60,85,50,95,50,70
   Social unrest,4,3,4,2,3,2,1,1,1,2,1,4,3,2,4,2,2,3,1,3,4,1,2,0,3,3,3,2,3,3,0,0,4,3,3,1,2,3,2,3,2,2,2,1,2,1,2,2,2,3,2,2,2,1,1,3,3,1,2,2,3,2,1,1,2,0,3,4,2,3,3,2,1,1,3,3,4,4,2,2,2,2,1,1,3,2,1,3,2,3,2,2,4,3,2,4,0,1,0,2,2,3,2,2,1,3,1,2,3,2,2,3,3,2,2,3,2,0,3,3,3,2,2,0,3,3,4,2,3,2,3,3,2,1,3,1,1,2,1,3,2,2,3,2,2,0,2,2,3,3,2,2,3,3,3,1,1,4,1,2,2,4,2,3,2,3,3,2,0,3,2,4,2,2,2,4,1,4,3,4
   Orderly transfers,3,2,4,1,2,2,1,0,0,4,1,3,2,0,4,1,2,2,1,2,3,1,2,4,1,3,3,1,3,4,0,2,3,4,0,3,0,4,0,3,1,3,1,1,4,0,3,2,2,2,3,1,4,4,1,3,4,0,0,0,3,2,0,1,0,0,2,3,3,3,3,2,1,0,0,1,3,3,0,1,2,1,0,0,3,4,2,2,3,2,4,1,3,1,2,4,0,1,0,1,2,2,1,2,1,3,1,2,3,0,2,3,3,3,2,1,0,0,4,3,3,4,3,0,2,2,4,2,3,3,2,1,1,1,2,2,1,3,4,3,2,1,2,1,2,1,1,1,3,1,0,1,1,4,2,0,0,4,1,4,3,2,2,3,1,1,3,4,1,4,0,1,1,1,4,4,4,4,2,4
   Opposition stance,3,1,1,0,1,1,0,0,1,1,1,0,1,0,2,1,1,1,0,1,1,1,1,0,1,1,1,1,0,0,0,1,3,1,1,0,0,1,1,1,1,0,1,1,1,0,0,1,2,3,0,0,0,0,1,0,1,1,1,1,1,1,1,0,0,1,1,1,1,1,2,0,0,1,1,2,3,4,2,1,1,1,0,1,1,1,1,2,2,1,0,1,4,1,2,2,0,1,0,0,1,1,1,1,0,0,1,1,1,1,1,1,1,1,1,1,1,0,1,1,1,0,2,0,1,2,4,0,2,1,2,1,1,0,1,0,1,0,0,1,1,1,1,1,1,0,1,0,4,0,1,1,1,1,1,1,0,0,0,1,1,1,2,1,1,1,2,0,1,1,0,2,0,0,0,1,0,4,1,0
   Excessive executive authority,3,2,2,4,2,3,0,0,1,4,1,4,3,1,4,0,3,3,1,3,2,2,1,4,1,3,4,1,4,4,0,1,3,4,1,3,1,3,0,3,0,3,1,1,4,0,3,2,2,3,4,2,4,4,0,4,4,0,2,2,1,2,0,2,0,2,1,4,3,3,2,2,1,1,1,1,3,2,0,0,1,1,0,2,3,4,3,2,3,2,4,0,2,2,2,4,2,0,0,3,1,3,1,3,3,4,1,2,3,1,2,3,3,3,2,1,0,1,4,3,1,4,2,0,4,2,4,2,2,1,1,2,2,0,1,4,2,4,4,2,4,2,3,2,3,2,0,0,3,3,1,1,4,4,2,0,0,4,1,4,3,2,2,3,1,2,4,4,4,3,0,2,1,1,4,4,3,3,3,4
   International tensions,4,1,2,2,1,4,2,2,1,3,1,3,1,0,3,1,2,3,2,1,3,1,1,1,1,2,3,0,3,3,1,0,3,2,1,3,2,2,2,1,2,3,2,0,2,1,2,2,2,2,3,1,2,4,3,2,3,2,1,1,1,3,2,1,3,0,1,1,3,2,2,3,2,0,2,2,4,4,1,3,1,1,2,1,3,2,3,2,2,2,1,3,4,3,1,4,1,2,2,1,1,1,1,3,1,2,1,3,3,1,2,2,1,3,1,2,1,1,4,3,1,4,2,0,3,3,4,2,2,0,1,2,1,1,2,3,1,4,3,1,3,2,2,1,2,2,2,1,4,0,4,1,1,4,1,1,2,4,3,3,2,2,1,3,2,3,4,2,3,3,2,3,1,2,2,4,2,4,1,2
Government effectiveness risk,94,66,81,81,53,63,31,13,22,72,44,56,88,34,84,22,59,66,50,75,78,44,59,38,56,75,91,41,88,78,6,41,91,91,31,59,50,88,34,72,47,63,38,34,94,16,81,63,78,72,72,63,94,94,16,72,72,9,19,22,69,44,16,59,47,31,81,84,63,88,78,16,41,16,63,59,88,91,25,41,44,50,28,19,59,69,75,72,56,81,88,28,94,66,81,88,13,25,9,44,72,81,41,75,34,78,47,63,72,63,63,66,78,88,53,78,16,13,84,72,84,97,59,6,53,81,81,50,75,63,63,59,44,31,59,44,59,78,59,63,56,59,59,38,78,13,31,28,97,38,28,31,59,91,66,9,6,100,25,97,75,56,69,69,59,56,66,97,44,72,16,66,25,31,81,94,69,94,75,94
   Policy formulation,2,2,3,2,2,2,1,1,2,2,1,1,2,1,4,1,2,1,2,3,2,1,1,1,2,2,3,1,2,2,0,0,3,3,2,2,1,3,1,2,2,3,2,1,3,2,3,1,3,2,1,1,3,3,0,3,1,1,1,1,2,2,1,1,1,2,2,2,1,2,2,0,2,1,2,2,3,2,2,2,2,1,1,0,2,2,1,2,2,2,2,1,3,2,2,3,0,1,0,2,2,3,2,2,1,2,2,2,2,2,2,2,2,2,2,1,2,1,2,2,2,4,2,1,1,2,3,1,3,2,2,2,2,1,3,1,2,3,1,1,1,2,2,1,2,1,1,2,3,1,1,2,2,2,1,1,1,4,1,3,3,1,2,1,1,2,2,4,1,2,1,2,1,2,1,4,2,3,4,3
   Quality of bureaucracy,4,3,3,3,2,3,2,0,1,3,2,2,3,2,4,2,3,3,2,3,4,2,2,2,3,3,3,2,4,3,0,2,4,4,1,2,2,3,2,3,3,2,2,2,4,1,3,3,4,3,3,3,4,3,1,3,3,0,0,0,2,2,0,3,2,2,4,4,3,4,3,0,2,1,2,3,3,4,1,1,2,2,1,1,2,3,4,4,3,4,3,2,4,3,4,4,1,2,1,2,3,4,2,4,2,3,2,2,3,3,3,3,3,4,2,4,1,1,3,3,4,3,3,0,3,3,3,2,3,3,2,2,2,2,3,2,3,3,2,3,3,2,3,2,3,0,1,1,4,2,0,1,3,3,3,0,1,4,1,4,3,3,4,4,3,2,3,4,2,3,1,3,2,1,4,4,3,4,3,4
   Excessive bureaucracy/red-tape,4,3,4,4,3,2,1,0,1,2,3,2,4,2,3,1,3,4,2,4,4,2,3,1,2,4,4,3,3,4,0,1,4,4,1,2,1,4,2,3,2,3,1,1,4,0,3,2,4,3,3,2,4,4,0,3,4,0,1,1,4,0,1,3,2,1,2,4,3,4,3,0,1,0,2,2,3,4,0,1,2,1,1,1,2,2,3,3,2,2,4,0,4,3,4,4,1,0,1,1,4,3,0,3,2,3,1,2,3,2,2,2,3,4,2,3,1,0,3,3,3,4,1,0,2,3,3,2,3,2,2,2,2,1,2,2,2,3,1,4,2,3,2,2,4,0,1,1,4,1,1,1,2,4,4,0,0,4,1,4,4,1,4,2,3,2,2,4,0,3,0,2,2,1,4,4,2,4,3,4
   Vested interests/cronyism,4,4,4,3,3,3,2,1,1,4,1,3,4,2,4,1,2,3,2,3,3,2,3,2,3,3,4,2,3,3,1,2,4,4,1,3,3,4,2,3,3,3,2,2,4,1,4,3,4,4,4,3,4,4,2,3,3,1,1,1,3,2,1,2,2,2,4,4,3,4,4,2,3,1,3,3,4,4,2,2,3,3,2,2,3,4,3,4,3,4,4,2,4,2,4,4,1,2,0,3,2,4,2,3,2,3,3,3,4,4,4,3,4,4,2,4,1,1,4,3,4,4,3,1,4,4,3,3,3,3,3,3,2,2,2,2,3,4,3,3,3,3,3,3,3,1,2,3,4,2,2,2,3,4,3,1,0,4,2,4,3,3,3,3,3,2,3,4,3,3,1,4,1,2,4,4,3,4,3,4
   Corruption,4,3,3,4,2,2,1,0,1,3,0,2,4,0,2,1,2,2,0,3,3,1,3,0,3,2,4,1,4,4,0,2,4,4,1,2,2,4,1,3,1,2,2,2,4,0,3,3,2,3,3,3,4,4,0,2,3,0,1,1,3,1,0,2,3,1,4,3,2,4,3,0,2,1,3,3,4,4,1,2,2,2,1,1,2,3,4,3,2,4,4,1,4,2,3,4,0,1,0,2,4,3,2,3,2,3,2,3,3,3,3,3,3,3,2,3,0,0,4,3,4,4,3,0,2,3,3,3,3,3,3,3,2,2,3,1,3,4,2,2,2,2,3,0,3,0,2,1,4,2,2,2,2,4,3,0,0,4,1,4,3,3,2,3,2,3,3,4,1,3,0,4,1,1,4,4,3,4,3,4
   Accountability of public officials,4,2,3,4,3,3,1,0,1,4,2,3,4,1,4,1,2,3,2,3,3,2,3,2,2,3,3,2,4,3,1,2,3,3,1,3,2,4,2,3,2,2,1,2,3,1,3,3,3,3,2,3,4,4,1,3,3,1,1,1,3,2,1,3,2,1,4,3,3,4,3,1,1,1,3,2,3,3,2,1,1,3,1,1,3,3,3,2,2,3,4,2,4,3,2,3,1,1,1,2,3,3,2,3,2,4,2,3,3,3,2,3,3,3,2,3,0,0,4,3,3,4,3,0,2,3,3,2,2,2,3,2,2,1,2,3,2,3,3,3,2,3,2,2,3,0,1,1,4,2,1,1,2,4,2,1,0,4,1,4,3,3,3,3,2,3,3,4,3,3,1,2,1,1,4,4,3,3,3,4
   Human rights,4,1,3,3,0,2,0,1,0,3,1,4,3,0,4,0,1,2,2,2,3,2,2,3,2,4,4,1,4,3,0,1,4,4,2,3,2,3,0,3,1,3,1,1,4,0,4,2,2,2,4,2,4,4,0,3,3,0,1,1,2,2,1,2,1,0,3,3,2,2,3,2,1,0,2,2,4,4,0,3,1,2,1,0,3,3,3,2,3,3,3,0,3,2,3,4,0,0,0,1,2,2,2,2,0,4,1,3,2,1,1,3,3,4,2,3,0,0,4,3,4,4,2,0,2,4,4,1,3,2,2,3,1,0,1,3,2,3,4,1,4,2,1,1,3,2,1,0,4,2,1,1,3,4,2,0,0,4,1,4,2,3,1,3,2,2,3,4,3,3,1,2,0,1,3,3,3,4,2,4
   Natural disaster societal risk,4,3,3,3,2,3,2,1,0,2,4,1,4,3,2,0,4,3,4,3,3,2,2,1,1,3,4,1,4,3,0,3,3,3,1,2,3,3,1,3,1,2,1,0,4,0,3,3,3,3,3,3,3,4,1,3,3,0,0,1,3,3,0,3,2,1,3,4,3,4,4,0,1,0,3,2,4,4,0,1,1,2,1,0,2,2,3,3,1,4,4,1,4,4,4,2,0,1,0,1,3,4,1,4,0,3,2,2,3,2,3,2,4,4,3,4,0,1,3,3,3,4,2,0,1,4,4,2,4,3,3,2,1,1,3,0,2,2,3,3,1,2,3,1,4,0,1,0,4,0,1,0,2,4,3,0,0,4,0,4,3,1,3,3,3,2,2,3,1,3,0,2,0,1,2,3,3,4,3,3
Legal & regulatory risk,85,55,73,75,63,58,18,8,10,68,45,45,60,45,90,18,63,75,55,73,60,40,40,40,45,63,80,35,68,73,13,25,83,78,18,53,48,75,33,65,50,68,35,28,88,15,73,45,85,63,50,58,78,98,18,60,68,10,23,18,65,43,15,50,48,10,65,85,50,70,65,15,35,18,50,58,80,85,8,28,38,35,18,15,45,58,68,63,50,70,75,23,63,60,78,95,10,33,13,28,60,60,38,63,25,55,33,40,63,60,55,50,70,78,43,60,8,5,73,65,60,98,50,13,40,60,50,53,55,58,38,55,35,25,23,35,38,68,58,73,48,65,50,48,68,8,33,28,90,45,23,30,45,78,53,5,10,88,20,85,70,43,60,68,43,50,48,100,33,58,5,68,38,13,95,93,55,73,68,80
   Fairness of judicial process,3,2,3,4,3,3,0,0,0,3,1,3,2,1,4,1,2,4,2,3,3,1,1,1,2,3,4,1,4,4,0,1,3,4,1,3,2,4,1,3,2,3,1,2,4,1,4,3,3,3,2,3,4,4,1,3,3,0,1,1,3,3,0,2,2,1,3,3,2,4,3,0,2,0,2,3,4,4,0,0,3,2,1,0,2,4,3,3,2,3,4,1,2,2,3,4,0,1,1,1,1,2,1,3,2,3,1,2,4,3,3,2,3,4,1,2,0,0,4,2,2,4,3,0,2,3,2,2,1,3,2,2,2,1,1,2,2,3,3,3,3,2,2,4,3,1,2,1,4,1,1,2,1,3,2,0,0,4,1,4,3,2,3,4,2,2,3,4,2,2,0,4,1,0,4,4,3,3,2,4
   Enforceability of contracts,4,3,3,3,2,2,1,0,0,3,1,1,3,2,4,1,2,3,2,4,2,1,2,1,2,3,3,1,4,3,0,1,4,3,1,2,2,3,1,2,1,2,2,1,4,0,3,1,4,3,2,2,2,4,1,2,3,0,0,0,2,1,0,2,1,0,3,4,2,2,3,0,1,1,3,3,3,4,0,1,1,1,0,0,2,3,3,2,3,3,3,1,3,2,3,4,0,1,0,1,2,3,1,3,0,1,1,1,2,3,2,2,3,3,1,3,0,0,3,3,3,4,2,0,1,2,2,2,2,2,2,3,1,1,1,1,2,3,2,4,2,3,2,2,3,0,1,0,4,2,1,0,2,3,1,0,0,4,1,4,2,2,2,3,1,2,2,4,1,2,0,3,1,0,4,4,2,4,3,4
   Speediness of judicial process,4,3,3,4,3,3,1,1,1,2,3,3,4,4,4,1,4,4,0,3,3,2,3,2,3,3,4,2,3,4,1,1,4,3,1,2,3,3,3,2,2,3,3,2,4,1,4,2,4,3,4,3,4,4,1,4,2,1,1,1,4,1,1,3,3,1,4,4,3,4,4,0,3,1,3,2,3,4,1,3,3,3,1,1,3,2,3,3,2,3,4,2,3,3,4,4,1,1,1,1,4,3,2,3,2,3,2,3,3,1,3,2,4,4,1,4,1,1,3,2,2,3,3,1,2,4,3,4,2,2,3,3,2,2,2,2,2,2,2,4,2,4,3,3,3,0,1,2,4,2,0,2,4,4,4,0,1,4,2,4,4,2,2,2,4,2,3,4,1,2,1,2,3,1,3,4,2,3,3,3
   Discrimination against foreign companies,1,2,3,2,3,2,0,1,0,2,2,2,2,2,3,1,2,2,3,3,2,2,1,2,2,3,2,1,1,2,1,1,2,3,0,2,2,3,1,2,2,3,1,1,3,1,1,2,2,2,1,2,3,4,2,2,3,1,2,2,2,2,2,2,3,0,2,3,1,2,2,0,2,1,2,3,4,2,0,1,2,0,2,0,1,2,3,2,3,3,2,1,2,2,2,3,1,2,0,2,2,2,2,2,1,2,1,1,2,3,2,2,2,2,1,1,1,0,2,2,2,4,2,1,2,2,1,1,2,1,1,2,2,2,1,2,2,3,2,2,2,2,2,1,2,0,1,2,4,2,2,1,1,3,1,0,1,2,1,3,2,2,2,2,2,2,1,4,2,2,1,3,2,1,3,4,2,3,3,3
   Confiscation/expropriation,3,2,2,2,2,1,0,0,0,3,2,1,1,1,3,0,3,2,2,3,1,1,1,1,1,1,3,1,2,2,0,1,3,3,0,2,1,2,1,2,1,2,1,1,3,0,2,1,2,2,2,2,2,3,0,2,2,0,0,0,2,2,0,1,1,0,1,3,1,1,1,0,0,0,1,3,3,3,0,1,0,1,0,0,1,2,2,2,1,3,2,0,2,2,2,3,0,1,0,1,2,1,1,1,0,2,1,1,2,3,1,2,3,3,3,2,0,0,2,2,2,4,1,0,0,2,2,2,3,2,1,3,0,0,1,0,1,3,2,3,1,2,2,1,2,0,0,0,4,3,2,1,1,2,1,0,0,4,0,3,2,0,2,2,1,1,1,4,1,2,0,2,1,1,4,4,2,3,3,3
   Unfair competitive practices,3,2,3,3,2,3,2,0,1,3,2,1,3,2,4,1,3,3,4,3,3,2,2,2,2,2,4,2,2,3,1,1,3,3,2,2,2,4,2,3,3,3,2,1,4,1,3,2,4,3,2,2,4,4,0,2,3,0,2,1,3,1,2,2,2,2,3,4,2,3,3,2,2,2,2,2,3,4,1,1,2,1,1,2,2,2,3,3,2,3,3,0,3,3,3,4,1,2,1,2,2,3,1,2,1,2,2,2,2,3,2,2,2,3,2,4,0,1,3,3,3,4,2,1,2,2,3,2,2,3,2,2,2,1,1,2,2,3,3,3,2,2,2,1,3,1,2,1,4,2,1,2,2,4,3,1,1,4,1,4,3,2,3,3,2,2,2,4,2,3,0,3,1,1,4,4,1,3,3,3
   Protection of intellectual property rights,4,2,4,4,2,2,1,0,0,3,2,2,3,2,3,0,2,4,3,3,3,2,2,1,2,3,3,2,3,3,0,1,4,4,1,2,2,4,1,4,2,3,1,1,4,0,4,3,4,2,2,2,4,4,1,3,2,0,0,0,3,2,0,3,2,0,3,4,3,3,3,1,1,0,3,3,4,4,0,1,1,2,1,1,2,3,3,3,2,3,3,1,3,3,4,4,0,2,0,1,3,3,2,4,1,3,1,2,3,2,2,2,3,4,2,2,1,0,3,3,3,4,2,0,2,3,3,2,2,3,2,3,1,1,0,1,1,3,3,3,2,4,2,1,4,0,2,1,4,1,1,1,2,3,3,0,0,4,1,3,4,2,3,3,1,3,2,4,2,3,0,3,1,0,4,4,3,3,3,3
   Protection of private property,4,2,2,3,2,2,0,0,0,3,2,1,2,1,4,0,2,3,2,3,2,2,1,2,1,2,3,1,3,2,0,1,4,3,0,2,2,2,1,3,2,2,1,0,3,0,3,1,4,2,2,2,2,4,0,2,3,0,0,0,2,2,0,2,2,0,2,4,2,3,2,0,1,0,1,2,3,3,0,1,1,1,0,0,1,2,2,2,1,3,4,1,3,2,3,4,0,1,0,0,3,2,1,2,0,2,1,1,2,3,2,2,3,3,2,2,0,0,3,3,3,4,2,0,2,2,2,1,3,2,1,1,1,0,0,0,1,2,2,2,2,2,2,2,3,0,1,1,4,2,0,1,2,3,1,0,0,4,0,3,3,1,2,3,1,2,1,4,1,2,0,2,1,0,4,4,2,3,3,3
   Integrity of accounting practices,4,2,3,3,3,3,1,0,1,3,1,2,2,2,4,1,3,3,3,2,3,2,2,2,2,3,3,2,3,3,1,1,4,3,1,3,2,3,1,3,2,3,1,1,4,1,3,2,4,3,1,3,4,4,1,2,3,1,1,1,3,2,1,2,3,0,3,3,2,4,3,2,1,2,2,0,3,4,1,1,1,2,1,2,3,2,4,3,2,3,3,1,1,3,4,4,1,1,1,2,3,3,2,3,2,2,2,2,3,2,3,2,3,3,2,2,0,0,4,3,2,4,2,1,2,2,1,2,3,3,1,2,2,1,1,1,1,3,2,3,1,3,2,2,3,1,2,2,4,2,1,1,1,4,4,0,0,3,0,4,3,2,3,3,2,2,3,4,0,3,0,3,2,1,4,3,3,3,2,2
   Price controls,4,2,3,2,3,2,1,1,1,2,2,2,2,1,3,1,2,2,1,2,2,1,1,2,1,2,3,1,2,3,1,1,2,2,0,1,1,2,1,2,3,3,1,1,2,1,2,1,3,2,2,2,2,4,0,2,3,1,2,1,2,1,0,1,0,0,2,2,2,2,2,1,1,0,1,2,2,2,0,1,1,1,0,0,1,1,1,2,2,1,2,1,3,2,3,4,0,1,1,0,2,2,2,2,1,2,1,1,2,1,2,2,2,2,2,2,0,0,2,3,2,4,1,1,1,2,1,3,2,2,0,1,1,1,1,3,1,2,2,2,2,2,1,2,1,0,1,1,0,1,0,1,2,2,1,1,1,2,1,2,2,2,2,2,1,2,1,4,1,2,0,2,2,0,4,2,2,1,2,4
Macroeconomic risk,35,45,35,85,90,40,15,30,45,65,20,60,20,60,70,65,30,25,25,45,40,35,50,5,20,10,60,30,5,20,50,20,20,25,30,10,35,45,40,15,50,50,65,30,80,45,25,55,5,35,55,30,50,20,30,40,75,50,30,25,35,20,40,75,50,30,20,45,20,55,35,20,50,45,35,25,80,45,15,40,50,25,30,20,45,70,65,50,5,50,20,55,90,45,65,35,45,15,25,0,45,65,15,15,40,40,30,50,50,40,60,25,70,50,45,30,50,30,55,15,75,70,40,60,45,75,35,10,40,45,20,60,30,55,60,25,45,35,45,35,40,5,40,25,55,25,40,20,35,65,20,75,45,80,60,25,10,95,5,60,35,30,50,35,35,55,75,85,35,65,55,75,55,40,60,100,20,90,80,100
   Exchange rate volatility,2,1,2,3,4,1,0,2,0,3,0,0,0,0,3,1,1,0,1,1,0,2,3,0,1,0,2,0,0,0,1,0,0,0,2,0,2,1,0,0,0,3,1,2,3,0,0,2,0,1,2,0,0,0,0,2,3,0,1,0,1,2,1,3,2,1,0,3,1,3,0,0,2,2,1,3,4,0,0,0,0,1,1,1,0,3,2,1,0,1,2,1,4,3,4,3,2,0,1,0,2,1,0,0,1,1,0,1,2,2,1,0,3,2,2,0,1,2,1,0,3,3,1,2,0,3,0,0,1,2,1,2,1,0,1,0,2,1,2,1,1,0,2,1,3,0,0,0,4,3,1,1,2,4,3,1,0,4,0,3,1,1,2,0,1,3,4,2,0,2,2,3,2,0,3,4,0,4,3,4
   Recession risk,2,4,2,4,2,4,0,1,4,4,0,2,0,4,4,4,0,1,1,4,4,3,1,1,1,0,3,1,0,1,4,4,1,1,0,0,0,4,1,0,4,1,4,1,2,4,1,4,1,3,1,1,4,1,2,1,4,4,0,0,2,0,4,4,1,4,1,0,0,1,4,4,1,1,1,0,4,4,0,1,4,1,1,1,3,4,3,4,1,1,0,4,4,4,1,0,4,1,4,0,1,3,0,1,4,4,4,3,2,0,4,1,4,1,1,2,4,1,4,1,4,2,4,4,2,2,2,0,1,4,0,4,1,4,4,1,2,4,2,1,2,0,1,0,1,1,4,0,1,4,1,4,1,3,0,1,1,4,1,1,1,1,2,1,4,2,4,4,4,4,4,3,1,1,0,4,1,4,4,4
   Price instability,1,0,1,4,4,0,0,0,0,0,0,4,1,4,1,3,0,0,0,0,0,0,0,0,0,0,2,0,0,0,0,0,0,0,2,0,0,0,0,0,0,1,4,0,4,0,0,0,0,1,1,1,0,0,0,1,4,2,0,0,0,1,0,3,1,0,0,2,0,3,1,0,0,0,1,0,4,0,0,2,0,1,0,0,3,2,2,1,0,2,2,2,4,1,4,2,2,0,0,0,1,2,0,0,0,0,0,0,1,1,0,0,2,2,0,1,0,1,1,0,4,3,0,3,4,2,4,0,0,1,0,0,0,2,1,0,0,0,3,0,2,0,0,0,3,0,0,0,2,0,0,4,1,4,4,0,0,4,0,2,1,0,2,0,0,1,3,4,2,1,1,2,2,0,3,4,0,4,3,4
   Crowding out,2,4,2,4,4,1,3,1,2,4,4,4,2,4,2,3,4,2,3,4,0,0,4,0,0,2,4,4,1,3,4,0,2,4,1,2,4,4,4,2,3,3,3,1,4,2,3,4,0,2,4,4,4,3,1,3,3,3,4,4,4,0,2,4,4,0,3,3,2,2,2,0,4,4,3,1,1,4,3,4,4,1,4,0,2,2,4,2,0,4,0,3,4,1,3,0,0,2,0,0,4,4,1,2,2,2,2,3,1,4,4,3,4,2,4,2,1,1,4,2,3,4,2,1,2,4,1,1,3,1,2,3,3,4,4,1,3,0,2,4,1,1,2,4,4,4,3,3,0,4,1,4,4,4,4,2,1,4,0,4,3,2,4,4,2,3,0,4,0,4,4,4,4,4,2,4,1,4,4,4
   Interest rate volatility,0,0,0,2,4,2,0,2,3,2,0,2,1,0,4,2,1,2,0,0,4,2,2,0,2,0,1,1,0,0,1,0,1,0,1,0,1,0,3,1,3,2,1,2,3,3,1,1,0,0,3,0,2,0,3,1,1,1,1,1,0,1,1,1,2,1,0,1,1,2,0,0,3,2,1,1,3,1,0,1,2,1,0,2,1,3,2,2,0,2,0,1,2,0,1,2,1,0,0,0,1,3,2,0,1,1,0,3,4,1,3,1,1,3,2,1,4,1,1,0,1,2,1,2,1,4,0,1,3,1,1,3,1,1,2,3,2,2,0,1,2,0,3,0,0,0,1,1,0,2,1,2,1,1,1,1,0,3,0,2,1,2,0,2,0,2,4,3,1,2,0,3,2,3,4,4,2,2,2,4
Foreign trade & payments risk,57,36,68,75,71,46,21,14,25,50,57,39,61,46,57,18,54,61,32,57,39,21,54,14,32,57,79,57,61,64,21,36,61,57,7,46,32,64,18,39,29,79,36,25,64,7,43,32,25,50,57,29,71,89,21,46,68,11,14,14,54,21,14,50,32,7,39,71,36,43,36,7,29,25,54,43,86,68,21,21,11,36,14,21,43,54,50,50,21,43,64,36,68,39,61,79,11,21,18,4,54,43,25,61,14,54,18,29,50,39,46,46,46,57,21,68,21,11,57,64,79,96,32,14,18,68,57,29,43,43,7,32,25,32,29,36,32,57,46,46,25,46,46,32,36,0,18,14,82,36,29,29,39,86,64,14,11,96,25,79,57,36,57,57,36,57,46,86,32,50,32,61,36,39,75,89,43,86,54,96
   Trade embargo risk,2,1,0,1,1,4,0,2,2,1,1,1,1,1,2,2,1,4,1,2,1,0,2,1,1,2,4,0,4,1,1,1,3,2,0,2,0,1,0,1,1,4,3,1,2,1,0,0,1,1,1,0,1,3,2,2,2,2,1,1,1,2,1,1,2,0,1,2,0,1,1,1,2,1,1,1,4,1,2,2,0,0,1,0,2,2,1,2,0,1,1,4,3,2,1,2,0,1,1,1,1,0,1,2,1,2,0,1,3,0,2,0,0,2,0,2,2,1,3,4,1,4,1,1,1,2,4,2,1,1,0,1,1,2,0,4,2,4,2,0,0,1,2,0,1,0,1,1,2,1,1,2,1,3,1,1,0,4,1,2,3,0,1,4,0,2,2,1,2,2,2,4,1,2,2,4,1,4,1,3
   Financial crisis,2,2,2,3,3,2,1,1,2,3,1,3,2,3,3,1,3,2,2,3,3,2,2,1,2,3,3,2,2,3,1,4,3,2,1,2,2,3,2,2,2,3,3,1,3,1,3,2,2,3,3,2,4,3,1,4,3,0,1,1,2,2,1,2,2,1,3,3,2,2,2,1,2,2,2,2,3,4,1,2,2,2,1,1,3,3,3,3,1,3,4,2,4,2,4,4,1,1,4,0,3,3,1,2,1,2,2,2,3,3,3,2,4,3,2,2,2,1,4,3,3,3,3,1,2,3,4,2,3,2,1,2,2,3,4,2,2,2,2,4,2,2,3,2,3,0,1,1,2,3,2,2,2,4,4,1,0,4,1,4,2,1,3,3,2,3,4,3,3,2,1,3,2,2,2,4,2,4,4,4
   Discriminatory tariffs,3,2,4,2,3,2,0,0,1,3,4,3,4,1,2,1,3,2,1,3,1,1,2,0,1,3,2,3,2,4,2,1,2,2,0,2,1,4,1,2,1,3,1,2,3,0,4,2,1,3,3,2,4,4,1,2,3,0,1,1,3,1,1,2,1,0,1,3,3,2,1,0,1,0,4,2,3,2,1,0,0,2,1,1,3,2,4,2,2,2,4,1,2,3,2,4,1,1,0,0,3,2,1,3,1,2,1,1,2,0,2,3,2,1,1,3,1,1,2,2,4,4,1,1,0,4,0,2,1,2,0,1,1,0,3,0,1,2,2,3,1,2,1,2,1,0,1,1,4,1,2,1,2,4,2,1,1,3,1,3,2,3,3,2,4,3,3,4,1,2,2,2,3,3,4,2,4,2,3,4
   Excessive protection,3,0,4,4,3,1,3,1,2,2,4,2,4,3,1,1,3,4,1,2,1,2,3,0,2,4,3,4,4,4,1,1,4,3,0,1,2,4,1,2,1,3,1,1,4,0,4,2,2,3,3,1,4,3,1,0,4,1,1,1,4,0,1,3,1,1,1,2,2,2,1,0,1,0,3,2,4,4,1,0,1,4,0,2,2,2,2,3,1,1,1,1,1,1,4,4,1,1,0,0,2,2,1,3,0,1,1,1,2,2,1,2,2,2,0,4,1,0,1,4,4,4,1,1,1,4,1,1,1,2,0,1,1,1,1,1,1,3,2,3,1,4,2,2,2,0,1,1,4,2,1,1,2,4,3,1,1,4,2,2,3,2,4,4,2,2,1,4,1,3,1,1,2,2,4,4,1,2,2,4
   Capital account,3,2,4,3,4,3,0,0,0,2,2,1,3,2,3,0,1,3,2,3,3,1,3,1,2,2,3,2,4,3,1,1,2,3,1,2,2,2,0,1,1,3,1,1,2,0,1,2,1,2,3,2,2,4,1,1,3,0,0,0,3,0,0,3,2,0,3,4,2,3,2,0,1,1,2,2,4,3,0,2,0,2,1,2,1,3,1,1,1,3,3,1,4,2,2,2,0,1,0,0,3,2,1,4,0,2,0,2,2,3,2,2,2,4,1,4,0,0,3,3,4,4,2,0,0,3,4,1,2,1,1,2,1,1,0,1,2,3,2,1,2,2,3,1,1,0,1,0,4,1,1,0,2,2,3,0,0,4,1,3,3,2,2,1,0,3,2,4,0,3,2,3,0,2,3,4,2,4,2,4
   Current account convertibility,2,0,2,4,3,0,0,0,0,1,2,0,1,1,2,0,1,1,1,1,0,0,1,0,0,0,4,2,0,1,0,1,0,1,0,2,1,1,0,1,0,3,0,0,2,0,0,0,0,0,1,0,2,4,0,2,2,0,0,0,1,0,0,1,0,0,0,3,0,1,2,0,0,1,1,1,3,3,0,0,0,0,0,0,0,1,0,0,1,0,2,0,2,0,2,3,0,0,0,0,0,1,0,1,0,3,0,0,0,1,0,2,1,2,1,1,0,0,1,0,3,4,0,0,0,1,1,0,2,1,0,0,0,0,0,1,0,0,1,0,0,1,0,1,1,0,0,0,3,0,0,0,0,4,3,0,0,4,0,4,1,0,1,1,0,1,0,4,0,1,0,2,0,0,2,3,0,4,1,4
   Capital controls risk,1,3,3,4,3,1,2,0,0,2,2,1,2,2,3,0,3,1,1,2,2,0,2,1,1,2,3,3,1,2,0,1,3,3,0,2,1,3,1,2,2,3,1,1,2,0,0,1,0,2,2,1,3,4,0,2,2,0,0,0,1,1,0,2,1,0,2,3,1,1,1,0,1,2,2,2,3,2,1,0,0,0,0,0,1,2,3,3,0,2,3,1,3,1,2,3,0,1,0,0,3,2,2,2,1,3,1,1,2,2,3,2,2,2,1,3,0,0,2,2,3,4,1,0,1,2,2,0,2,3,0,2,1,2,0,1,1,2,2,2,1,1,2,1,1,0,0,0,4,2,1,2,2,3,2,0,1,4,1,4,2,2,2,1,2,2,1,4,2,1,1,2,2,0,4,4,2,4,2,4
Financial risk,71,58,67,63,54,50,13,13,4,63,42,50,38,42,63,13,58,58,50,63,54,38,25,46,38,42,79,42,58,63,4,33,67,67,17,33,50,75,38,54,38,92,33,38,71,13,75,58,58,58,42,38,71,83,29,58,71,13,8,8,67,42,13,46,42,8,58,75,58,67,58,8,38,29,29,46,71,75,25,29,21,46,8,13,29,46,54,75,29,67,63,33,58,75,79,92,8,33,17,17,75,67,17,63,25,79,33,25,67,54,58,42,54,79,33,42,4,21,50,54,63,96,38,8,54,50,63,25,58,50,33,54,29,25,71,38,50,42,67,71,33,50,50,63,79,0,38,33,92,25,13,17,46,79,75,13,8,96,17,88,63,21,67,54,46,50,25,88,46,67,13,63,54,17,79,75,46,96,63,71
   Devaluation risk,2,2,3,3,2,2,0,3,0,2,2,2,2,3,2,1,2,1,1,4,2,1,1,1,1,1,3,1,2,2,0,1,1,1,1,1,3,2,2,1,1,3,1,1,2,1,1,1,0,2,2,0,2,4,1,2,3,1,1,1,2,1,1,1,2,1,1,2,2,2,2,1,1,1,1,2,4,2,1,2,1,1,1,1,2,1,2,1,1,1,2,1,4,3,4,3,1,1,1,0,2,1,1,1,1,3,2,0,2,2,1,1,2,3,2,2,0,1,0,1,3,3,1,0,2,2,0,1,2,1,1,3,1,1,0,1,2,1,2,1,1,1,2,2,3,0,1,1,3,3,1,1,1,4,2,1,1,4,1,3,2,1,2,1,3,3,2,2,2,2,2,2,2,1,2,4,1,4,2,4
   Depth of financing,4,2,1,3,3,2,1,0,0,3,1,1,1,0,1,0,1,3,1,1,1,2,1,2,1,2,4,1,0,3,0,0,4,4,0,0,1,4,1,3,1,4,0,1,4,0,2,2,4,1,2,1,3,4,0,3,4,0,0,0,4,2,0,3,1,0,2,4,3,3,1,0,2,0,1,2,2,4,1,1,0,2,0,0,0,2,2,4,0,3,1,1,0,3,4,4,0,1,0,0,3,4,0,3,0,2,0,2,3,1,1,1,3,3,1,0,0,0,2,4,3,4,1,0,3,3,3,0,3,1,1,3,1,0,3,0,3,1,4,4,1,2,1,2,4,0,1,1,4,0,0,0,2,4,4,0,0,4,0,4,3,0,4,2,1,1,0,4,0,4,0,3,2,1,4,3,0,4,4,3
   Access to local markets,0,2,2,1,0,0,0,0,0,0,2,1,1,2,2,0,1,2,1,1,1,1,1,1,0,1,2,0,1,0,0,1,1,2,0,3,2,1,0,2,1,4,0,0,0,0,4,2,0,1,1,0,0,2,0,1,2,0,0,0,1,0,0,1,0,0,2,1,0,2,2,0,0,1,2,1,2,2,0,1,0,0,0,0,0,0,0,2,1,3,3,1,1,1,1,4,0,1,0,1,3,1,1,1,0,3,1,0,1,2,2,1,1,3,0,0,0,0,0,0,1,4,1,0,2,1,2,0,1,1,1,2,1,0,3,2,1,2,2,1,2,2,2,2,2,0,1,1,4,0,1,0,2,1,1,0,0,3,1,3,2,1,1,2,1,2,0,4,1,2,0,2,2,0,3,0,3,4,1,1
   Marketable debt,4,2,4,1,1,2,0,0,0,3,2,3,1,1,3,0,3,3,3,3,3,1,0,2,1,3,3,2,4,3,0,1,3,3,0,1,1,4,1,2,1,4,1,3,4,0,4,3,4,3,1,2,4,3,2,1,1,0,0,0,2,1,0,1,1,0,3,4,3,4,3,0,1,1,0,1,3,3,0,0,0,2,0,0,1,1,2,4,1,3,3,1,1,4,4,3,0,1,1,3,3,4,0,3,1,4,1,1,3,2,3,2,1,3,0,3,0,0,3,2,2,4,1,0,1,2,4,0,3,3,1,1,1,1,4,2,1,1,2,4,1,2,1,3,3,0,1,1,4,0,0,0,1,3,4,0,0,4,0,4,2,0,3,3,1,1,0,4,3,2,0,1,2,0,3,3,3,3,2,3
   Banking sector health,3,2,2,3,3,2,0,0,1,3,2,2,2,2,3,1,3,2,2,2,2,1,2,1,2,1,3,3,3,3,1,2,3,3,1,2,2,3,2,2,2,3,2,1,3,1,3,2,2,3,2,2,4,3,1,3,3,1,1,1,3,2,1,2,3,1,2,3,2,1,2,1,2,1,2,2,3,3,1,1,2,2,1,2,2,3,3,3,2,2,2,1,4,3,2,4,1,1,1,0,3,2,1,3,1,3,2,1,3,2,3,2,3,3,2,2,1,1,3,2,3,4,2,1,2,2,3,2,2,2,1,2,1,2,3,2,2,2,2,3,2,2,2,2,3,0,1,1,3,2,1,2,2,3,3,1,1,4,1,3,2,1,2,2,2,2,2,3,2,2,1,3,2,2,3,4,2,4,3,3
   Stockmarket liquidity,4,4,4,4,4,4,2,0,0,4,1,3,2,2,4,1,4,3,4,4,4,3,1,4,4,2,4,3,4,4,0,3,4,3,2,1,3,4,3,3,3,4,4,3,4,1,4,4,4,4,2,4,4,4,3,4,4,1,0,0,4,4,1,3,3,0,4,4,4,4,4,0,3,3,1,3,3,4,3,2,2,4,0,0,2,4,4,4,2,4,4,3,4,4,4,4,0,3,1,0,4,4,1,4,3,4,2,2,4,4,4,3,3,4,3,3,0,3,4,4,3,4,3,1,3,2,3,3,3,4,3,2,2,2,4,2,3,3,4,4,1,3,4,4,4,0,4,3,4,1,0,1,3,4,4,1,0,4,1,4,4,2,4,3,3,3,2,4,3,4,0,4,3,0,4,4,2,4,3,3
Tax policy risk,44,44,75,50,50,31,6,13,31,31,31,19,38,31,69,38,44,63,19,69,31,25,63,6,19,50,63,31,25,63,6,13,63,75,25,44,44,69,38,63,31,50,13,25,81,6,25,44,19,44,44,31,63,75,31,31,38,13,38,25,63,19,31,38,44,6,44,81,31,44,44,0,25,31,56,38,56,56,25,25,38,38,13,13,25,38,50,38,31,50,50,25,44,31,56,38,6,25,25,19,38,44,19,56,13,44,19,31,38,38,31,44,44,38,50,44,31,6,69,56,69,50,19,13,19,44,25,38,38,25,31,31,31,31,50,19,31,50,38,50,38,63,44,25,44,6,44,19,75,31,25,38,31,69,31,31,6,56,13,75,63,25,44,56,38,44,50,69,13,50,13,50,50,19,63,88,44,50,63,69
   Stable regime,3,3,3,3,3,2,1,1,2,2,2,2,3,3,3,2,2,4,1,4,3,2,3,0,2,4,3,2,2,3,1,0,3,4,2,2,2,4,3,3,2,2,2,2,4,1,2,2,1,3,3,2,4,3,1,2,2,1,2,2,3,1,2,2,2,0,3,3,3,3,3,0,2,2,3,3,3,3,1,2,4,3,1,2,2,2,2,3,2,3,3,2,3,3,3,3,1,1,2,1,2,2,1,3,1,4,1,2,3,2,3,2,3,4,3,3,2,1,3,3,4,3,1,1,2,3,2,3,2,2,3,2,2,2,3,1,1,2,2,4,2,3,3,1,2,1,2,1,4,1,1,2,3,3,2,1,1,3,1,3,3,2,2,3,2,2,3,4,1,3,1,2,3,1,4,4,3,4,4,4
   Discriminatory taxes,3,1,3,1,1,2,0,0,0,2,1,0,1,1,4,0,2,1,0,3,1,1,2,1,0,1,2,1,1,2,0,1,1,2,1,2,1,2,0,3,2,3,0,1,3,0,0,1,1,2,2,1,3,3,1,1,2,0,0,0,2,1,0,2,1,0,2,3,1,2,1,0,1,1,2,2,3,3,1,1,0,1,0,0,1,2,3,2,2,3,3,1,2,1,2,3,0,1,0,1,2,2,1,2,0,2,1,1,1,3,1,2,1,1,2,3,0,0,2,2,3,4,1,0,1,2,1,1,2,1,1,2,1,1,1,2,2,2,2,1,3,3,2,1,3,0,2,1,4,2,1,0,1,3,1,1,0,2,1,3,2,1,1,2,2,1,2,4,1,2,0,2,2,1,2,3,2,2,3,3
   Level of corporate taxation,0,1,2,3,3,0,0,1,3,0,1,0,1,0,3,4,1,3,1,2,0,0,4,0,0,2,3,1,0,4,0,0,4,4,1,2,3,4,2,2,0,2,0,0,3,0,1,3,0,1,1,1,1,4,3,1,1,1,4,2,3,0,3,1,3,1,1,4,1,1,2,0,0,1,2,0,2,1,0,0,2,1,0,0,1,1,1,0,0,0,0,1,1,0,3,0,0,2,0,1,1,1,0,3,1,0,0,1,1,0,0,2,1,0,2,0,2,0,4,3,2,0,0,1,0,1,0,1,1,0,1,0,2,1,3,0,1,2,1,1,0,3,1,1,1,0,3,1,0,1,1,3,0,3,1,3,0,2,0,4,3,0,3,2,1,3,2,0,0,1,1,3,2,0,0,3,1,0,1,1
   Retroactive taxation,1,2,4,1,1,1,0,0,0,1,1,1,1,1,1,0,2,2,1,2,1,1,1,0,1,1,2,1,1,1,0,1,2,2,0,1,1,1,1,2,1,1,0,1,3,0,1,1,1,1,1,1,2,2,0,1,1,0,0,0,2,1,0,1,1,0,1,3,0,1,1,0,1,1,2,1,1,2,2,1,0,1,1,0,0,1,2,1,1,2,2,0,1,1,1,0,0,0,2,0,1,2,1,1,0,1,1,1,1,1,1,1,2,1,1,1,1,0,2,1,2,1,1,0,0,1,1,1,1,1,0,1,0,1,1,0,1,2,1,2,1,1,1,1,1,0,0,0,4,1,1,1,1,2,1,0,0,2,0,2,2,1,1,2,1,1,1,3,0,2,0,1,1,1,4,4,1,2,2,3
Labour market risk,57,43,75,54,61,32,25,32,25,46,36,54,43,36,50,36,50,71,43,68,54,36,57,29,46,79,64,46,71,61,29,32,68,79,32,43,36,71,39,57,36,46,39,39,75,25,68,46,50,57,50,54,64,68,25,71,64,25,46,54,71,39,25,54,46,43,57,75,71,61,79,18,36,43,46,57,57,54,25,32,39,43,29,21,50,50,64,61,57,50,57,29,46,61,61,82,7,39,25,46,68,64,50,71,32,68,50,50,54,61,46,64,64,61,54,61,21,32,50,86,64,64,43,32,50,57,54,50,64,46,46,32,36,46,50,43,46,39,54,61,54,57,46,46,64,29,36,43,71,64,43,36,54,64,50,25,14,75,29,46,68,54,61,64,54,64,57,68,46,54,29,46,50,18,57,82,64,71,57,71
   Trade unions,0,2,3,1,3,1,1,2,2,1,2,0,2,2,0,2,2,3,1,4,2,1,2,0,2,4,1,3,2,2,1,1,2,3,2,1,1,2,2,1,3,2,2,1,1,2,1,1,0,2,1,1,0,0,1,2,1,2,3,3,3,1,2,2,3,2,2,2,2,2,4,1,1,3,2,2,1,1,2,2,2,2,1,0,2,1,2,2,1,2,1,1,2,2,2,2,0,1,1,1,2,3,1,2,2,2,2,2,2,2,2,3,3,1,2,2,2,2,1,3,2,0,1,2,1,2,2,2,2,1,1,1,2,2,2,0,2,1,0,2,0,2,2,1,1,0,2,4,0,3,3,2,2,1,2,2,1,1,1,0,2,2,1,2,2,4,2,0,0,1,2,1,3,1,0,1,1,1,2,2
   Labour strikes,0,1,3,1,4,0,0,2,0,1,1,1,3,3,2,3,2,3,0,3,2,1,3,0,1,3,1,1,2,2,3,1,2,3,2,2,3,2,3,2,2,0,2,1,2,2,1,2,0,3,1,2,0,0,1,2,1,3,4,2,3,1,1,2,4,1,2,3,3,2,4,1,0,3,3,2,3,2,2,3,3,1,0,0,2,1,2,2,2,2,0,0,2,2,1,3,1,3,1,1,2,2,1,2,1,2,1,2,1,2,2,3,1,2,2,3,0,2,1,3,2,0,2,2,2,1,3,2,1,2,1,2,1,2,2,0,2,1,1,2,1,2,2,1,2,0,1,1,4,3,2,2,3,1,1,1,0,4,1,1,0,1,1,2,2,3,1,1,1,1,2,1,3,2,0,3,2,3,2,4
   Labour laws,2,2,3,2,3,1,1,1,1,1,2,2,0,2,3,2,2,2,2,2,2,1,2,0,2,4,2,2,1,2,1,1,3,2,1,2,1,4,2,3,2,3,2,2,3,0,3,2,2,2,2,2,3,3,1,3,2,1,3,2,2,1,1,2,2,0,1,2,3,1,3,0,2,1,2,2,3,1,1,1,2,2,2,0,2,2,2,2,2,1,2,1,2,1,1,3,0,2,1,1,2,2,2,3,1,1,1,2,3,1,2,3,3,1,1,3,2,1,1,4,2,3,2,2,2,2,3,2,2,2,3,1,2,2,2,1,1,2,1,2,3,2,1,2,1,0,1,2,4,3,2,2,3,4,1,2,1,1,2,1,3,1,2,3,2,2,2,2,1,1,0,2,3,0,1,4,2,2,2,2
   Skilled labour,4,2,3,4,1,2,1,1,1,2,1,3,2,0,2,0,2,4,1,3,2,2,3,1,2,3,4,1,4,3,1,1,4,4,1,1,1,3,1,3,1,1,1,2,4,1,4,2,4,3,2,2,3,4,1,4,4,0,1,3,3,3,1,2,1,3,3,4,4,4,3,1,1,1,2,3,1,3,0,0,1,2,1,2,2,2,3,3,2,3,3,1,2,4,4,4,0,1,0,2,4,4,2,4,2,4,2,2,2,4,2,2,4,4,3,2,0,1,3,4,3,4,2,1,2,3,2,2,4,2,2,1,1,2,2,2,2,1,4,3,2,3,2,2,4,2,2,1,4,3,1,1,1,3,3,0,1,4,1,3,4,3,4,3,2,2,3,4,2,4,1,2,1,1,3,4,3,4,3,3
   Specialised labour,4,2,3,4,2,2,2,1,1,3,1,3,3,1,2,1,3,4,3,3,2,2,2,2,2,4,4,3,3,3,1,2,4,4,1,1,1,4,1,3,0,2,1,2,4,1,4,2,4,2,2,3,4,4,0,4,4,0,0,3,4,2,1,3,1,3,3,4,4,4,3,1,2,1,2,3,2,3,0,1,1,2,1,2,2,3,3,3,4,3,3,1,2,4,4,4,1,1,2,3,4,4,3,4,2,4,3,2,2,4,2,2,4,4,3,3,0,1,4,4,4,4,2,1,3,4,2,2,4,3,2,1,1,2,3,2,2,2,4,4,2,3,2,3,4,2,1,2,4,3,1,1,3,3,3,0,1,4,1,3,4,3,4,3,3,2,2,4,2,4,1,2,1,0,4,4,3,4,3,4
   Meritocratic remuneration,3,2,3,2,3,2,2,1,2,2,2,2,0,2,2,2,2,3,3,3,3,2,3,2,3,2,3,3,4,3,1,2,2,3,1,2,2,3,1,3,2,3,2,2,3,1,3,3,3,3,3,3,4,4,2,3,3,1,2,2,3,2,1,3,2,3,3,3,2,1,3,1,4,2,2,3,3,3,2,2,2,2,2,2,1,2,4,3,3,2,3,3,1,3,3,4,0,2,2,2,3,2,3,3,1,3,3,2,3,2,2,3,2,3,3,3,2,2,2,3,3,3,2,1,2,2,2,3,3,2,2,2,3,3,2,3,3,2,2,3,3,3,2,3,3,1,2,2,0,2,2,1,2,3,2,2,0,4,1,2,3,3,3,2,3,3,3,4,3,2,2,3,2,0,4,4,3,3,2,2
   Freedom of association,3,1,3,1,1,1,0,1,0,3,1,4,2,0,3,0,1,1,2,1,2,1,1,3,1,2,3,0,4,2,0,1,2,3,1,3,1,2,1,1,0,2,1,1,4,0,3,1,1,1,3,2,4,4,1,2,3,0,0,0,2,1,0,1,0,0,2,3,2,3,2,0,0,1,0,1,3,2,0,0,0,1,1,0,3,3,2,2,2,1,4,1,2,1,2,3,0,1,0,3,2,1,2,2,0,3,2,2,2,2,1,2,1,2,1,1,0,0,2,3,2,4,1,0,2,2,1,1,2,1,2,1,0,0,1,4,1,2,3,1,4,1,2,1,3,3,1,0,4,1,1,1,1,3,2,0,0,3,1,3,3,2,2,3,1,2,3,4,4,2,0,2,1,1,4,3,4,3,2,3
Infrastructure risk,88,63,58,70,45,65,28,20,5,43,65,33,68,30,48,10,68,68,65,68,65,38,48,30,38,70,85,58,63,63,10,28,93,93,30,28,45,68,43,53,38,75,25,28,83,8,50,53,90,50,40,55,65,78,15,65,68,8,3,45,75,50,13,53,43,40,63,85,65,88,70,8,30,13,53,45,58,95,25,28,38,43,20,18,43,40,68,68,43,63,83,30,68,58,80,73,8,25,5,20,85,85,23,83,23,68,33,40,63,55,50,48,65,80,45,65,8,20,70,90,73,75,53,8,33,65,80,25,80,58,45,63,23,28,48,13,38,33,68,78,35,65,43,35,75,0,35,23,98,35,18,13,40,80,60,8,3,90,18,85,63,48,58,63,45,40,40,75,18,63,23,55,25,10,73,75,58,98,68,63
   Port facilities,3,2,2,3,2,4,1,1,0,2,2,1,2,1,3,0,2,4,3,4,4,2,3,2,2,4,3,2,2,2,0,1,4,4,1,1,2,3,2,1,1,2,1,1,4,0,0,1,4,2,0,2,2,2,0,3,2,0,0,1,3,2,0,2,1,1,2,4,2,3,1,0,2,0,2,2,2,4,1,1,2,1,1,0,1,3,3,3,0,4,4,1,2,2,3,3,0,1,0,0,4,4,1,3,1,3,1,2,3,4,2,1,2,3,1,3,0,0,3,4,4,2,2,0,0,2,4,0,2,2,2,3,1,1,1,1,2,2,3,3,1,2,2,1,3,0,2,1,3,1,1,1,1,3,2,0,0,4,0,4,3,2,2,2,2,2,2,2,0,3,1,3,1,1,4,4,2,4,3,2
   Air transport facilities,4,2,2,2,2,3,1,0,0,1,2,1,3,1,3,0,2,2,3,2,3,1,2,1,2,4,3,0,3,2,1,1,2,3,0,1,2,1,1,2,1,3,1,1,4,1,0,1,2,1,1,2,2,3,1,2,2,1,0,1,3,2,0,2,2,1,1,4,2,3,2,0,1,1,2,2,2,3,1,1,2,2,1,0,1,1,3,1,1,2,2,1,1,2,3,4,0,1,0,0,3,2,0,4,1,3,1,2,3,1,2,1,2,2,1,2,0,0,3,3,3,3,2,0,1,2,4,1,2,2,2,2,1,1,0,0,1,1,3,2,1,2,1,1,3,0,1,1,4,1,1,0,2,2,3,0,0,4,0,3,2,2,2,2,2,1,0,3,1,2,2,2,1,0,3,4,2,4,2,2
   Retail and distribution network,4,2,3,3,2,2,1,1,0,2,2,1,3,1,3,0,2,3,4,3,3,1,3,2,2,3,3,3,3,3,1,1,4,4,2,1,2,3,2,2,2,4,1,1,4,0,2,3,3,2,2,2,3,4,1,2,3,1,0,2,3,2,0,2,1,2,3,4,3,4,3,0,1,1,2,3,3,4,0,1,1,2,1,2,2,2,3,3,1,3,3,2,2,1,4,3,1,2,1,1,3,3,1,3,1,3,1,2,3,4,2,3,3,4,1,3,0,1,2,3,3,4,3,1,2,2,4,1,4,3,2,2,1,2,3,1,2,2,3,3,2,3,2,3,3,0,2,1,4,1,1,0,2,4,2,0,0,4,1,3,3,2,2,2,2,2,2,3,0,2,0,3,1,0,3,3,3,4,2,2
   Telephone network,2,2,2,3,1,1,0,0,0,1,3,1,2,0,0,0,3,3,2,2,2,1,1,1,1,2,3,1,0,2,0,0,3,3,0,1,1,2,0,2,1,3,0,1,1,0,3,2,4,2,2,1,3,4,0,4,3,0,0,2,2,1,0,1,0,1,2,3,2,2,2,0,1,0,2,0,1,3,0,0,0,1,0,0,1,1,2,2,2,3,3,1,1,2,2,1,0,1,0,0,4,4,1,3,0,1,1,2,1,0,1,2,3,2,2,0,0,0,1,4,3,4,1,0,1,2,2,1,3,2,1,1,1,1,1,0,1,0,2,3,1,2,1,0,2,0,1,0,4,1,0,0,0,2,1,0,0,2,0,3,2,0,1,3,1,2,1,2,0,3,0,1,1,0,3,2,1,3,2,2
   Road network,4,3,3,3,2,3,1,1,0,2,2,1,3,1,2,1,2,3,3,3,3,1,3,1,2,3,3,2,3,3,0,1,4,3,2,1,3,3,3,3,1,2,1,1,4,1,2,2,4,2,2,3,2,3,1,2,3,0,0,1,4,3,1,3,2,3,3,4,3,4,3,1,0,1,2,3,2,4,1,2,1,2,1,0,2,2,4,3,1,3,4,1,3,2,4,3,0,0,0,2,4,3,2,3,3,4,2,2,3,2,2,2,2,4,1,4,1,1,3,4,3,1,2,1,0,3,4,1,4,3,2,3,2,0,2,1,2,3,3,3,1,3,2,0,3,0,2,1,4,2,1,0,1,4,4,0,0,3,1,3,3,2,3,4,2,2,2,3,1,3,1,3,1,1,3,3,3,4,3,2
   Power network,4,3,2,3,3,2,1,1,0,1,4,2,3,1,2,1,3,3,0,2,1,3,2,1,1,3,4,2,3,4,1,1,4,4,1,1,1,3,2,2,0,3,2,1,4,1,2,3,4,1,0,1,2,3,1,2,2,0,0,3,3,1,1,2,2,0,3,4,3,4,4,0,1,0,2,1,3,4,1,0,2,2,1,1,2,1,4,3,3,2,2,1,4,3,4,4,0,1,0,1,3,4,1,3,1,3,2,1,3,2,2,2,3,3,3,3,0,1,2,4,4,3,2,0,2,3,4,0,4,2,0,3,1,0,2,0,1,1,3,4,1,3,1,1,3,0,0,0,4,3,0,1,1,3,1,1,1,4,1,4,3,2,3,3,1,1,2,2,0,3,1,2,1,0,4,4,3,4,3,4
   Rail network,4,4,3,3,2,4,0,1,1,3,4,4,3,0,2,1,4,3,4,3,3,2,3,2,2,3,4,4,4,3,1,0,4,4,2,0,3,3,4,3,3,3,2,2,4,0,3,2,4,3,3,4,4,3,1,2,2,1,0,2,3,3,1,4,2,4,3,4,2,4,3,0,2,0,3,2,2,4,2,2,2,1,0,0,4,1,3,3,4,3,4,2,4,2,4,4,0,1,0,2,2,3,2,3,0,4,2,2,3,3,2,2,3,4,1,4,0,2,4,3,4,3,3,1,4,3,4,2,4,3,3,4,1,2,3,1,2,1,4,4,2,4,2,0,4,0,2,1,4,2,1,1,3,4,3,0,0,4,1,4,3,3,4,4,3,3,2,4,3,4,1,2,3,1,1,4,3,4,3,3
   IT infrastructure,3,2,3,3,2,2,1,0,0,2,0,0,2,1,1,0,3,2,1,3,2,2,1,1,1,3,4,2,1,2,0,1,4,4,1,1,1,3,1,2,1,3,1,1,3,0,2,1,4,1,2,2,3,4,0,3,3,0,0,2,3,1,1,2,1,0,2,4,2,3,2,0,1,0,2,2,2,4,2,0,2,1,0,1,1,2,2,3,2,2,3,1,3,2,3,3,0,1,0,1,4,4,1,3,1,2,1,1,3,4,2,2,2,3,2,2,0,0,4,4,2,4,2,0,2,3,2,1,3,1,1,1,0,0,1,1,1,1,3,3,1,2,1,1,3,0,1,1,4,1,0,1,2,3,1,0,0,4,0,3,3,2,3,3,1,1,2,4,0,3,0,2,1,0,3,2,1,4,3,2
   Natural disaster economic risk,3,3,1,2,1,3,2,2,0,1,4,0,4,4,1,0,4,0,4,2,3,0,0,0,1,1,3,3,4,3,0,4,4,4,2,3,3,2,0,1,3,3,0,1,1,0,2,3,3,4,3,3,1,1,1,2,3,0,0,2,2,3,0,1,4,2,4,1,4,4,4,0,2,1,3,2,4,4,0,4,1,3,2,2,1,1,2,3,0,1,4,1,4,3,1,0,0,1,0,1,4,4,0,4,0,1,2,0,2,0,2,3,2,4,4,3,1,3,3,4,1,4,2,0,1,4,1,1,3,3,3,4,0,2,4,0,2,2,2,2,2,3,3,4,3,0,1,1,4,1,2,0,2,3,4,1,0,4,2,4,1,2,0,0,2,1,2,3,1,1,2,2,0,1,1,1,3,4,3,3
"   Cyber security, preparedness",4,2,2,3,1,2,3,1,1,2,3,2,2,2,2,1,2,4,2,3,2,2,1,1,1,2,4,4,2,1,0,1,4,4,1,1,0,4,2,3,2,4,1,1,4,0,4,3,4,2,1,2,4,4,0,4,4,0,1,2,4,2,1,2,2,2,2,2,3,4,4,2,1,1,1,1,2,4,2,0,2,2,1,1,2,2,1,3,3,2,4,1,3,4,4,4,2,1,1,0,3,3,0,4,1,3,0,2,1,2,3,1,4,3,2,2,1,0,3,3,2,2,2,0,0,2,3,2,3,2,2,2,1,2,2,0,1,0,1,4,2,2,2,3,3,0,2,2,4,1,0,1,2,4,3,1,0,3,1,3,2,2,3,2,2,1,1,4,1,1,1,2,0,0,4,3,2,4,3,3
