"","Countryname","Country","EMERGING_RISK_HEALTH_AV","EMERGING_RISK_MACRO_FISCAL_AV","EMERGING_RISK_FRAGILITY_INSTITUTIONS_AV","OVERALL_HEALTH_AV","OVERALL_FOOD_SECURITY_AV","OVERALL_MACRO_FISCAL_AV","OVERALL_SOCIOECONOMIC_VULNERABILITY_AV","OVERALL_NATURAL_HAZARDS_AV","OVERALL_FRAGILITY_INSTITUTIONS_AV","OVERALL_FLAGS_AV","OVERALL_FLAGS_AV_MED","EMERGING_RISK_FRAGILITY_INSTITUTIONS_MULTIDIMENSIONAL_SQ","EMERGING_RISK_HEALTH_SQ_ALT","OVERALL_HEALTH_FILTER_10","OVERALL_FOOD_SECURITY_FILTER_10","OVERALL_MACRO_FISCAL_FILTER_10","OVERALL_SOCIOECONOMIC_VULNERABILITY_FILTER_10","OVERALL_NATURAL_HAZARDS_FILTER_10","OVERALL_FRAGILITY_INSTITUTIONS_FILTER_10","OVERALL_FLAGS_FILTER_10","OVERALL_FLAGS_FILTER_10_MED","OVERALL_HEALTH_FILTER_7","OVERALL_FOOD_SECURITY_FILTER_7","OVERALL_MACRO_FISCAL_FILTER_7","OVERALL_SOCIOECONOMIC_VULNERABILITY_FILTER_7","OVERALL_NATURAL_HAZARDS_FILTER_7","OVERALL_FRAGILITY_INSTITUTIONS_FILTER_7","OVERALL_FLAGS_FILTER_7","OVERALL_FLAGS_FILTER_7_MED","OVERALL_HEALTH_FILTER_7_5","OVERALL_FOOD_SECURITY_FILTER_7_5","OVERALL_MACRO_FISCAL_FILTER_7_5","OVERALL_SOCIOECONOMIC_VULNERABILITY_FILTER_7_5","OVERALL_NATURAL_HAZARDS_FILTER_7_5","OVERALL_FRAGILITY_INSTITUTIONS_FILTER_7_5","OVERALL_FLAGS_FILTER_7_5","OVERALL_FLAGS_FILTER_7_5_MED","OVERALL_HEALTH_GEO","OVERALL_FOOD_SECURITY_GEO","OVERALL_MACRO_FISCAL_GEO","OVERALL_SOCIOECONOMIC_VULNERABILITY_GEO","OVERALL_NATURAL_HAZARDS_GEO","OVERALL_FRAGILITY_INSTITUTIONS_GEO","OVERALL_FLAGS_GEO","OVERALL_FLAGS_GEO_MED","UNDERLYING_RISK_HEALTH","UNDERLYING_RISK_FOOD_SECURITY","UNDERLYING_RISK_MACRO_FISCAL","UNDERLYING_RISK_SOCIOECONOMIC_VULNERABILITY","UNDERLYING_RISK_NATURAL_HAZARDS","UNDERLYING_RISK_FRAGILITY_INSTITUTIONS","UNDERLYING_FLAGS","UNDERLYING_FLAGS_MED","EMERGING_RISK_HEALTH","EMERGING_RISK_FOOD_SECURITY","EMERGING_RISK_SOCIOECONOMIC_VULNERABILITY","EMERGING_RISK_MACRO_FISCAL","EMERGING_RISK_NATURAL_HAZARDS","EMERGING_RISK_FRAGILITY_INSTITUTIONS","EMERGING_FLAGS","EMERGING_FLAGS_MED","EMERGING_RISK_FRAGILITY_INSTITUTIONS_MULTIDIMENSIONAL","H_coefvar","M_coefvar","Fr_coefvar","NH_coefvar","F_coefvar","S_coefvar","RELIABILITY_SCORE_UNDERLYING_RISK","RELIABILITY_SCORE_EMERGING_RISK"
"1","Libya","LBY",2.89634285875032,3.70158450704228,NA,8.04166948859879,NA,6.85048459907861,5.57142857142857,2.25,10,2,3,7.8000415688963,8.28463110470094,0,0,0,0,0,10,1,1,10,0,0,0,0,10,2,2,10,0,0,0,0,10,2,2,7.99992395826176,NA,6.08387766581371,5.3851648071345,0,10,2,3,8.86,3.42105263157895,9.99938469111494,4.14285714285714,4.5,10,1,2,7.22333897719757,NA,7,3.70158450704228,0,10,1,2,6.08406484765102,0.742090667758903,NA,0.925609846706926,NA,NA,NA,0,0.4
"2","Sudan","SDN",0.589093890462374,3.26144366197185,NA,7.82520462044896,10,6.63072183098592,9.21428571428572,2.66666666666667,9.86588552136277,4,4.5,7.50585967664164,7.8424544888051,0,10,0,0,0,0,1,1,0,10,0,10,0,10,3,3,5,10,0,10,0,10,3,3.5,7.64387910609072,10,5.71090506134698,9.18072515031979,0,9.86497391923848,4,4.5,9.5,10,10,8.42857142857143,5.33333333333333,10,3,4,6.15040924089792,10,10,3.26144366197185,0,9.73177104272555,2,2.5,5.6337929485435,2.42153437291873,NA,1.73205080756888,NA,0.157134840263677,0.606091526731326,0,0.2
"3","Afghanistan","AFG",2.00367330867984,6.6505281690141,NA,8.53384615384616,10,6.76514840643666,8.5,8.25,5,4,5,2.85570955279429,7.780423744909,0,10,0,0,0,0,1,1,10,10,0,10,10,0,4,4,10,10,0,10,10,0,4,4,8.40695682616029,10,6.76417734556728,8.36660026534076,8.15475321515004,0,4,4.5,10,10,6.87976864385922,10,9.5,0,3,3.5,7.06769230769231,10,7,6.6505281690141,7,10,2,3.5,8.15507704992056,1.32449915271366,NA,0.873261395711848,1.4142135623731,0,NA,0,0.2
"4","Mozambique","MOZ",2.48099579722353,4.8899647887324,NA,10,10,5.90640252727292,9.58930015563965,4,10,4,4.5,8.36231326737079,6.81464230869842,10,10,0,0,0,10,3,3,10,10,0,10,0,10,4,4,10,10,0,10,0,10,4,4,10,10,5.81828541220234,9.58050119319407,0,10,4,4.5,10,10,6.92284026581344,10,8,10,4,4.5,10,10,9.1786003112793,4.8899647887324,0,10,3,3.5,6.99282831816455,1.05362946547227,NA,0.894630735954645,NA,0.346410161513775,NA,0,0.1
"5","Niger","NER",0.480705982389337,4.18573943661971,NA,8.73384615384616,10,4.45288694695864,8.5,2.91666666666667,10,4,4,8.0434626124664,2.56807522463606,0,10,0,0,0,10,2,2,10,10,0,10,0,10,4,4,10,10,0,10,0,10,4,4,8.64158105192118,10,4.44486606886128,8.36660026534076,0,10,4,4,10,10,4.72003445729757,10,5.83333333333333,10,4,4,7.46769230769231,10,7,4.18573943661971,0,10,2,3,6.46972907981448,1.71942614954882,NA,0.866025403784439,NA,0.249567099242311,NA,0,0.2
"6","Algeria","DZA",1.08244756481002,8.63116197183098,NA,7.34905125154983,1.98325358851675,7.9554406954897,6.55071428571429,3.08333333333333,0,2,2.5,1.71402564962216,7.36077611607612,0,0,0,0,0,0,0,0,0,0,10,0,0,0,1,1,5,0,10,0,0,0,1,1.5,7.09083854200368,1.72235512512185,7.92669145458263,5.83401356578079,0,0,2,2.5,9.28,2.96650717703349,7.27971941914842,3.57142857142857,6.16666666666667,0,0,1,5.41810250309967,1,9.53000000000001,8.63116197183098,0,0,0,1,2.93788392756266,1.49036128892675,NA,NA,NA,NA,NA,0,0.3
"7","Ethiopia","ETH",0.659725339597124,6.43045774647888,NA,7.81768052708409,10,8.05801745310653,8.15844903673445,2.83333333333333,10,5,5,8.95489447005523,7.67161068757284,0,10,0,0,0,10,2,2,0,10,0,10,0,10,3,3,5,10,0,10,0,10,3,3.5,7.57510859843869,10,7.8919385879473,8.12847572613195,0,10,5,5,9.75,10,9.68557715973419,8.85714285714286,5.66666666666667,10,2,3.5,5.88536105416818,10,7.45975521632603,6.43045774647888,0,10,2,2.5,8.01901349698258,2.41535896992409,NA,0.892027384479194,NA,0.346410161513775,NA,0,0.1
"8","Iraq","IRQ",2.28093398107747,8.85123239436621,NA,8.05662,3.45454545454546,8.89614290158872,2.85714285714285,3.83333333333333,10,3,3,9.69953547780891,7.59645496951204,0,0,0,0,0,10,1,1,10,0,10,0,0,10,3,3,10,0,10,0,0,10,3,3,8.01844383905007,2.43086217402199,8.89602953973448,0,0,10,3,3,8.84,5.90909090909091,8.94105340881123,5.71428571428571,7.66666666666667,10,1,2.5,7.27324,1,0,8.85123239436621,0,10,1,2,9.40809884852738,0.916883075561314,NA,1.21539247220165,NA,NA,NA,0,0.3
"9","South Sudan","SSD",0.166465485759399,NA,NA,8.72615384615385,10,NA,10,2.5,10,4,4,10,8.18707265456631,0,10,0,10,0,10,3,3,10,10,0,10,0,10,4,4,10,10,0,10,0,10,4,4,8.6326749575712,10,NA,10,0,10,4,4,10,10,NA,10,5,10,4,4,7.45230769230769,10,10,NA,0,10,3,3.5,10,2.43732631905722,NA,0.866025403784439,NA,0.157134840263677,NA,0,0.2
"10","Central African Republic","CAF",0.245081806832915,9.68750000000001,NA,10,10,7.8344588358356,7.93927437918527,1.75,9.2382791886899,5,5,9.51936147016158,5.41172292274152,10,10,0,0,0,0,2,2,10,10,0,0,0,10,3,3,10,10,0,5,0,10,3,3.5,10,10,7.61216025148674,7.66716946360946,0,9.20682267526632,5,5,10,10,5.98141767167118,10,3.5,10,4,4,10,10,5.87854875837054,9.68750000000001,0,8.4765583773798,2,3,9.06182427995969,2.44815223239213,NA,0.0886588321423326,NA,NA,NA,0,0.3
"11","Chad","TCD",0.0733855819629393,7.31073943661973,NA,8.16538461538461,8.5,6.7445279757551,9.77289581298828,2.66666666666667,10,4,4.5,9.24677577075104,2.88173962144656,0,0,0,0,0,10,1,1,0,10,0,10,0,10,3,3,5,10,0,10,0,10,3,3.5,7.95661311788454,8.36660026534076,6.72071887504073,9.77025671411788,0,10,4,4.5,10,10,6.17831651489048,10,5.33333333333333,10,4,4,6.33076923076923,7,9.54579162597656,7.31073943661973,0,10,1,2.5,8.55028621545486,2.44350925724989,NA,0.866025403784439,NA,NA,NA,0,0.3
"12","Croatia","HRV",1.51900695040558,10,NA,4.47884615384615,1.11004784688995,6.49858478956436,5.78571428571428,3.16666666666667,2.5,0,1,2.65914794847249,7.14960698044674,0,0,0,0,0,0,0,0,0,0,0,0,0,0,0,0,0,0,0,0,0,0,0,0,4.41914540990067,1.10457941940808,5.47464115639438,3.96412483586046,0,0,0,0.5,3.75,1.2200956937799,2.99716957912872,1.57142857142857,6.33333333333333,0,0,0,5.20769230769231,1,10,10,0,5,2,2,7.07106781186548,1.6528029448267,NA,1.73205080756888,NA,NA,1.04251712046238,0,0.3
"13","Lebanon","LBN",1.66327443211357,9.95158450704226,NA,8.75,6.6866028708134,9.97579225352113,2.78571428571429,8.5,5,3,4,5.61659435100152,10,0,0,0,0,0,0,0,0,10,0,10,0,10,0,3,3,10,0,10,0,10,0,3,3,8.66025403784439,5.80793056228016,9.97576288162577,0,8.36660026534076,0,3,3.5,7.5,3.37320574162679,10,5.57142857142857,7,10,2,3,10,10,0,9.95158450704226,10,0,3,3.5,3.15461321037021,1.55511380291702,NA,NA,1.4142135623731,NA,NA,0,0.3
"14","Maldives","MDV",NA,NA,NA,8.51456,NA,NA,NA,1.83333333333334,0,1,1,1,10,0,0,0,0,0,0,0,0,10,0,0,0,0,0,1,1,10,0,0,0,0,0,1,1,8.41862392555933,NA,NA,NA,0,0,1,1,7.24,2.91866028708134,NA,3.14285714285714,3.66666666666667,0,0,0.5,9.78912,NA,NA,NA,0,0,0,0.5,1,1.87087150754103,NA,NA,NA,NA,NA,0,0.6
"15","Mauritania","MRT",1.11122929612235,0,NA,7.41,7.56698564593302,3.55986955451637,7.64285714285714,3.83333333333333,0,3,3,1,5.76439665990508,0,0,0,0,0,0,0,0,0,10,0,10,0,0,2,2,5,10,0,10,0,0,2,2.5,7.10914903487049,7.5457139518446,0,7.61577310586391,0,0,3,3,9.5,8.13397129186603,7.11973910903274,8.28571428571428,7.66666666666667,0,0,2.5,5.32,7,7,0,0,0,0,1,1,1.35409230591441,NA,NA,NA,NA,NA,0,0.3
"16","Ukraine","UKR",1.59760929281123,9.02728873239439,NA,6.52633143071219,NA,8.83649693818833,4.82142857142857,1.83333333333334,2.01510537758515,1,1.5,2.45595990689186,8.1563857568315,0,0,0,0,0,0,0,0,0,0,10,0,0,0,1,1,0,0,10,0,0,0,1,1,6.5251086054652,NA,8.83443697299808,4.00891862868636,0,0,1,1.5,6.4,2.29665071770335,8.64570514398228,2.14285714285714,3.66666666666667,0,0,0.5,6.65266286142438,NA,7.5,9.02728873239439,0,4.03021075517029,0,1,6.03173906426028,1.66042512759474,NA,1.73205080756888,NA,NA,1.30884861696751,0,0.4
"17","Zimbabwe","ZWE",3.47476686231438,6.29841549295775,NA,9.125,10,8.14920774647888,9.21428571428572,3.08333333333333,10,5,5,8.90856650915841,5.61887054986346,0,10,0,0,0,10,2,2,10,10,0,10,0,10,4,4,10,10,0,10,0,10,4,4,9.08295106229247,10,7.93625572480987,9.18072515031979,0,10,5,5,8.25,10,10,8.42857142857143,6.16666666666667,10,3,4,10,10,10,6.29841549295775,0,10,4,4,7.93625572480987,0.789528242649091,NA,1.73205080756888,NA,0.471404520791032,NA,0,0.2
"18","Belarus","BLR",1.62243114610014,10,NA,6.13,2.01435406698565,9.10749446222004,4.28571428571428,1,0,1,1.5,1.77827941003892,7.20042765710969,0,0,0,0,0,0,0,0,0,0,10,0,0,0,1,1,0,0,10,0,0,0,1,1,6.07624884283058,1.75673686188737,9.06365760851549,3.3166247903554,0,0,1,1.5,6.94,1.02870813397129,8.21498892444007,1.57142857142857,2,0,0,0.5,5.32,3,7,10,0,0,1,1.5,3.16227766016838,1.03690474294605,NA,NA,NA,NA,NA,0,0.3
"19","Brazil","BRA",NA,9.11531690140845,NA,6.875,NA,7.18225849992893,7.5,2.5,2.45947315291001,2,2.5,2.58768234901613,9.93045881045957,0,0,0,0,0,0,0,0,0,0,0,0,0,0,0,0,0,0,0,5,0,0,0,0.5,6.12372435695795,NA,6.91723372283104,7.07106781186548,0,0,1,2,3.75,3.73205741626794,5.24920009844942,5,5,0,0,0,10,NA,10,9.11531690140845,0,4.91894630582001,2,2.5,6.69609993940964,0.775184379120435,NA,1.73205080756888,NA,NA,1.1725621050722,0,0.3
"20","Cabo Verde","CPV",1.69107397077356,7.04665492957748,NA,5.97138,4.68181818181818,5.78489527182787,6.42197695811943,0.416666666666667,0,0,1.5,1.62928009302572,6.01072382965741,0,0,0,0,0,0,0,0,0,0,0,0,0,0,0,0,0,0,0,0,0,0,0,0,5.56367382221496,4.36931448752651,5.64561563269163,6.41532100846757,0,0,0,1.5,8.14,6.36363636363636,4.52313561407827,6.71428571428571,0.833333333333334,0,0,0.5,3.80276,3,6.12966820195315,7.04665492957748,0,0,0,0.5,2.6545536215299,1.21746653924958,NA,NA,NA,NA,1.64734485500584,0,0.3
"21","Haiti","HTI",1.25010523213316,4.8899647887324,NA,6.82692307692307,10,6.07561247066451,9.85714285714285,5,10,3,4.5,8.36231326737079,4.12470453950156,0,10,0,0,0,10,2,2,0,10,0,10,0,10,3,3,0,10,0,10,0,10,3,3,6.04470524826989,10,5.95880075753696,9.85610760609162,0,10,3,4,10,10,7.26126015259661,9.71428571428571,10,10,4,5,3.65384615384615,10,10,4.8899647887324,0,10,3,3,6.99282831816455,1.16739457716307,NA,0.871056202933051,NA,0.343174292512307,NA,0,0.1
"22","Honduras","HND",1.6748533365495,2.24911971830987,NA,7.40236395377546,8.07416267942584,3.04463123498561,6.51988288334438,4.58333333333333,5,2,3,2.17772553392375,7.95281579539657,0,0,0,0,0,0,0,0,0,0,0,0,0,0,0,0,5,0,0,5,0,0,0,1,7.3235027586553,7.84112578578591,2.93886726203928,6.40954559153505,0,0,2,2.5,8.48,6.14832535885167,3.84014275166134,7.71428571428572,9.16666666666667,0,0,1.5,6.32472790755092,10,5.32548005240304,2.24911971830987,0,10,2,2,4.74248850110348,0.961958295041143,NA,1.16098855263353,NA,0.76149961050859,0.926879929832292,0,0.2
"23","Peru","PER",2.11656555937085,10,NA,7.875,NA,5.28950283042087,7.35714285714285,5,5,2,3.5,3.16227766016838,8.97579452547576,0,0,0,0,0,0,0,0,0,0,0,0,0,0,0,0,5,0,0,0,0,0,0,0.5,7.58287544405155,NA,2.40625364590216,6.86606562325595,0,0,1,1.5,5.75,6.65071770334928,0.579005660841744,4.71428571428571,10,0,1,1,10,NA,10,10,0,10,4,4,10,1.24940616621316,NA,1.73205080756888,NA,NA,1.10656884455476,0,0.3
"24","Serbia","SRB",1.41979911863267,4.66989436619718,NA,7.125,3.44976076555024,4.99954230985222,6.14285714285715,2.91666666666667,0,1,1.5,1.47003191720861,10,0,0,0,0,0,0,0,0,0,0,0,0,0,0,0,0,0,0,0,0,0,0,0,0,6.51920240520265,3.42031644636888,4.98866270068908,4.78091443733758,0,0,0,0.5,4.25,3.89952153110048,5.32919025350726,2.28571428571429,5.83333333333333,0,0,0,10,3,10,4.66989436619718,0,0,2,2,2.16099383761203,2.13949644620994,NA,NA,NA,NA,NA,0,0.3
"25","Somalia","SOM",1.13820284795534,9.51144366197182,NA,9.22170447755538,10,9.75572183098591,8,9.91666666666666,5,5,5.5,3.12292539979923,9.18880240026455,0,10,0,0,0,0,1,1,10,10,10,10,10,0,5,5,10,10,10,10,10,0,5,5,9.18880240026455,10,9.7526630527112,7.93725393319377,9.91631652042901,0,5,5,10,10,10,9,9.83333333333333,0,3,4,8.44340895511076,10,7,9.51144366197182,10,10,3,4.5,9.75266305271121,1.78228486079481,NA,1.73205080756888,1.4142135623731,0,NA,0,0.2
"26","Yemen","YEM",0.464943850642075,10,NA,8.34153846153846,10,10,NA,2.75,5,3,3.5,3.16227766016838,6.59883683114558,0,10,10,0,0,0,2,2,0,10,10,0,0,0,2,2,5,10,10,0,0,0,2,2.5,8.17500882144901,10,10,NA,0,0,3,3,10,10,10,10,5.5,0,4,4,6.68307692307692,10,NA,10,0,10,3,3,10,2.4289712338605,NA,1.13200158192054,NA,0,NA,0,0.1
"27","Armenia","ARM",NA,4.44982394366198,NA,3.06278014062523,1.85167464114832,4.39725999053638,6.35714285714285,2.91666666666667,0,0,0.5,1.45239821715878,10,0,0,0,0,0,0,0,0,0,0,0,0,0,0,0,0,0,0,0,0,0,0,0,0,2.91586027185834,1.64418651079999,4.39694580990076,5.20988072251727,0,0,0,0.5,4,2.70334928229665,4.34469603741078,2.71428571428571,5.83333333333333,0,0,0,2.12556028125045,1,10,4.44982394366198,0,0,1,1,2.10946058120601,0.593545310133278,NA,NA,NA,NA,NA,0,0.3
"28","Cameroon","CMR",1.41591687526141,5.99031690140845,NA,8.97576923076923,9.06698564593302,5.9397191201603,7.71428571428572,2.16666666666667,10,4,4.5,8.79756429661458,5.55580177804234,0,0,0,0,0,10,1,1,10,10,0,10,0,10,4,4,10,10,0,10,0,10,4,4,8.97157905662268,9.01885319309835,5.93950360644141,7.68114574786861,0,10,4,4.5,9.25,8.13397129186603,5.88912133891214,8.42857142857143,4.33333333333333,10,1,2.5,8.70153846153846,10,7,5.99031690140845,0,10,2,3,7.73971375530675,2.00863392728411,NA,1.06287758190246,NA,0.76149961050859,NA,0,0.2
"29","Colombia","COL",2.28218843076364,2.11707746478873,NA,7.875,5.03588516746411,3.02168173017925,7.57142857142857,8.25,5,3,4,2.14503403430552,6.88179908526353,0,0,0,0,0,0,0,0,0,0,0,0,10,0,1,1,5,0,0,5,10,0,1,2,7.58287544405155,5.03575730894978,2.88309757058903,7.17137165600636,8.15475321515004,0,3,3.5,5.75,5.07177033492823,3.92628599556978,5.14285714285714,9.5,0,0,0.5,10,5,10,2.11707746478873,7,10,3,3.5,4.601171008329,1.19054007050166,NA,0.867961568217991,1.4142135623731,NA,1.04761904761905,0,0.3
"30","Congo DR","COD",1.44378407392666,9.07130281690143,NA,10,10,9.53565140845071,9.71428571428572,2.91666666666667,10,5,5,9.75927186119699,9.09740689156837,10,10,0,0,0,10,3,3,10,10,10,10,0,10,5,5,10,10,10,10,0,10,5,5,10,10,9.52433872607512,9.71008312455225,0,10,5,5,10,10,10,9.42857142857143,5.83333333333333,10,4,4.5,10,10,10,9.07130281690143,0,10,4,4.5,9.52433872607512,1.35399407424739,NA,0.886934830174054,NA,0.249567099242311,NA,0,0.1
"31","Grenada","GRD",NA,NA,NA,4.25033333333333,1,NA,NA,0.583333333333335,0,0,0,1,10,0,0,0,0,0,0,0,0,0,0,0,0,0,0,0,0,0,0,0,0,0,0,0,0,0.0752772652709541,1,NA,NA,0,0,0,0,8.5,NA,NA,2.71428571428571,1.16666666666667,0,0,0.5,0.000666666666667481,1,NA,NA,0,0,0,0,1,1.36930639376292,NA,NA,NA,NA,NA,0.2,0.4
"32","Guinea","GIN",1.32593359759209,5.99031690140844,NA,10,6.91387559808612,7.5979765653978,7.42857142857143,2.41666666666667,2.70842916787598,3,3.5,2.38670816586847,5.82933057414294,10,0,0,0,0,0,1,1,10,0,0,10,0,0,2,2,10,0,0,10,0,0,2,2,10,6.6437004734456,7.42594628940418,7.41619848709566,0,0,3,3.5,10,8.82775119617225,9.20563622938716,7.85714285714286,4.83333333333333,0,1,2.5,10,5,7,5.99031690140844,0,5.41685833575196,1,1.5,5.69637586902323,1.13907199619181,NA,1.73205080756888,NA,NA,NA,0,0.3
"33","Iran","IRN",2.10098687135805,10,NA,6.6173,NA,10,3.91071428571428,8.33333333333334,3.22416693061622,2,2.5,2.83375225494753,7.420300684579,0,0,10,0,0,0,1,1,0,0,10,0,10,0,2,2,0,0,10,0,10,0,2,2,6.61543014474494,NA,10,3.89596861236989,8.22597511950205,0,2,2.5,6.46,2.96650717703349,10,3.57142857142857,9.66666666666667,0,1,1.5,6.7746,NA,4.24999999999999,10,7,6.44833386123243,1,1.5,8.03015184242019,0.88876203080312,NA,1.73205080756888,1.4142135623731,NA,NA,0,0.4
"34","Kenya","KEN",1.38823182884734,8.3230633802817,NA,9.5,10,7.6875592559789,8.85714285714286,3.41666666666667,0.814043811723125,4,4,1.91862564086564,8.0205961941241,0,10,0,0,0,0,1,1,10,10,10,10,0,0,4,4,10,10,10,10,0,0,4,4,9.48683298050514,10,7.66124675377193,8.7831006565368,0,0,4,4,9,10,7.0520551316761,7.71428571428572,6.83333333333333,0,1,2.5,10,10,10,8.3230633802817,0,1.62808762344625,3,3.5,3.68112434978708,1.51114821574994,NA,1.73205080756888,NA,NA,NA,0,0.2
"35","Malawi","MWI",2.19793415733946,2.24911971830986,NA,9.625,7.5,4.93978260097133,9.92857142857143,2.91666666666667,3.41662654343962,3,3,1.9799764275249,8.7293351548411,0,0,0,0,0,0,0,0,10,0,0,10,0,0,2,2,10,0,0,10,0,0,2,2,9.61769203083567,7.07106781186548,4.14267852925217,9.92831448793946,0,0,3,3,9.25,10,7.63044548363279,9.85714285714286,5.83333333333333,0,1,2.5,10,5,10,2.24911971830986,0,6.83325308687923,2,2,3.92030665355426,1.05055661227788,NA,1.73205080756888,NA,NA,NA,0,0.3
"36","Mali","MLI",0.47867158655237,7.31073943661973,4.71101738263945,7.245,9.11483253588517,6.23689814558035,9.96683149748,2.83333333333333,10,4,4.5,9.24677577075104,4.62024069099405,0,0,0,0,0,10,1,1,0,10,0,10,0,10,3,3,5,10,0,10,0,10,3,3.5,6.96203993093978,9.07175014634461,6.14375808117495,9.96677630679048,0,10,3,4,9.25,8.22966507177034,5.16305685454098,10,5.66666666666667,10,2,3,5.24,10,9.93366299496001,7.31073943661973,0,10,2,3,8.55028621545486,1.63474676547749,NA,0.352614422015641,NA,0.249567099242311,NA,0,0.2
"37","Montenegro","MNE",NA,3.04137323943662,NA,3.995,1.08612440191387,4.87442769773948,NA,2.75,0,0,0,1.32058825391193,10,0,0,0,0,0,0,0,0,0,0,0,0,0,0,0,0,0,0,0,0,0,0,0,0,3.7894326752167,1.08270439355705,4.51663112655725,NA,0,0,0,0,5.26,1.17224880382775,6.70748215604234,3,5.5,0,0,0,2.73,1,NA,3.04137323943662,0,0,0,0,1.74395333637016,1.02802260405264,NA,NA,NA,NA,NA,0,0.3
"38","Nigeria","NGA",0.663531348764039,9.95158450704226,NA,8.52557763261356,9.24641148325359,9.97579225352113,8.57142857142857,2.5,10,5,5,9.98787408892692,8.08693312107271,0,0,0,0,0,10,1,1,10,10,10,10,0,10,5,5,10,10,10,10,0,10,5,5,8.43719525885021,9.21565134242132,9.97576288162577,8.45154254728516,0,10,5,5,9.75,8.49282296650718,10,7.14285714285714,5,10,2,3.5,7.30115526522712,10,10,9.95158450704226,0,10,3,4,9.97576288162578,1.11878609244794,NA,0.939186134043079,NA,0.328253671098728,NA,0,0.1
"39","Papua New Guinea","PNG",0.844678710605506,8.63116197183099,NA,7.19730769230769,NA,7.21091694456674,7.92857142857143,8.25,5,4,4.5,5.42022502075574,5.63526118864062,0,0,0,0,0,0,0,0,0,0,0,10,10,0,2,2,5,0,0,10,10,0,2,2.5,6.89838331116011,NA,7.06966952862515,7.87400787401181,8.15475321515004,0,3,3.5,9.25,10,5.79067191730249,8.85714285714286,9.5,10,2,3.5,5.14461538461538,NA,7,8.63116197183099,7,0,0,1.5,2.93788392756266,2.23605997295508,NA,NA,1.4142135623731,NA,NA,0,0.4
"40","Romania","ROU",1.27585245508472,2.16109154929577,NA,5.55310586106861,NA,3.31134813743401,4.72142189728104,2.58333333333333,0,0,0.5,1.21246243297593,7.91594070350279,0,0,0,0,0,0,0,0,0,0,0,0,0,0,0,0,0,0,0,0,0,0,0,0,5.50712853809897,NA,3.10514673867955,4.12730680471697,0,0,0,0.5,4.84,2.46411483253589,4.46160472557224,2.42857142857143,5.16666666666667,0,0,0,6.26621172213722,NA,7.01427236599065,2.16109154929577,0,0,0,0.5,1.47006515137791,1.40089266890915,NA,NA,NA,NA,0.683261303565975,0,0.4
"41","South Africa","ZAF",3.49918584945431,7.44278169014085,NA,8.375,4.21531100478469,5.85374378624689,8,3.25,5,2,3,2.93720203303094,7.83005917275961,0,0,0,0,0,0,0,0,0,0,0,0,0,0,0,0,5,0,0,5,0,0,0,1,8.21583836257749,4.0363183755383,5.63393955017379,7.74596669241483,0,0,2,2.5,6.75,5.43062200956938,4.26470588235294,6,6.5,0,0,0,10,3,10,7.44278169014085,0,10,3,3.5,8.62715578284109,0.642497932514945,NA,1.73205080756888,NA,NA,1.34769675831945,0,0.3
"42","Tajikistan","TJK",0.166597338821054,5.99031690140846,NA,8.07307692307693,NA,7.99515845070423,7.75799206324986,4,4.52145163334923,3,3,2.71293520196383,8.03452809527061,0,0,0,0,0,0,0,0,10,0,0,0,0,0,1,1,10,0,0,5,0,0,1,1.5,8.05545777718436,NA,7.73971375530675,7.61700984633883,0,0,3,3,7.54,5.90909090909091,10,6.28571428571429,8,0,1,2,8.60615384615385,NA,9.23026984078543,5.99031690140846,0,9.04290326669846,0,1.5,7.36001741005451,2.30949802100607,NA,1.73205080756888,NA,NA,NA,0,0.4
"43","Zambia","ZMB",2.75896692177965,10,NA,8.7941423482105,5.85406698564594,9.35361801624416,9.42857142857143,2.08333333333333,0,3,3.5,1.77827941003892,8.71107610827791,0,0,0,0,0,0,0,0,10,0,10,10,0,0,3,3,10,0,10,10,0,0,3,3,8.7110761082779,5.11120356803323,9.33125716743907,9.4112394811432,0,0,3,3.5,10,8.70813397129187,8.70723603248831,8.85714285714286,4.16666666666667,0,1,2.5,7.58828469642101,3,10,10,0,0,2,2.5,3.16227766016838,0.896008148288707,NA,NA,NA,0.353553390593274,NA,0,0.2
"44","Albania","ALB",1.17118100605888,0,NA,7.75,3.19856459330143,2.47384937238494,6.42857142857143,4.5,2.5,1,1.5,1.49534878122122,10,0,0,0,0,0,0,0,0,0,0,0,0,0,0,0,0,5,0,0,0,0,0,0,0.5,7.41619848709566,3.19239526998281,0,5.34522483824849,0,0,1,1.5,5.5,3.39712918660287,4.94769874476988,2.85714285714286,9,0,0,0.5,10,3,10,0,0,5,2,2,2.23606797749979,2.42868785067211,NA,1.73205080756888,NA,NA,NA,0,0.3
"45","Antigua and Barbuda","ATG",NA,NA,NA,4.15836,1,NA,NA,2.25,0,0,0,1,10,0,0,0,0,0,0,0,0,0,0,0,0,0,0,0,0,0,0,0,0,0,0,0,0,0.978316922065651,1,NA,NA,0,0,0,0,8.2,NA,NA,2.71428571428571,4.5,0,0,0.5,0.116720000000001,1,NA,NA,0,0,0,0,1,2.20454457081149,NA,NA,NA,NA,NA,0.2,0.4
"46","Argentina","ARG",2.3096621781051,8.45510563380282,NA,6.75,4.63636363636363,9.22755281690141,6.21428571428572,2.5,0,1,2,1.70521741541841,7.04025306618502,0,0,0,0,0,0,0,0,0,0,10,0,0,0,1,1,0,0,10,0,0,0,1,1,5.91607978309962,3.98862017608733,9.19516483473941,4.92805380304581,0,0,1,1.5,3.5,2.27272727272727,10,2.42857142857143,5,0,1,1,10,7,10,8.45510563380282,0,0,2,3,2.90776643384623,1.18153942893187,NA,NA,NA,NA,1.12983170462515,0,0.3
"47","Barbados","BRB",0.195170345769345,9.29137323943663,NA,5.57307692307693,NA,7.39334844595509,6.64285714285714,2.33333333333333,0,1,2,1.74590245865098,5.00215729230587,0,0,0,0,0,0,0,0,0,0,0,0,0,0,0,0,0,0,0,0,0,0,0,0,5.18355981037089,NA,7.14556527691377,5.7321150422111,0,0,1,2,7.62,1.81818181818182,5.49532365247354,3.28571428571428,4.66666666666667,0,0,0.5,3.52615384615385,NA,10,9.29137323943663,0,0,1,1.5,3.04817539512355,1.97509868132425,NA,NA,NA,NA,NA,0,0.4
"48","Bolivia","BOL",2.51861851232134,2.68926056338029,NA,7.296,4.54306220095694,4.62145774907878,8.14285714285715,6.58333333333333,0,2,2.5,1.2805844407771,8.42059700739477,0,0,0,0,0,0,0,0,10,0,0,0,0,0,1,1,10,0,0,5,5,0,1,2,7.29585498759398,2.84361115518875,4.19815266064719,7.92824967172092,6.57013444814234,0,2,2.5,7.25,8.08612440191388,6.55365493477726,6.28571428571429,6.16666666666667,0,0,1,7.342,1,10,2.68926056338029,7,0,1,2,1.6398965099604,1.12596000873175,NA,NA,1.4142135623731,NA,1.12603687234278,0,0.3
"49","Burkina Faso","BFA",0.909506453013966,2.20510563380281,NA,8.42923076923077,9.37799043062201,2.78880681640916,8.35714285714285,2.25,10,4,4,6.85263104921822,5.48104116157971,0,0,0,0,0,10,1,1,0,10,0,10,0,10,3,3,5,10,0,10,0,10,3,3.5,8.28158290332322,9.35733982563635,2.72703802479433,8.24621125123532,0,10,4,4,10,8.75598086124402,3.37250799901551,9.71428571428571,4.5,10,2,3,6.85846153846154,10,7,2.20510563380281,0,10,2,2.5,4.69585522967096,1.54961889157765,NA,0.934523962532113,NA,0.600925212577332,NA,0,0.1
"50","Dominica","DMA",NA,NA,NA,7.38846153846154,3.25119617224881,NA,2.57142857142857,3.25,0,1,1,1,2.46987531088755,0,0,0,0,0,0,0,0,0,0,0,0,0,0,0,0,5,0,0,0,0,0,0,0.5,7.16293880384946,2.34571787402015,NA,0,0,0,1,1,9.2,5.50239234449761,NA,5.14285714285714,6.5,0,0,0.5,5.57692307692308,1,0,NA,0,0,0,0,1,1.26433087749392,NA,NA,NA,NA,NA,0,0.4
"51","Egypt","EGY",1.00557969088333,7.44278169014085,NA,6.21948526956256,NA,6.86900344659639,7.5,3.25,0,1,2,1.65171008360641,8.01184781378499,0,0,0,0,0,0,0,0,0,0,0,0,0,0,0,0,0,0,0,5,0,0,0,0.5,6.21628527703912,NA,6.84499721523597,7.07106781186548,0,0,1,2,6.02,1.79425837320574,6.29522520305193,5,6.5,0,0,0,6.41897053912513,NA,10,7.44278169014085,0,0,1,1.5,2.72814620028708,2.23111419305771,NA,NA,NA,NA,1.66470981452955,0,0.4
"52","El Salvador","SLV",1.90150215738429,4.66989436619719,NA,5.99538461538461,7.48803827751196,3.67970475139788,6.99452380952382,4.58333333333333,4.56431208779111,1,2,2.55521881170514,7.34348624360564,0,0,0,0,0,0,0,0,0,0,0,0,0,0,0,0,0,0,0,5,0,0,0,0.5,5.97488332682997,7.05413109817497,3.54397398187455,6.95851653594015,0,0,1,2,5.5,4.97607655502392,2.68951513659857,6.28571428571429,9.16666666666667,0,0,0.5,6.49076923076923,10,7.70333333333334,4.66989436619719,0,9.12862417558222,1,2,6.52914317569181,0.959608589832839,NA,1.3520084829853,NA,0.76149961050859,1.01813122318962,0,0.2
"53","Eritrea","ERI",1.03583893057664,4.8899647887324,NA,7.10269230769231,NA,6.98934616497905,7.78571428571428,2.25,5,2,3,4.70247432443013,3.16227766016838,0,0,0,0,0,0,0,0,0,0,0,10,0,0,1,1,0,0,0,10,0,0,1,1,6.59090282131364,NA,6.66660015682477,7.74596669241483,0,0,1,2,9.75,10,9.0887275412257,8.57142857142857,4.5,10,2,3.5,4.45538461538462,NA,7,4.8899647887324,0,0,0,0.5,2.21132647719246,1.88358899740076,NA,NA,NA,NA,NA,0,0.4
"54","Georgia","GEO",2.53088070068186,4.00968309859156,NA,7.2321,4.96411483253589,2.92195944247815,6.64285714285714,2.91666666666667,5,1,2,2.51638746115734,7.34005182569476,0,0,0,0,0,0,0,0,0,0,0,0,0,0,0,0,5,0,0,0,0,0,0,0.5,6.87902609385951,4.96398512541676,2.71195579451778,5.7321150422111,0,0,0,1,5,4.92822966507177,1.83423578636475,3.28571428571428,5.83333333333333,0,0,0,9.4642,5,10,4.00968309859156,0,10,2,2.5,6.33220585466989,1.00673988373758,NA,1.73205080756888,NA,NA,NA,0,0.3
"55","Guatemala","GTM",2.4564157054894,6.87059859154929,NA,6.76646137859005,8.25358851674641,5.47227935976677,7.28571428571428,4.75,0,2,3,1.61900669250912,7.79289596823935,0,0,0,0,0,0,0,0,0,0,0,10,0,0,1,1,5,0,0,10,0,0,1,1.5,6.73082489510488,8.06670752754358,5.29060910645991,7.28010988928052,0,0,2,3,7.46,6.50717703349282,4.07396012798425,7.57142857142857,9.5,0,0,1.5,6.07292275718011,10,7,6.87059859154929,0,0,1,1.5,2.62118267038932,0.792442934208587,NA,NA,NA,0,NA,0,0.1
"56","Lesotho","LSO",1.64157779084506,5.37411971830987,NA,7.46903043382328,6.87799043062201,5.57316618453027,9.09285729980576,1.25,0,2,3,1.52256847782576,3.8517798679503,0,0,0,0,0,0,0,0,0,0,0,10,0,0,1,1,0,0,0,10,0,0,1,1,7.02713374545168,6.61663844457441,5.56961056310734,9.08980156967968,0,0,2,3,10,8.75598086124402,5.77221265075068,8.85714285714286,2.5,0,1,2,4.93806086764657,5,9.32857174246867,5.37411971830987,0,0,0,0.5,2.31821476966865,1.03212975935639,NA,NA,NA,NA,NA,0,0.3
"57","Mauritius","MUS",0.0839984206308129,3.56954225352113,NA,3.68615384615385,2.39712918660287,2.15734065666458,6.42857142857143,7.25,0,1,1.5,1.37452654624142,1.18709678914805,0,0,0,0,0,0,0,0,0,0,0,0,0,0,0,0,0,0,0,0,0,0,0,0,1.57264109064974,2.32008084333655,1.63089097082967,5.34522483824849,6.70820393249937,0,0,1,7.02,1.79425837320574,0.745139059808025,2.85714285714286,4.5,0,0,0.5,0.352307692307694,3,10,3.56954225352113,10,0,2,2,1.88932322632236,1.5517486581389,NA,NA,1.4142135623731,NA,NA,0,0.3
"58","Myanmar","MMR",2.2858132831473,10,NA,8.5,4.04066985645933,9.20286733940438,6.86307116917201,5,10,3,4,10,3.16227766016838,0,0,0,0,0,10,1,1,10,0,10,0,0,10,3,3,10,0,10,5,0,10,3,3.5,8.36660026534076,2.66107867469541,9.16827937991026,6.85736579759671,0,10,3,3.5,7,7.08133971291866,8.40573467880876,7.14285714285714,10,10,2,4,10,1,6.58328519548689,10,0,10,3,3,10,1.2440501927799,NA,1.73205080756888,NA,NA,NA,0,0.3
"59","Pakistan","PAK",0.980161679299901,5.90228873239436,NA,7.82183060282973,5.8133971291866,7.45858960370641,6.28571428571428,8.5,4.61546066262069,3,4,2.71685446558106,8.59864012833393,0,0,0,0,0,0,0,0,10,0,0,0,10,0,2,2,10,0,0,5,10,0,2,2.5,7.81010274879213,5.7562115398816,7.29441474516432,6.15281584781658,8.36660026534076,0,3,4,8.25,6.62679425837321,9.01489047501846,7.57142857142857,10,0,1,2.5,7.39366120565945,5,5,5.90228873239436,7,9.23092132524137,0,1.5,7.38129818714777,1.96968302745691,NA,1.73205080756888,1.4142135623731,NA,NA,0,0.3
"60","Seychelles","SYC",2.46634428392173,7.97095070422536,NA,8.81,NA,6.2162777148988,2.64285714285715,1.5,0,1,1.5,1.68026403164347,10,0,0,0,0,0,0,0,0,10,0,0,0,0,0,1,1,10,0,0,0,0,0,1,1,8.72926113711808,NA,5.96349153845926,2.61861468283191,0,0,1,1.5,7.62,2.20095693779904,4.46160472557224,2.28571428571429,3,0,0,0.5,10,NA,3,7.97095070422536,0,0,1,1.5,2.82328721603477,1.09981668137687,NA,NA,NA,NA,NA,0,0.4
"61","Spain","ESP",1.27684785159177,0,NA,6,1.5,1.45243662318484,5.35714285714286,2.58333333333333,0,0,1,1,0.572262910017512,0,0,0,0,0,0,0,0,0,0,0,0,0,0,0,0,0,0,0,0,0,0,0,0,4.47213595499958,0,0,2.67261241912424,0,0,0,0,2,0,2.90487324636968,0.714285714285714,5.16666666666667,0,0,0,10,3,10,0,0,0,2,2,1,1.48213620251019,NA,NA,NA,NA,NA,0,0.3
"62","Suriname","SUR",1.78533188140717,2.24911971830987,NA,8.35,NA,5.88735828396419,6.3252380952381,2.41666666666667,0,1,2,1.22462506264754,3.27636676126648,0,0,0,0,0,0,0,0,0,0,0,0,0,0,0,0,5,0,0,0,0,0,0,0.5,8.18535277187245,NA,4.62862913864865,6.15250626438798,0,0,1,1.5,6.7,5.52631578947368,9.52559684961851,4.85714285714286,4.83333333333333,0,0,0.5,10,NA,7.79333333333334,2.24911971830987,0,0,1,1.5,1.49970654406449,1.43571017220898,NA,NA,NA,NA,NA,0,0.4
"63","Syria","SYR",0.965593292714492,10,NA,8.13692307692308,8.08612440191387,10,8.5,7.41666666666667,0,5,5,1.77827941003892,7.7661266595938,0,0,10,0,0,0,1,1,0,0,10,10,10,0,3,3,5,0,10,10,10,0,3,3.5,7.92076142416002,7.85636608351963,10,8.36660026534076,7.40495329717435,0,5,5,10,6.17224880382775,10,10,7.83333333333333,0,3,3.5,6.27384615384615,10,7,10,7,0,2,3,3.16227766016838,2.29057839538954,NA,NA,1.4142135623731,NA,NA,0,0.3
"64","Timor-Leste","TLS",1.22998899588319,5.55017605633803,NA,9.4,5.15311004784689,3.75373680985742,7.14285714285715,3,5,2,3,4.85374202390113,3.16227766016838,0,0,0,0,0,0,0,0,10,0,0,10,0,0,2,2,10,0,0,10,0,0,2,2,9.38083151964686,3.05060979079491,3.29595905183647,7.14142842854285,0,0,2,2,8.8,9.30622009569378,1.95729756337682,7.28571428571429,6,10,1,2.5,10,1,7,5.55017605633803,0,0,1,1.5,2.35588116345838,1.92310315572093,NA,NA,NA,NA,NA,0,0.3
"65","Trinidad and Tobago","TTO",1.06862266962704,3.34947183098591,NA,8.34,NA,3.61941964672604,1.42857142857143,1.83333333333334,1.78307226576095,1,1,1.85906175938048,1.66851065300113,0,0,0,0,0,0,0,0,0,0,0,0,0,0,0,0,5,0,0,0,0,0,0,0.5,8.17312669668102,NA,3.60933882530908,0,0,0,1,1,6.68,2.89473684210526,3.88936746246616,2.85714285714286,3.66666666666667,0,0,0,10,NA,0,3.34947183098591,0,3.56614453152189,1,1,3.45611062519084,1.64777458238594,NA,1.73205080756888,NA,NA,NA,0,0.4
"66","Tunisia","TUN",3.10962233935412,7.31073943661972,NA,8.63,NA,7.01526388518163,6.78571428571428,2.83333333333333,5,2,3,2.92408724484323,6.77329430924473,0,0,0,0,0,0,0,0,10,0,0,0,0,0,1,1,10,0,0,0,0,0,1,1,8.52056336165632,NA,7.00903856297253,5.97614304667197,0,0,2,2.5,7.26,2.05741626794258,6.71978833374354,3.57142857142857,5.66666666666667,0,0,0.5,10,NA,10,7.31073943661972,0,10,3,3.5,8.55028621545485,0.73623545444101,NA,1.73205080756888,NA,NA,NA,0,0.4
"67","Uganda","UGA",2.22774530959572,1.36883802816901,NA,10,8.5,4.45964667837198,7.85714285714285,2.83333333333333,5,3,3.5,1.92348150827419,5.43480631416747,10,0,0,0,0,0,1,1,10,10,0,10,0,0,3,3,10,10,0,10,0,0,3,3,10,8.36660026534076,3.21486397593191,7.81024967590665,0,0,3,3,10,10,7.55045532857495,8.71428571428571,5.66666666666667,0,2,3,10,7,7,1.36883802816901,0,10,2,3,3.69978111267276,1.23158975685283,NA,1.73205080756888,NA,1.06066017177982,NA,0,0.2
"68","Venezuela","VEN",1.08453579730608,9.81954225352111,NA,7.39956771629708,7.53588516746411,9.90977112676056,2.57142857142857,7.75,5.33716732369522,4,4.5,5.07272920722428,7.34788094119261,0,0,0,0,0,0,0,0,0,0,10,0,10,0,2,2,5,0,10,0,10,0,2,2.5,7.12403488666255,7.12163628313622,9.90936034944795,0,7.71362431027076,2.59679542396093,4,4,9.4,5.07177033492823,10,5.14285714285714,8.5,10,2,3,5.39913543259416,10,0,9.81954225352111,7,0.674334647390442,1,2,2.57325816098263,1.52164761433276,NA,1.73205080756888,1.4142135623731,NA,NA,0,0.3
"69","Angola","AGO",0.947451262842402,9.29137323943663,NA,7.72153846153846,9.91626794258373,9.64568661971832,8.80614534865156,6.75,3.19644595891068,4,4.5,2.77615887900514,6.43491325823014,0,0,0,0,0,0,0,0,0,10,10,10,0,0,3,3,5,10,10,10,0,0,3,3.5,7.61496502340571,9.9159144233739,9.63917695627414,8.78113003306702,5.91607978309962,0,4,4.5,9,9.83253588516746,10,8.14285714285714,3.5,0,1,2.5,6.44307692307692,10,9.46943355444598,9.29137323943663,10,6.39289191782137,2,3,7.70705812147905,2.23583080078651,NA,1.73205080756888,1.73205080756888,0.471404520791032,NA,0,0.1
"70","Bahamas","BHS",2.08772359829046,3.12940140845071,NA,6.69362,2.29425837320574,3.76166107833316,6.71428571428572,2,0,0,1,1.33004188702176,4.51781753950407,0,0,0,0,0,0,0,0,0,0,0,0,0,0,0,0,5,0,0,0,0,0,0,0.5,6.58764382765189,1.89433807606021,3.70814532860926,5.8554004376912,0,0,0,1,7.88,3.58851674641148,4.3939207482156,3.42857142857143,4,0,0,0.5,5.50724,1,10,3.12940140845071,0,0,1,1,1.76901142123241,0.887298208482867,NA,NA,NA,NA,NA,0,0.3
"71","Belize","BLZ",1.48452858749707,2.68926056338029,NA,6.48609121679674,NA,4.35072183965224,7.71428571428572,3.75,5,1,2,2.27723694385012,4.24310703279018,0,0,0,0,0,0,0,0,0,0,0,0,0,0,0,0,5,0,0,5,0,0,0,1,6.38262279886993,NA,4.02098581861162,7.36788397613007,0,0,1,1.5,7.64,4.66507177033493,6.0121831159242,5.42857142857143,7.5,0,0,1,5.33218243359348,NA,10,2.68926056338029,0,10,2,2,5.18580809843586,1.15931141570609,NA,1.73205080756888,NA,NA,NA,0,0.4
"72","Bosnia and Herzegovina","BIH",0.870247175386937,10,NA,6.73864926402882,2.11483253588516,7.05543933054394,6.85714285714285,2.58333333333333,0.847645628715,1,2,2.02913564774032,8.96509817462009,0,0,0,0,0,0,0,0,0,0,0,0,0,0,0,0,5,0,0,0,0,0,0,0.5,6.61232969479242,1.79712689361946,6.41161341714226,6.09449400220044,0,0,0,1.5,5.44,3.22966507177033,4.11087866108787,3.71428571428571,5.16666666666667,0,0,0,8.03729852805764,1,10,10,0,1.69529125743,2,2.5,4.11739147693051,2.37252672232223,NA,1.73205080756888,NA,NA,NA,0,0.3
"73","Botswana","BWA",2.55689073499912,1.19278169014085,NA,8.89,4.9688995215311,1.40582968336725,8.21428571428572,1.41666666666666,0,2,2,1.04505763134463,8.87642870578376,0,0,0,0,0,0,0,0,10,0,0,0,0,0,1,1,10,0,0,5,0,0,1,1.5,8.82043082847998,4.56217022141728,1.38959262059737,8.01783725737273,0,0,2,2,7.78,6.9377990430622,1.61887767659365,6.42857142857143,2.83333333333333,0,0,0.5,10,3,10,1.19278169014085,0,0,2,2,1.09214545283165,1.11220812791625,NA,NA,NA,NA,NA,0,0.3
"74","Brunei Darussalam","BRN",0.143933886749526,1.50088028169014,NA,6.38461538461539,2.40909090909091,1.13223930402499,4.57142857142857,5,0,0,1,1.10684424928587,3.16227766016838,0,0,0,0,0,0,0,0,0,0,0,0,0,0,0,0,5,0,0,0,0,0,0,0.5,6.28994802473329,2.33549683248457,1.07054643578178,3.87298334620741,4.58257569495584,0,0,0.5,7.48,1.81818181818182,0.763598326359833,2.14285714285714,3,0,0,0.5,5.28923076923077,3,7,1.50088028169014,7,0,0,1,1.2251041921772,2.40043737529046,NA,NA,1.4142135623731,NA,NA,0,0.4
"75","Bulgaria","BGR",1.51134847618006,2.95334507042253,NA,6.13724876883918,3.70813397129186,2.7045214153491,4.43249707832931,2.16666666666667,0,0,0.5,1.31092712058552,8.59912643102679,0,0,0,0,0,0,0,0,0,0,0,0,0,0,0,0,0,0,0,0,0,0,0,0,6.00709147457156,3.47582216359218,2.6930508488994,4.08592462704212,0,0,0,0.5,4.88,2.41626794258373,2.45569776027566,2.71428571428571,4.33333333333333,0,0,0,7.39449753767835,5,6.1507084423729,2.95334507042253,0,0,0,0.5,1.71852991548664,1.68296681151467,NA,NA,NA,NA,0.627873382081549,0,0.3
"76","Cyprus","CYP",3.82476981681225,0,NA,7.7,1.5645933014354,2.05851587496924,1.92857142857143,2.75,0,1,1,1,8.43664513430751,0,0,0,0,0,0,0,0,0,0,0,0,0,0,0,0,5,0,0,0,0,0,0,0.5,7.34846922834953,1.45917326005886,0,1.60356745147455,0,0,1,1,5.4,2.12918660287081,4.11703174993847,0.857142857142856,5.5,0,0,0,10,1,3,0,0,0,1,1,1,0.688094064174592,NA,NA,NA,NA,NA,0,0.3
"77","Djibouti","DJI",0.920147311454757,5.63820422535212,NA,7.42076923076923,6.6267942583732,5.61906519414296,5.48816697684907,3.66666666666667,0,1,2.5,1.54093812612329,4.81235837061384,0,0,0,0,0,0,0,0,0,0,0,0,0,0,0,0,5,0,0,0,0,0,0,0.5,7.16290443884323,6.42401296571949,5.619032599435,4.80339430905653,0,0,1,2,9.36,8.25358851674641,5.5999261629338,8.14285714285714,7.33333333333333,0,0,2,5.48153846153846,5,2.833476810841,5.63820422535212,0,0,0,0,2.37449030854037,2.39934813843292,NA,NA,NA,NA,NA,0,0.3
"78","Ecuador","ECU",1.72988963132716,10,NA,5.92841297816148,4.07177033492823,7.81842234801871,7.42857142857143,8.41666666666666,0,3,3.5,1.77827941003892,8.43019925999556,0,0,0,0,0,0,0,0,0,0,0,0,10,0,1,1,0,0,0,0,10,0,1,1,5.81011387948068,3.92818304175981,7.50789231145294,6.9693205243717,8.29658564310243,0,2,3,4.75,5.14354066985646,5.63684469603741,4.85714285714286,9.83333333333333,0,0,0.5,7.10682595632296,3,10,10,7,0,2,3,3.16227766016838,1.3963950120485,NA,NA,1.4142135623731,NA,1.14994311077386,0,0.3
"79","Equatorial Guinea","GNQ",NA,5.77024647887324,NA,5.55555555555556,5.20334928229665,7.13106220079522,NA,1.58333333333334,0,1,2,1.54988184536555,10,0,0,0,0,0,0,0,0,0,0,0,0,0,0,0,0,0,0,0,0,0,0,0,0,3.33333333333333,5.19937427225301,7.00001633445097,NA,0,0,1,1.5,10,5.4066985645933,8.49187792271721,6.14285714285714,3.16666666666667,0,1,1.5,1.11111111111111,5,NA,5.77024647887324,0,0,0,0,2.40213373459373,1.37792410409776,NA,NA,NA,NA,NA,0,0.4
"80","Fiji","FJI",3.24471532041643,NA,NA,9.43,2.95215311004785,NA,7.28571428571428,2.41666666666667,0,2,2,1,3.16227766016838,0,0,0,0,0,0,0,0,10,0,0,0,0,0,1,1,10,0,0,0,0,0,1,1,9.41275730060007,2.21456682448186,NA,6.76123403782813,0,0,1,1.5,8.86,4.90430622009569,NA,4.57142857142857,4.83333333333333,0,0,0.5,10,1,10,NA,0,0,2,2,1,0.802392561367204,NA,NA,NA,NA,NA,0,0.3
"81","Greece","GRC",2.23922956908153,7.09066901408451,NA,4.83243972247518,1.55980861244019,5.6346158262645,1.92857142857143,4.08333333333333,0,0,0.5,1.6318183155401,6.71742394125076,0,0,0,0,0,0,0,0,0,0,0,0,0,0,0,0,0,0,0,0,0,0,0,0,4.56600024048277,0.599042297873154,5.44323475736897,1.60356745147455,0,0,0,0.5,3.25,0.119617224880383,4.1785626384445,0.857142857142856,8.16666666666667,0,0,0.5,6.41487944495036,3,3,7.09066901408451,0,0,0,0.5,2.66283101493214,0.959588262461468,NA,NA,NA,NA,NA,0,0.2
"82","Guyana","GUY",1.52056441033367,9.64348591549297,NA,6.554,NA,6.39416481351808,3.07142857142857,2.33333333333333,0,0,1,1.76221345398424,2.42385026127398,0,0,0,0,0,0,0,0,0,0,0,0,0,0,0,0,5,0,0,0,0,0,0,0.5,6.4600061919475,NA,5.50701879774288,0,0,0,0,1,7.66,4.66507177033493,3.1448437115432,6.14285714285714,4.66666666666667,0,0,0.5,5.448,NA,0,9.64348591549297,0,0,0,0.5,3.10539625740307,1.43901848763089,NA,NA,NA,NA,NA,0,0.4
"83","Hungary","HUN",0.992811727338505,1.36883802816901,NA,6.75,2.96650717703349,2.59833730106457,2.12904761904762,2.16666666666667,0,0,0.5,1.08165314034204,10,0,0,0,0,0,0,0,0,0,0,0,0,0,0,0,0,0,0,0,0,0,0,0,0,5.91607978309962,2.15987772115343,2.28903653707249,2.05472741790846,0,0,0,0.5,3.5,0.933014354066986,3.82783657396013,1.57142857142857,4.33333333333333,0,0,0,10,5,2.68666666666667,1.36883802816901,0,0,1,1,1.1699735160118,2.35550710272748,NA,NA,NA,NA,NA,0,0.3
"84","Kazakhstan","KAZ",2.26437765467289,9.29137323943663,NA,6.3583490522959,NA,8.13787219687805,4.45967568688418,2.5,0,1,1.5,1.74590245865098,7.47094152982825,0,0,0,0,0,0,0,0,0,0,0,0,0,0,0,0,0,0,0,0,0,0,0,0,6.33878938701295,NA,8.05570600490963,3.27125575390005,0,0,1,1.5,5.86,1.26794258373206,6.98437115431947,1.42857142857143,5,0,0,0,6.85669810459181,NA,7.49077994519693,9.29137323943663,0,0,0,1,3.04817539512355,0.820204706091042,NA,NA,NA,NA,0.734440744476283,0,0.3
"85","Malaysia","MYS",1.41080813811917,2.16109154929577,NA,5.72056,NA,1.08054577464789,5.03527875037605,6.75,5,0,2,2.1560969800068,5.59740015552807,0,0,0,0,0,0,0,0,0,0,0,0,0,0,0,0,0,0,0,0,5,0,0,0.5,5.03223210911421,NA,0,4.39129529748218,6.74536878161602,0,0,1,3,2.3444976076555,0,2.57142857142857,6.5,0,0,0,8.44112,NA,7.49912892932354,2.16109154929577,7,10,1,2.5,4.64875418719443,1.04622832499722,NA,1.73205080756888,1.4142135623731,NA,1.07085068496688,0,0.4
"86","Nicaragua","NIC",1.68589088496644,3.4375,NA,8.25,4.89712918660287,4.90943422348019,8.57142857142857,4.66666666666667,0,2,2,1.36163490766575,7.93767220446827,0,0,0,0,0,0,0,0,0,0,0,10,0,0,1,1,5,0,0,10,0,0,1,1.5,8.06225774829855,4.51472868726541,4.6835834610292,8.45154254728516,0,0,2,2,6.5,6.79425837320574,6.38136844696038,7.14285714285714,9.33333333333333,0,0,1,10,3,10,3.4375,0,0,2,2,1.85404962177392,1.11146045923123,NA,NA,NA,NA,0.549197141929013,0,0.3
"87","Oman","OMN",2.19073919757037,2.46919014084507,NA,7.69,3.11483253588516,2.90238980337848,4.85714285714285,6.83333333333333,0,1,1.5,1.25354126095115,6.67856582580081,0,0,0,0,0,0,0,0,0,0,0,0,0,0,0,0,5,0,0,0,5,0,0,1,7.3348483283569,3.11271508739733,2.86987885164798,4.35889894354067,6.83130051063973,0,1,1.5,5.38,3.22966507177033,3.33558946591189,2.71428571428571,6.66666666666667,0,0,0,10,3,7,2.46919014084507,7,0,1,2,1.57136569290699,0.933850828721291,NA,NA,1.4142135623731,NA,NA,0,0.3
"88","Palau","PLW",NA,NA,NA,4.81,NA,NA,NA,1.83333333333334,0,0,0,1,10,0,0,0,0,0,0,0,0,0,0,0,0,0,0,0,0,0,0,0,0,0,0,0,0,0,NA,NA,NA,0,0,0,0,9.62,NA,NA,4,3.66666666666667,0,0,0.5,0,NA,NA,NA,0,0,0,0,1,NA,NA,NA,NA,NA,NA,0.2,0.8
"89","Poland","POL",1.06865600955479,0.444542253521117,NA,5.96689519051539,1.89473684210526,1.25322116367909,5.42857142857143,1.08333333333334,0,0,1,0.816541498907863,9.4940983674232,0,0,0,0,0,0,0,0,0,0,0,0,0,0,0,0,0,0,0,0,0,0,0,0,5.13032824608815,1.53896752812773,0.957393182218721,2.9277002188456,0,0,0,0.5,2.92,0.789473684210526,2.06190007383707,0.857142857142856,2.16666666666667,0,0,0,9.01379038103079,3,10,0.444542253521117,0,0,1,1.5,0.666740019438699,2.21863660736235,NA,NA,NA,NA,1.15420607352302,0,0.3
"90","Saint Lucia","LCA",NA,NA,NA,4.51248,1,NA,5.72216061183384,1.33333333333334,0,0,0.5,1,10,0,0,0,0,0,0,0,0,0,0,0,0,0,0,0,0,0,0,0,0,0,0,0,0,3.80389568731846,1,NA,5.60525983686817,0,0,0,0.5,6.94,NA,NA,4.57142857142857,2.66666666666667,0,0,0,2.08496,1,6.87289265223912,NA,0,0,0,0,1,0.930903840303278,NA,NA,NA,NA,NA,0.2,0.4
"91","Solomon Islands","SLB",NA,NA,NA,9.74538461538462,NA,NA,7.76254213423955,4,5,2,2.5,3.16227766016838,8.16260773590352,0,0,0,0,0,0,0,0,10,0,0,10,0,0,2,2,10,0,0,10,0,0,2,2,9.74471059679992,NA,NA,7.74489194797227,0,0,2,2,9.86,9.13875598086125,NA,8.28571428571428,8,10,1,3,9.63076923076923,NA,7.23936998276483,NA,0,0,0,1,1,2,NA,NA,NA,NA,NA,0,0.6
"92","United Arab Emirates","ARE",2.61335330764999,0,NA,7.33,3.03827751196172,1.52012060054147,3.71428571428571,2.66666666666667,0,1,1,1,10,0,0,0,0,0,0,0,0,0,0,0,0,0,0,0,0,0,0,0,0,0,0,0,0,6.82641926635041,2.32008084333654,0,1.73205080756888,0,0,0,0.5,4.66,1.07655502392344,3.04024120108294,0.428571428571429,5.33333333333333,0,0,0,10,5,7,0,0,0,1,1.5,1,0.948116648693482,NA,NA,NA,NA,NA,0,0.3
"93","Azerbaijan","AZE",1.1349314952811,9.73151408450705,NA,5.67155963516799,3.61722488038277,8.59791308458678,4.7502380952381,6.75,5,1,2.5,3.14083487001808,6.4243556423949,0,0,0,0,0,0,0,0,0,0,10,0,0,0,1,1,0,0,10,0,5,0,1,1.5,5.47276291973311,3.56417582090119,8.52285504881365,4.66552707174044,6.74536878161602,0,1,2,7.16,4.23444976076555,7.46431208466651,3.85714285714286,6.5,0,0,1,4.18311927033599,3,5.64333333333334,9.73151408450705,7,10,1,2,9.86484368072148,1.42043384136274,NA,1.73205080756888,1.4142135623731,NA,NA,0,0.3
"94","Bahrain","BHR",1.75982286835823,8.8512323943662,NA,8.06,2.76315789473684,7.2378854563512,2.58880952380953,0,0,2,2,1.72484842271296,10,0,0,0,0,0,0,0,0,0,0,0,0,0,0,0,0,5,0,0,0,0,0,0,0.5,7.82304288624318,1.62221421130762,7.05578468611805,2.43662530093219,0,0,2,2,6.12,0.526315789473683,5.62453851833621,1.71428571428572,0,0,0,0,10,5,3.46333333333333,8.8512323943662,0,0,1,1.5,2.97510208133539,1.47768539390522,NA,NA,NA,NA,NA,0,0.3
"95","Bangladesh","BGD",2.76643381457276,9.07130281690141,NA,7.530794032014,NA,6.31727828514281,8.42857142857143,5,5,2,3.5,3.08615273861731,8.37102932999782,0,0,0,0,0,0,0,0,10,0,0,0,0,0,1,1,10,0,0,5,0,0,1,1.5,7.51616288489174,NA,5.68536312036519,8.28078671210825,0,0,2,2.5,8,8.03827751196172,3.5632537533842,6.85714285714286,10,0,1,2,7.06158806402801,NA,10,9.07130281690141,0,10,2,3,9.52433872607512,0.755301912899227,NA,1.73205080756888,NA,NA,NA,0,0.4
"96","Bhutan","BTN",0.170889836905105,10,NA,3.71153846153846,5.99282296650718,6.34168102387398,7.22584747396287,2.08333333333333,0,1,2,1.77827941003892,3.16227766016838,0,0,0,0,0,0,0,0,0,0,0,10,0,0,1,1,0,0,0,10,0,0,1,1,2.96807630007669,5.91001096996205,5.18011780536695,7.2230031645572,0,0,1,2,5.94,6.98564593301436,2.68336204774797,7.42857142857143,4.16666666666667,0,0,0.5,1.48307692307692,5,7.0231235193543,10,0,0,1,1.5,3.16227766016838,2.44594288575716,NA,NA,NA,NA,NA,0,0.3
"97","Burundi","BDI",0.176685430105241,3.70158450704226,NA,9.83153846153846,7.46411483253589,6.85079225352113,9.65689837110499,2.16666666666667,7.38005706461916,4,4.5,6.47889972841807,6.5567105649671,0,0,0,0,0,0,0,0,10,0,0,10,0,0,2,2,10,0,0,10,0,0,2,2,9.83009507740231,7.0456474738209,6.084064847651,9.65080138755844,0,6.89935803480174,3,4,10,9.92822966507177,10,10,4.33333333333333,10,4,4.5,9.66307692307692,5,9.31379674220999,3.70158450704226,0,4.76011412923833,0,1,4.19761416908957,2.41400915864575,NA,1.73205080756888,NA,NA,NA,0,0.3
"98","Cambodia","KHM",2.32305934706406,10,NA,5.96673890202259,NA,7.35078759537288,5.05936665762038,4,0,1,2,1.77827941003892,5.31483153103147,0,0,0,0,0,0,0,0,0,0,0,0,0,0,0,0,0,0,0,0,0,0,0,0,5.82711026833434,NA,6.85680333008448,3.89716203909123,0,0,0,1,7.25,9.33014354066986,4.70157519074576,8.28571428571428,8,0,0,2,4.68347780404518,NA,1.83301902952648,10,0,0,1,1,3.16227766016838,0.570698523716693,NA,NA,NA,NA,NA,0,0.4
"99","China","CHN",NA,0,NA,7.18,NA,1.44628353433424,5.53394393447657,5,4.80501397631858,1,2,1.76068296648959,3.16227766016838,0,0,0,0,0,0,0,0,0,0,0,0,0,0,0,0,0,0,0,0,0,0,0,0,6.60302960768767,NA,0,5.2262203772537,0,0,0,1,4.36,2.91866028708134,2.89256706866847,3.71428571428571,10,0,1,1,10,NA,7.35360215466743,0,0,9.61002795263715,1,2,3.10000450848658,2.44889807312943,NA,1.73205080756888,NA,NA,1.53449209875768,0,0.3
"100","Comoros","COM",NA,NA,NA,5.09856,NA,NA,6.93224635390378,1.41666666666666,5,0,1.5,3.16227766016838,3.16227766016838,0,0,0,0,0,0,0,0,0,0,0,0,0,0,0,0,0,0,0,5,0,0,0,0.5,1.40399430198274,NA,NA,6.73566041075133,0,0,0,0.5,10,8.22966507177034,NA,8.57142857142857,2.83333333333333,10,2,3,0.19712,NA,5.29306413637899,NA,0,0,0,0,1,2.42976116625553,NA,NA,NA,NA,NA,0,0.5
"101","Congo","COG",0.864424892352697,9.86355633802818,NA,7.18769230769231,NA,8.72238855542807,8.85714285714286,2.41666666666667,10,4,4,9.96571314901109,5.41172292274152,0,0,0,0,0,10,1,1,0,0,10,10,0,10,3,3,5,0,10,10,0,10,3,3.5,6.87642125169548,NA,8.64741569509747,8.7831006565368,0,10,3,3.5,9.28,10,7.58122077282796,7.71428571428572,4.83333333333333,10,2,3.5,5.09538461538462,NA,10,9.86355633802818,0,10,2,2.5,9.93154385683725,2.17750301789808,NA,1.73205080756888,NA,NA,NA,0,0.4
"102","France","FRA",1.19266892553448,2.90933098591549,NA,6.04547179700161,1.5,1.45466549295774,5.09571428571429,2,0,0,1,1.30601535525066,9.79333630281489,0,0,0,0,0,0,0,0,0,0,0,0,0,0,0,0,0,0,0,0,0,0,0,0,4.89666815140745,0,0,2.34459865587756,0,0,0,0,2.5,0,0,0.571428571428571,4,0,0,0,9.59094359400321,3,9.62,2.90933098591549,0,0,0,1,1.70567610815052,1.85430089990509,NA,NA,NA,NA,NA,0,0.3
"103","Gabon","GAB",1.0845369789668,3.17341549295775,NA,7.98940826245927,3.80143540669857,4.69432527047592,8.07142857142857,1.25,0,2,2,1.33469408076747,7.73228072752054,0,0,0,0,0,0,0,0,0,0,0,0,0,0,0,0,5,0,0,5,0,0,0,1,7.73228072752053,2.56960518628779,4.44111733617549,7.83763812819726,0,0,2,2,10,6.60287081339713,6.21523504799409,6.14285714285714,2.5,0,1,1,5.97881652491855,1,10,3.17341549295775,0,0,1,1,1.78140828923572,2.17080328173336,NA,NA,NA,NA,NA,0,0.3
"104","Gambia","GMB",0.561673944556294,7.0906690140845,NA,7.48576923076923,6.25598086124402,7.32671526018033,8.28571428571428,5.25,0,3,4,1.6318183155401,2.27239630019113,0,0,0,0,0,0,0,0,0,0,10,10,0,0,2,2,5,0,10,10,0,0,2,2.5,7.27490417594835,6.12860576415551,7.32291189851847,8.18535277187245,4.94974746830583,0,3,3.5,9.25,7.51196172248804,7.56276150627616,9.57142857142857,3.5,0,0,2,5.72153846153846,5,7,7.0906690140845,7,0,0,1.5,2.66283101493213,1.1677323094269,NA,NA,1.4142135623731,NA,NA,0,0.3
"105","Germany","DEU",1.05748668283284,0,NA,2.59465483709642,1.5,0,2.00738095238095,1.25,0,0,0,1,6.62518654393433,0,0,0,0,0,0,0,0,0,0,0,0,0,0,0,0,0,0,0,0,0,0,0,0,1.87388573273673,0,0,1.40271844916186,0,0,0,0,0.799999999999999,0,0,0.571428571428571,2.5,0,0,0,4.38930967419285,3,3.44333333333333,0,0,0,0,0,1,1.93283041432043,NA,NA,NA,NA,NA,0,0.2
"106","Kiribati","KIR",NA,NA,NA,9.23846153846154,NA,NA,NA,5.83333333333333,5,1,2,3.16227766016838,10,0,0,0,0,0,0,0,0,10,0,0,0,0,0,1,1,10,0,0,0,0,0,1,1,9.20702073252965,NA,NA,NA,5.71547606649408,0,1,1.5,10,5.76555023923445,NA,9.71428571428571,4.66666666666667,10,2,2.5,8.47692307692308,NA,NA,NA,7,0,0,1,1,NA,NA,NA,1.4142135623731,NA,NA,0,0.7
"107","Korea DPR","PRK",NA,6.43045774647888,NA,3.375,NA,8.21522887323944,NA,3.5,5,1,1.5,2.8317862731821,10,0,0,0,0,0,0,0,0,0,0,0,0,0,0,0,0,0,0,0,0,0,0,0,0,0,NA,8.01901349698258,NA,0,0,1,1,6.75,8.63636363636364,10,9,7,0,1,2.5,0,NA,NA,6.43045774647888,0,10,1,1,8.01901349698258,NA,NA,1.73205080756888,NA,NA,NA,0,0.6
"108","Kuwait","KWT",2.7207954774192,6.8705985915493,NA,7.39,NA,3.43529929577465,1.28571428571428,0.5,0,1,1,1.61900669250912,9.01608582252763,0,0,0,0,0,0,0,0,0,0,0,0,0,0,0,0,0,0,0,0,0,0,0,0,6.91375440697744,NA,0,0,0,0,0,0.5,4.78,0.645933014354066,0,2.57142857142857,1,0,0,0,10,NA,0,6.8705985915493,0,0,1,1,2.62118267038932,0.834840388005173,NA,NA,NA,NA,NA,0,0.4
"109","Luxembourg","LUX",0.287633521204329,10,NA,7.0063,1.5,5,2.11857142857143,0,0,1,1.5,1.77827941003892,8.68461913015344,0,0,0,0,0,0,0,0,0,0,0,0,0,0,0,0,5,0,0,0,0,0,0,0.5,6.78000176991127,0,0,1.70209954384074,0,0,0,0.5,5.24,0,0,0.857142857142856,0,0,0,0,8.7726,3,3.38,10,0,0,1,1.5,3.16227766016838,1.4936685421937,NA,NA,NA,NA,NA,0,0.3
"110","Madagascar","MDG",0.5111567319528,6.78257042253521,NA,6.06538461538462,10,7.36341171877438,7.91325720718929,9.25,3.45280983250844,4,4.5,2.61606928464557,2.35946613745546,0,10,0,0,0,0,1,1,0,10,0,10,10,0,3,3,0,10,0,10,10,0,3,3,4.61602559651615,10,7.34046698301729,7.89646065527934,9.21954445729289,0,4,4,10,10,7.94425301501354,8.42857142857143,8.5,0,2,3.5,2.13076923076923,10,7.39794298580715,6.78257042253521,10,6.90561966501688,2,2.5,6.84381850206601,1.83452196929341,NA,1.73205080756888,1.4142135623731,0.526782687642637,NA,0,0.1
"111","Malta","MLT",2.07236498426853,0,NA,8.27,NA,0.501784395766675,1.85714285714286,1.25,0,1,1,1,10,0,0,0,0,0,0,0,0,0,0,0,0,0,0,0,0,5,0,0,0,0,0,0,0.5,8.08702664766229,NA,0,1.4638501094228,0,0,1,1,6.54,0,1.00356879153335,0.714285714285714,2.5,0,0,0,10,NA,3,0,0,0,1,1,1,1.44312406873384,NA,NA,NA,NA,NA,0,0.4
"112","Mexico","MEX",2.10357754913935,4.66989436619718,NA,5.5338476561595,4.11483253588517,3.57817878536293,5.78571428571428,4.75,0.65777165810446,0,1,1.57435639406235,8.25693363926282,0,0,0,0,0,0,0,0,0,0,0,0,0,0,0,0,0,0,0,0,0,0,0,0,5.38286216406809,4.01849789832615,3.40756812266242,5.65685424949238,0,0,0,1,4.25,3.22966507177033,2.48646320452868,4.57142857142857,9.5,0,0,0.5,6.817695312319,5,7,4.66989436619718,0,1.31554331620892,0,0.5,2.47859805552502,1.08909470564019,NA,1.73205080756888,NA,NA,0.659073672105308,0,0.2
"113","Micronesia","FSM",NA,NA,NA,0,NA,NA,NA,6.16666666666667,NA,0,0.5,10,10,0,0,0,0,0,0,0,0,0,0,0,0,0,0,0,0,0,0,0,0,5,0,0,0.5,0,NA,NA,NA,6.11010092660779,NA,0,0.5,NA,NA,NA,8,5.33333333333333,10,1,1.5,0,NA,NA,NA,7,NA,0,0.5,NA,NA,NA,NA,1.4142135623731,NA,NA,0.3,0.8
"114","Moldova Republic of","MDA",1.22782575168438,3.70158450704224,NA,8,4.79665071770335,5.32759510855435,6.4345238095238,2.58333333333333,0,1,2,1.38706533194159,10,0,0,0,0,0,0,0,0,0,0,0,0,0,0,0,0,5,0,0,0,0,0,0,0.5,7.74596669241483,4.79233838298523,5.07339720152705,5.61142541945406,0,0,1,2,6,4.5933014354067,6.95360571006646,3.28571428571428,5.16666666666667,0,0,0,10,5,9.58333333333333,3.70158450704224,0,0,1,1.5,1.92395023507424,1.98643755680648,NA,NA,NA,NA,1.04797936062705,0,0.3
"115","Mongolia","MNG",1.44615009614114,3.56954225352113,NA,7.125,5.10047846889952,4.2555439547202,6.25496962893527,1.58333333333334,0,1,2,1.37452654624142,3.27317217767121,0,0,0,0,0,0,0,0,0,0,0,0,0,0,0,0,0,0,0,5,0,0,0,0.5,6.51920240520265,4.647888855534,4.19988761950932,6.12778069853619,0,0,0,1,4.25,7.20095693779904,4.94154565591927,5,3.16666666666667,0,0,0.5,10,3,7.50993925787054,3.56954225352113,0,0,1,1.5,1.88932322632236,1.44075911529154,NA,NA,NA,NA,1.70113332067489,0,0.3
"116","Morocco","MAR",1.65930822136435,4.22975352112676,NA,5.49588547296476,NA,4.03187159196874,8.14285714285715,3.08333333333333,5,1,2,2.55022656381729,7.19982168334624,0,0,0,0,0,0,0,0,0,0,0,0,0,0,0,0,0,0,0,5,0,0,0,0.5,5.49000755364642,NA,4.02701269879265,7.92824967172092,0,0,1,1.5,5.75,3.49282296650718,3.83398966281073,6.28571428571429,6.16666666666667,0,0,0,5.24177094592952,NA,10,4.22975352112676,0,10,2,2,6.50365552679934,1.04403798655954,NA,1.73205080756888,NA,NA,1.03883012277339,0,0.4
"117","Nauru","NRU",NA,NA,NA,4.92,NA,NA,NA,1.5,0,0,0,1,10,0,0,0,0,0,0,0,0,0,0,0,0,0,0,0,0,0,0,0,0,0,0,0,0,0,NA,NA,NA,0,0,0,0,9.84,NA,NA,5.42857142857143,3,0,0,0.5,0,NA,NA,NA,0,0,0,0,1,NA,NA,NA,NA,NA,NA,0.2,0.8
"118","Panama","PAN",2.30608527584504,2.24911971830986,NA,7.5619,3.04784688995215,1.52174174446135,6.71428571428572,4.33333333333333,0,1,1.5,1.22462506264754,7.15440229353925,0,0,0,0,0,0,0,0,0,0,0,0,0,0,0,0,5,0,0,0,0,0,0,0.5,7.20302630843453,2.2573643436327,1.33664476208016,5.8554004376912,0,0,1,1.5,5.26,5.09569377990431,0.794363770612849,3.42857142857143,8.66666666666667,0,0,0.5,9.8638,1,10,2.24911971830986,0,0,1,1.5,1.49970654406449,0.947090004140565,NA,NA,NA,NA,1.06131270663587,0,0.3
"119","Rwanda","RWA",2.62599518891434,8.19102112676057,NA,8.75,7.03349282296651,6.92008600024959,4.49056813807768,2.08333333333333,0,2,2.5,1.69174348054708,6.30208661109527,0,0,0,0,0,0,0,0,10,0,0,0,0,0,1,1,10,0,0,0,0,0,1,1,8.66025403784439,6.733121729901,6.80237562584212,1.04796346574647,0,0,1,2,7.5,9.06698564593302,5.64915087373862,8.85714285714286,4.16666666666667,0,0,1.5,10,5,0.123993419012507,8.19102112676057,0,0,1,1.5,2.86199600397355,0.926229230096911,NA,NA,NA,NA,NA,0,0.3
"120","Samoa","WSM",NA,NA,NA,4.36,2.10287081339713,NA,NA,2.08333333333333,0,0,0,1,10,0,0,0,0,0,0,0,0,0,0,0,0,0,0,0,0,0,0,0,0,0,0,0,0,0,1.79045849625013,NA,NA,0,0,0,0,8.72,3.20574162679426,NA,7.14285714285714,4.16666666666667,0,0,1,0,1,NA,NA,0,0,0,0,1,NA,NA,NA,NA,NA,NA,0,0.6
"121","Sao Tome and Principe","STP",NA,4.18573943661971,NA,5.26074,NA,5.33277865259487,9.42857142857143,0.25,0,1,2,1.43035239491669,10,0,0,0,0,0,0,0,0,0,0,0,10,0,0,1,1,0,0,0,10,0,0,1,1,2.2835936591259,NA,5.2079582558414,9.4112394811432,0,0,1,1.5,10,8.20574162679426,6.47981786857003,8.85714285714286,0.5,0,1,2,0.52148,NA,10,4.18573943661971,0,0,1,1,2.04590797364391,2.22894193867673,NA,NA,NA,NA,NA,0,0.5
"122","Saudi Arabia","SAU",1.22839696141758,1.85299295774648,NA,7.07,3.69617224880383,1.99436504889539,4.42857142857143,1.75,0,1,1,1.16672483447854,6.35809430052217,0,0,0,0,0,0,0,0,0,0,0,0,0,0,0,0,0,0,0,0,0,0,0,0,6.43428317685817,3.45857231933038,1.98934810430445,3.60555127546399,0,0,0,0.5,4.14,2.39234449760766,2.1357371400443,1.85714285714286,3.5,0,0,0,10,5,7,1.85299295774648,0,0,1,1.5,1.36124683938898,1.2990769508005,NA,NA,NA,NA,NA,0,0.3
"123","Senegal","SEN",2.710954771205,7.44278169014085,NA,8.875,4.19617224880383,5.00769406928899,9.57142857142857,2.91666666666667,5,2,3,2.93720203303094,6.57003218622513,0,0,0,0,0,0,0,0,10,0,0,10,0,0,2,2,10,0,0,10,0,0,2,2,8.8034084308295,2.71888662831087,4.37576829486732,9.56182887467515,0,0,2,2,7.75,7.39234449760766,2.57260644843712,9.14285714285714,5.83333333333333,0,0,1.5,10,1,10,7.44278169014085,0,10,3,3.5,8.62715578284109,0.805977372290803,NA,1.73205080756888,NA,NA,NA,0,0.3
"124","Sierra Leone","SLE",1.20975965966804,4.44982394366197,NA,10,9.82057416267942,6.05551743577388,9.92857142857143,2.41666666666667,0,3,3.5,1.45239821715878,4.13392434926631,10,0,0,0,0,0,1,1,10,10,0,10,0,0,3,3,10,10,0,10,0,0,3,3,10,9.8189349347874,5.8387532765438,9.92831448793946,0,0,3,3.5,10,9.64114832535885,7.6612109278858,9.85714285714286,4.83333333333333,0,1,2.5,10,10,10,4.44982394366197,0,0,3,3,2.109460581206,1.94458570033025,NA,NA,NA,NA,NA,0,0.3
"125","Tanzania","TZA",0.267716202641073,2.46919014084507,NA,9.33153846153846,6.35645933014354,4.35759531654609,7.71428571428572,3.41666666666667,0,2,2.5,1.25354126095115,7.83848561323448,0,0,0,0,0,0,0,0,10,0,0,10,0,0,2,2,10,0,0,10,0,0,2,2,9.32564701818015,5.39803260279717,3.92715709326353,7.68114574786861,0,0,2,2.5,9,9.71291866028708,6.24600049224711,8.42857142857143,6.83333333333333,0,0,1.5,9.66307692307692,3,7,2.46919014084507,0,0,0,1,1.57136569290699,2.44885203325751,NA,NA,NA,NA,NA,0,0.3
"126","Togo","TGO",2.01997180862615,2.46919014084507,NA,9.875,4.84210526315789,4.05301741844124,6.72048499109643,1.66666666666666,0,1,1.5,1.25354126095115,7.9315616987926,0,0,0,0,0,0,0,0,10,0,0,0,0,0,1,1,10,0,0,0,0,0,1,1,9.87420882906575,2.94689845877251,3.73074273421934,6.37178245697499,0,0,1,1.5,9.75,8.68421052631579,5.63684469603741,8.85714285714286,3.33333333333333,0,0,1.5,10,1,4.58382712504999,2.46919014084507,0,0,1,1,1.57136569290699,0.788982499099936,NA,NA,NA,NA,NA,0,0.3
"127","Turkey","TUR",1.43553440018595,9.99559859154929,NA,4.59637399778564,2.72727272727273,7.62855243384996,2.85714285714285,4.33333333333333,0.519612269518295,1,1,1.79526907585,6.66539420857557,0,0,0,0,0,0,0,0,0,0,0,0,0,0,0,0,0,0,0,0,0,0,0,0,4.59380593614527,1.50755672288882,7.25202762841669,2.85356919363402,0,0,1,1,4.75,0.454545454545453,5.26150627615063,2.71428571428571,8.66666666666667,0,0,0.5,4.44274799557127,5,3,9.99559859154929,0,1.03922453903659,0,0.5,3.22299105470332,1.37182334396218,NA,1.73205080756888,NA,NA,NA,0,0.3
"128","Turkmenistan","TKM",NA,2.42517605633804,NA,6.12769230769231,NA,6.21258802816902,4.57142857142857,5.75,0,0,1.5,1.24791733600313,10,0,0,0,0,0,0,0,0,0,0,0,0,0,0,0,0,0,0,0,0,0,0,0,0,5.93814267776874,NA,4.92460765578136,3.87298334620741,5.61248608016091,0,0,1,7.64,3.27751196172249,10,2.14285714285714,4.5,0,1,1.5,4.61538461538462,NA,7,2.42517605633804,7,0,0,1,1.55729767749716,NA,NA,NA,1.4142135623731,NA,NA,0,0.6
"129","Tuvalu","TUV",NA,NA,NA,4.84,NA,NA,NA,6.66666666666667,5,0,1,3.16227766016838,10,0,0,0,0,0,0,0,0,0,0,0,0,0,0,0,0,0,0,0,0,0,0,0,0,0,NA,NA,NA,5.77350269189625,0,0,0.5,9.68,NA,NA,8,3.33333333333333,10,1,2,0,NA,NA,NA,10,0,1,1,1,NA,NA,NA,1.4142135623731,NA,NA,0.2,0.8
"130","Uzbekistan","UZB",1.40069620640663,7.09066901408449,NA,6.34777777777778,NA,8.54533450704225,5.46099281311035,7,0,2,3,1.6318183155401,6.08211454885528,0,0,0,0,0,0,0,0,0,0,10,0,10,0,2,2,5,0,10,0,10,0,2,2.5,6.29814787589706,NA,8.42061103132338,5.40970156417226,7,0,2,3,7.14,3.25358851674641,10,4.71428571428571,7,0,1,2,5.55555555555555,NA,6.20769991193499,7.09066901408449,7,0,0,1,2.66283101493213,1.11881661921228,NA,NA,1.4142135623731,NA,NA,0,0.4
"131","Vanuatu","VUT",0.210049344626355,NA,NA,8.65307692307692,NA,NA,7.35714285714286,3.83333333333333,0,2,2,1,3.16227766016838,0,0,0,0,0,0,0,0,10,0,0,10,0,0,2,2,10,0,0,10,0,0,2,2,8.65214602103032,NA,NA,7.34846922834954,0,0,2,2,8.78,8.22966507177034,NA,7.71428571428572,7.66666666666667,0,0,2,8.52615384615385,NA,7,NA,0,0,0,1,1,1.54919333848297,NA,NA,NA,NA,NA,0,0.5
"132","Australia","AUS",0.129021822689957,6.82658450704226,NA,1.60730769230769,NA,3.41329225352113,3.85714285714286,3.16666666666667,0,0,0,1.61640754029762,3.16227766016838,0,0,0,0,0,0,0,0,0,0,0,0,0,0,0,0,0,0,0,0,0,0,0,0,0.860902924930475,NA,0,2.23606797749979,0,0,0,0,0.25,0.885167464114833,0,0.714285714285714,6.33333333333333,0,0,0,2.96461538461539,NA,7,6.82658450704226,0,0,0,0.5,2.61277333633101,2.38397297510342,NA,NA,NA,NA,NA,0,0.4
"133","Austria","AUT",1.14490724089056,3.92165492957746,NA,4.85882185346173,1.5,2.2411006619337,1.71428571428571,4.75,0,0,0,1.40723732044466,8.49567166675094,0,0,0,0,0,0,0,0,0,0,0,0,0,0,0,0,0,0,0,0,0,0,0,0,4.24783583337547,0,1.48265624148823,1.13389341902768,4.18330013267038,0,0,0,2.5,0,0.560546394289934,0.428571428571429,2.5,0,0,0,7.21764370692347,3,3,3.92165492957746,7,0,0,1,1.98031687605228,2.12458773787736,NA,NA,1.4142135623731,NA,NA,0,0.3
"134","Belgium","BEL",1.65829115807373,9.29137323943663,NA,4.38516600012639,1.5,5.63356503468263,5.21428571428571,4.16666666666667,2.5,0,1,2.61073311367488,8.2282027200676,0,0,0,0,0,0,0,0,0,0,0,0,0,0,0,0,0,0,0,0,0,0,0,0,3.67976412294397,0,4.28456463800384,2.07019667802706,3.05505046330389,0,0,0,2,0,1.97575682992863,0.428571428571429,1.33333333333333,0,0,0,6.77033200025279,3,10,9.29137323943663,7,5,1,2,6.81592739083855,1.24009517098468,NA,1.73205080756888,1.4142135623731,NA,NA,0,0.3
"135","Chile","CHL",2.13992913089806,6.65052816901409,NA,6.25,4.21052631578948,3.32526408450705,6.07142857142857,7.83333333333333,0,1,2,1.60588349427708,8.48478689564745,0,0,0,0,0,0,0,0,0,0,0,0,10,0,1,1,0,0,0,0,10,0,1,1,5,4.13585095934256,0,4.62910049886275,7.78888096369862,0,1,1.5,2.5,3.42105263157895,0,2.14285714285714,8.66666666666667,0,0,0.5,10,5,10,6.65052816901409,7,0,2,2.5,2.57886179719156,1.14316731277325,NA,NA,1.73205080756888,NA,0.764749222389824,0,0.2
"136","Cuba","CUB",2.90346115271231,10,NA,8.48,NA,10,1.57142857142857,3.83333333333333,0,2,2,1.77827941003892,7.37545286171108,0,0,10,0,0,0,1,1,0,0,10,0,0,0,1,1,5,0,10,0,0,0,1,1.5,8.34266144584568,NA,10,0,0,0,2,2,6.96,4.33014354066986,10,3.14285714285714,7.66666666666667,0,1,1.5,10,NA,0,10,0,0,2,2,3.16227766016838,0.754162256848331,NA,NA,NA,NA,NA,0,0.4
"137","Czech Republic","CZE",0.795707693331898,0,NA,6.8,1.5,1.26784395766675,3.71428571428571,0.583333333333335,0,0,0.5,1,10,0,0,0,0,0,0,0,0,0,0,0,0,0,0,0,0,0,0,0,0,0,0,0,0,6,0,0,1.73205080756888,0,0,0,0.5,3.6,0,2.5356879153335,0.428571428571429,1.16666666666667,0,0,0,10,3,7,0,0,0,1,1.5,1,2.24082581407334,NA,NA,NA,NA,NA,0,0.3
"138","Dominican Republic","DOM",1.434019335042,7.97095070422536,NA,5.64829171671587,3.79665071770335,6.72390754507355,6.17857142857143,4.75,0,0,1.5,1.68026403164347,7.04030072754832,0,0,0,0,0,0,0,0,0,0,0,0,0,0,0,0,0,0,0,0,0,0,0,0,5.60577728490503,3.71212934933848,6.60725480316217,6.03560862122218,0,0,0,1.5,6.34,4.5933014354067,5.47686438592173,4.85714285714286,9.5,0,0,0.5,4.95658343343174,3,7.5,7.97095070422536,0,0,0,1,2.82328721603477,1.24094043276615,NA,NA,NA,NA,1.70080379938835,0,0.3
"139","Estonia","EST",1.38349912375156,7.48679577464789,NA,6.3,2.6244019138756,4.31594280487255,4.35047619047619,0,0,0,0.5,1.65414660016205,10,0,0,0,0,0,0,0,0,0,0,0,0,0,0,0,0,0,0,0,0,0,0,0,0,5.09901951359278,2.59738550917141,2.92797775589196,2.38846434027429,0,0,0,0.5,2.6,2.2488038277512,1.14508983509722,0.714285714285714,0,0,0,0,10,3,7.98666666666667,7.48679577464789,0,0,1,2,2.73620097482767,2.13823940626317,NA,NA,NA,NA,NA,0,0.3
"140","Iceland","ISL",0.197349553989436,4.40580985915493,NA,4.95846153846154,2.77511961722488,3.63380574178519,4.32285714285714,1,0,0,0,1.44879332905921,3.16227766016838,0,0,0,0,0,0,0,0,0,0,0,0,0,0,0,0,0,0,0,0,0,0,0,0,4.95364667539131,1.65867301547014,3.55085254717726,1.54550038129126,0,0,0,0,4.74,0.55023923444976,2.86180162441546,0.285714285714286,2,0,0,0,5.17692307692308,5,8.36,4.40580985915493,0,0,0,0.5,2.09900211032646,1.54919333848297,NA,NA,NA,NA,NA,0,0.2
"141","India","IND",1.27045895308661,2.02904929577465,NA,5.45786349612055,NA,2.91613675716619,7.88571428571428,5,1.23543680081118,1,2,1.49635893753591,6.64509367295984,0,0,0,0,0,0,0,0,0,0,0,0,0,0,0,0,0,0,0,5,0,0,0,0.5,5.35744579529901,NA,2.77793618039321,7.77541914350235,0,0,1,1.5,6.5,7.17703349282297,3.80322421855772,6.57142857142857,10,0,1,1.5,4.41572699224109,NA,9.2,2.02904929577465,0,2.47087360162236,0,0.5,2.2390900699436,1.50941513459282,NA,1.73205080756888,NA,NA,NA,0,0.3
"142","Ireland","IRL",1.53971160615733,7.44278169014085,NA,3.36952,0.5,3.72169849951295,5.28571428571429,1,0,0,0.5,1.65171008360641,6.45603263555604,0,0,0,0,0,0,0,0,0,0,0,0,0,0,0,0,0,0,0,0,0,0,0,0,3.25539552128463,0,0.0676728136218843,2.39045721866879,0,0,0,0,2.5,0,0.000615308885059562,0.571428571428571,2,0,0,0,4.23904,1,10,7.44278169014085,0,0,1,1.5,2.72814620028708,1.07590668320272,NA,NA,NA,NA,NA,0,0.3
"143","Israel","ISR",2.30344227241068,1.80897887323944,NA,7.27,0.5,1.87390858503223,4,3,5,1,1.5,2.06233101791192,10,0,0,0,0,0,0,0,0,0,0,0,0,0,0,0,0,0,0,0,0,0,0,0,0,6.73795221116921,0,1.87278336109225,2.64575131106459,0,0,0,0.5,4.54,0,1.93883829682501,1,6,0,0,0,10,1,7,1.80897887323944,0,10,2,2.5,4.2532092274416,1.37775988729264,NA,1.73205080756888,NA,NA,NA,0,0.3
"144","Italy","ITA",1.31864320086806,0,NA,6.23152926407285,0.5,0.603310361801625,5.42857142857143,6.91666666666667,0,0,1.5,1,9.72782531100641,0,0,0,0,0,0,0,0,0,0,0,0,0,0,0,0,0,0,0,0,5,0,0,0.5,5.32814935830792,0,0,2.9277002188456,6.91616464041547,0,0,1,3,0,1.20662072360325,0.857142857142856,6.83333333333333,0,0,0,9.4630585281457,1,10,0,7,0,1,2,1,2.10985416178254,NA,NA,1.73205080756888,NA,NA,0,0.2
"145","Japan","JPN",0.979828655229245,1.36883802816901,NA,3.49599777444205,1.58851674641149,0.737027923757162,1.78571428571429,5,0,0,0.5,1.08165314034204,7.03704167167148,0,0,0,0,0,0,0,0,0,0,0,0,0,0,0,0,0,0,0,0,0,0,0,0,3.17837551584509,1.47547737794348,0.379507776416876,1.30930734141595,0,0,0,0,2.04,2.17703349282297,0.105217819345313,0.571428571428571,10,0,1,1,4.9519955488841,1,3,1.36883802816901,0,0,0,0,1.1699735160118,1.89748539380485,NA,NA,NA,NA,NA,0,0.2
"146","Jordan","JOR",1.6052526433566,3.78961267605633,NA,7.875,NA,3.63951468161665,7.57142857142857,2.58333333333333,0,2,2,1.39523931760057,10,0,0,0,0,0,0,0,0,0,0,0,0,0,0,0,0,5,0,0,5,0,0,0,1,7.58287544405155,NA,3.63641825286481,7.17137165600636,0,0,2,2,5.75,2.53588516746411,3.48941668717697,5.14285714285714,5.16666666666667,0,0,0,10,NA,10,3.78961267605633,0,0,2,2,1.94669275337849,1.68978900191243,NA,NA,NA,NA,NA,0,0.4
"147","Latvia","LVA",1.92436151364751,0,NA,6.75,0.966507177033493,1.7816268766921,3.88904761904762,0.916666666666665,0,0,0.5,1,10,0,0,0,0,0,0,0,0,0,0,0,0,0,0,0,0,0,0,0,0,0,0,0,0,5.91607978309962,0.965926681517281,0,3.12303271409912,0,0,0,0.5,3.5,0.933014354066986,3.5632537533842,1.57142857142857,1.83333333333333,0,0,0,10,1,6.20666666666667,0,0,0,1,1,1,1.67234707374376,NA,NA,NA,NA,NA,0,0.3
"148","Liberia","LBR",1.70789322751564,8.19102112676056,NA,8.7453195936176,9.86842105263158,8.84907935491363,9.62100320125534,2.5,0,4,4,1.69174348054708,4.6455755940105,0,0,0,0,0,0,0,0,10,10,10,10,0,0,4,4,10,10,10,10,0,0,4,4,8.65484788268124,9.8675438206593,8.82457731553861,9.61353545919017,0,0,4,4,10,9.73684210526316,9.5071375830667,10,5,0,2,3,7.4906391872352,10,9.24200640251068,8.19102112676056,0,0,1,2.5,2.86199600397355,1.19310194614542,NA,NA,NA,NA,NA,0,0.3
"149","Lithuania","LTU",1.40854277775666,2.51320422535211,NA,6.5,2.63636363636363,1.80453467482225,4.96952380952381,0.583333333333335,0,0,0.5,1.25909049468296,10,0,0,0,0,0,0,0,0,0,0,0,0,0,0,0,0,0,0,0,0,0,0,0,0,5.47722557505166,2.61116483933547,1.65955803176258,3.3355230902685,0,0,0,0.5,3,2.27272727272727,1.0958651242924,1.28571428571429,1.16666666666667,0,0,0,10,3,8.65333333333333,2.51320422535211,0,0,1,1.5,1.58530887380097,2.03557582860725,NA,NA,NA,NA,NA,0,0.3
"150","Netherlands","NLD",1.80527610122798,6.12235915492958,NA,4.97480669124732,1.5,3.28915151937963,5.14285714285714,0.833333333333335,0,0,0.5,1.57300354270353,9.32717180204945,0,0,0,0,0,0,0,0,0,0,0,0,0,0,0,0,0,0,0,0,0,0,0,0,3.29765321526056,0,1.67076396037825,1.69030850945703,0,0,0,0,1.25,0,0.455943883829683,0.285714285714286,1.66666666666667,0,0,0,8.69961338249464,3,10,6.12235915492958,0,0,1,1.5,2.47434014535787,1.31442292054362,NA,NA,NA,NA,NA,0,0.3
"151","New Zealand","NZL",0.128650337665864,2.46919014084508,NA,4.83692307692307,NA,1.37950031285424,2.81071428571429,2.91666666666667,0,0,0,1.25354126095115,3.16227766016838,0,0,0,0,0,0,0,0,0,0,0,0,0,0,0,0,0,0,0,0,0,0,0,0,4.55151707591081,NA,0.845929779555159,1.69873902813654,0,0,0,0,3.2,1.84210526315789,0.2898104848634,0.571428571428571,5.83333333333333,0,0,0,6.47384615384615,NA,5.05000000000001,2.46919014084508,0,0,0,0,1.57136569290699,2.30763084318173,NA,NA,NA,NA,NA,0,0.4
"152","North Macedonia","MKD",NA,0,NA,3.227,4.30622009569378,1.35091065714989,1.64285714285714,2.33333333333333,0,0,0,1,10,0,0,0,0,0,0,0,0,0,0,0,0,0,0,0,0,0,0,0,0,0,0,0,0,1.30127629656426,4.24996481831765,0,0,0,0,0,0,6.18,3.61244019138756,2.70182131429978,3.28571428571428,4.66666666666667,0,0,0,0.274000000000001,5,0,0,0,0,0,0,1,1.45213887086148,NA,NA,NA,NA,NA,0,0.3
"153","Philippines","PHL",1.57414850450002,0.444542253521123,NA,5.52439936645052,NA,2.87763662023829,7.71428571428572,10,1.89157708174108,2,2.5,1.13878508773235,6.55652250274567,0,0,0,0,10,0,1,1,0,0,0,0,10,0,1,1,0,0,0,5,10,0,1,1.5,5.38673291031604,NA,1.53650392800853,7.36788397613007,10,0,2,2.5,6.75,7.20095693779904,5.31073098695545,5.42857142857143,10,0,1,1.5,4.29879873290103,NA,10,0.444542253521123,10,3.78315416348216,2,2,1.29683147604158,1.24905723703805,NA,1.04115002297807,1.73205080756888,NA,0.636943436819177,0,0.3
"154","Portugal","PRT",2.09658001925006,10,NA,5.61466,1.5,6.43397735663303,5.14142857142858,2,0,0,1.5,1.77827941003892,5.89539804787555,0,0,0,0,0,0,0,0,0,0,0,0,0,0,0,0,0,0,0,0,0,0,0,0,4.29635194089125,0,5.35532885382967,3.23198302682955,0,0,0,0.5,2,0,2.86795471326606,1.14285714285714,4,0,0,0,9.22932,3,9.14000000000001,10,0,0,1,2,3.16227766016838,0.922395492341498,NA,NA,NA,NA,NA,0,0.3
"155","Qatar","QAT",1.3022948260305,0.0924295774647899,NA,6.56379533333015,0.5,1.40635507915819,5.85714285714286,0.416666666666667,0,0,1,0.551382200054018,8.58346705397085,0,0,0,0,0,0,0,0,0,0,0,0,0,0,0,0,5,0,0,0,0,0,0,0.5,6.51439346677519,0,0.501432333095689,4.14039335605413,0,0,0,0.5,5.76,0,2.72028058085159,1.71428571428572,0.833333333333334,0,0,0,7.3675906666603,1,10,0.0924295774647899,0,0,1,1.5,0.30402233053641,1.80237282082049,NA,NA,NA,NA,NA,0,0.3
"156","Saint Kitts and Nevis","KNA",NA,NA,NA,8.19368,2.50956937799043,NA,NA,1.5,0,1,1,1,10,0,0,0,0,0,0,0,0,10,0,0,0,0,0,1,1,10,0,0,0,0,0,1,1,8.17408549013282,2.00477897933435,NA,NA,0,0,1,1,8.76,4.01913875598086,NA,2.57142857142857,3,0,0,0.5,7.62736,1,NA,NA,0,0,0,0.5,1,2.23606797749979,NA,NA,NA,NA,NA,0,0.4
"157","Saint Vincent and the Grenadines","VCT",NA,NA,NA,4.08628,2.73684210526316,NA,NA,1.33333333333334,0,0,0,1,10,0,0,0,0,0,0,0,0,0,0,0,0,0,0,0,0,0,0,0,0,0,0,0,0,2.39101317436772,2.11510855762212,NA,NA,0,0,0,0,7.4,4.47368421052632,NA,4.71428571428571,2.66666666666667,0,0,0.5,0.77256,1,NA,NA,0,0,0,0,1,2.23125339199319,NA,NA,NA,NA,NA,0,0.4
"158","Singapore","SGP",0.713673084837468,5.11003521126761,NA,1.68555555555555,1.5,2.55501760563381,1.64285714285714,5,0,0,0.5,1.50350879590108,3.16227766016838,0,0,0,0,0,0,0,0,0,0,0,0,0,0,0,0,0,0,0,0,0,0,0,0,1.58464857653396,0,0,0.925820099772552,0,0,0,0,2.26,0,0,0.285714285714286,0,0,0,0,1.11111111111111,3,3,5.11003521126761,10,0,1,1,2.26053869935191,2.27680299781708,NA,NA,1.4142135623731,NA,NA,0,0.3
"159","Slovenia","SVN",1.31914996373191,0,NA,5.875,1.60765550239234,0.929424070883585,1.30785714285714,5.5,0,0,1,1,10,0,0,0,0,0,0,0,0,0,0,0,0,0,0,0,0,0,0,0,0,0,0,0,0,4.18330013267038,0.803699579665232,0,0.815913160645351,5.29150262212918,0,0,0.5,1.75,0.21531100478469,1.85884814176717,0.285714285714286,4,0,0,0,10,3,2.33,0,7,0,1,1.5,1,2.18588124494198,NA,NA,1.4142135623731,NA,NA,0,0.3
"160","Sweden","SWE",1.38686620259712,6.91461267605635,NA,4.73601629202656,2.27751196172249,3.45730633802818,2.75595238095238,0.083333333333333,0,0,0,1.62159338663654,9.47208138903647,0,0,0,0,0,0,0,0,0,0,0,0,0,0,0,0,0,0,0,0,0,0,0,0,2.11802178742962,2.15987772115342,0,1.47599845141227,0,0,0,0,0.5,1.55502392344497,0,0.428571428571429,0.166666666666666,0,0,0,8.97203258405311,3,5.08333333333333,6.91461267605635,0,0,0,0.5,2.62956511158335,2.05359637379134,NA,NA,NA,NA,NA,0,0.3
"161","Switzerland","CHE",1.11547632994667,0.0484154929577443,NA,2.36617903637802,0.5,0.0242077464788721,2.22428571428571,4.58333333333333,0,0,0,0.469079106814883,6.42834198900155,0,0,0,0,0,0,0,0,0,0,0,0,0,0,0,0,0,0,0,0,0,0,0,0,1.57461577651617,0,0,1.31257652838116,3.89444048184931,0,0,0,0.600000000000001,0,0,0.428571428571429,2.16666666666667,0,0,0,4.13235807275604,1,4.02,0.0484154929577443,7,0,0,0.5,0.220035208450248,1.89382462303511,NA,NA,1.4142135623731,NA,NA,0,0.3
"162","Thailand","THA",2.40954832979799,2.90933098591549,NA,4.34710393927088,2.28229665071771,2.58406495148592,3.16666666666667,4.33333333333333,0,0,0,1.30601535525066,6.27341686909923,0,0,0,0,0,0,0,0,0,0,0,0,0,0,0,0,0,0,0,0,0,0,0,0,4.3444142819761,1.88801305647906,2.56351198170487,3.16227766016838,0,0,0,0,4.5,3.56459330143541,2.25879891705636,3,8.66666666666667,0,0,0.5,4.19420787854175,1,3.33333333333333,2.90933098591549,0,0,0,0,1.70567610815052,0.600903284061179,NA,NA,NA,NA,NA,0,0.3
"163","Tonga","TON",NA,NA,NA,8.33615384615385,NA,NA,7.21428571428572,7,0,3,3,1,10,0,0,0,0,0,0,0,0,10,0,0,10,10,0,3,3,10,0,0,10,10,0,3,3,8.31125279828036,NA,NA,7.21110255092798,7,0,3,3,8.98,4.52153110047847,NA,7.42857142857143,7,0,0,1.5,7.69230769230769,NA,7,NA,7,0,0,1.5,1,NA,NA,NA,1.4142135623731,NA,NA,0,0.7
"164","United States of America","USA",2.25551896080722,0,NA,5.625,2.59569377990431,1.34475756829929,5.64285714285715,8.16666666666666,5,1,2.5,1.77827941003892,8.21709738131539,0,0,0,0,0,0,0,0,0,0,0,0,10,0,1,1,0,0,0,0,10,0,1,1,3.53553390593274,0.978231976089038,0,3.58568582800319,8.08290376865476,0,1,1,1.25,0.191387559808613,2.68951513659858,1.28571428571429,9.33333333333333,0,0,0.5,10,5,10,0,7,10,3,3.5,3.16227766016838,1.16578070197469,NA,1.73205080756888,1.73205080756888,NA,NA,0,0.2
"165","Uruguay","URY",2.58368181526338,1.89700704225353,NA,7.87,NA,3.97613089006598,4.99992634377171,0.583333333333335,0,1,1,1.17359225774826,8.56997504368423,0,0,0,0,0,0,0,0,0,0,0,0,0,0,0,0,5,0,0,0,0,0,0,0.5,7.57627876995033,NA,3.38922718040476,4.3705448187688,0,0,1,1,5.74,3.13397129186603,6.05525473787842,2.57142857142857,1.16666666666667,0,0,0,10,NA,7.42842411611486,1.89700704225353,0,0,1,1.5,1.37731878744666,1.112357148684,NA,NA,NA,NA,0.674216890801638,0,0.4
"166","Benin","BEN",0.47827564753969,0.708626760563384,NA,7.83461538461539,5.80622009569378,3.22811352795583,6.07142857142857,5.08333333333333,5,1,3,1.63156502592199,4.82783578559462,0,0,0,0,0,0,0,0,0,0,0,0,0,0,0,0,5,0,0,0,0,0,0,0.5,7.65556609975332,5.08304245252415,2.0181435474975,5.23722936566382,4.70814896394185,0,1,2,9.5,8.61244019138756,5.74760029534827,9.14285714285714,3.16666666666667,0,0,1.5,6.16923076923077,3,3,0.708626760563384,7,10,1,1.5,2.66200443381183,1.87959571642888,NA,1.73205080756888,1.4142135623731,NA,NA,0,0.3
"167","Canada","CAN",NA,7.31073943661972,NA,2.02423280627771,1.91866028708134,3.90180092677651,5.28571428571429,2.83333333333333,0,0,0.5,1.64433509623734,6.36275538784528,0,0,0,0,0,0,0,0,0,0,0,0,0,0,0,0,0,0,0,0,0,0,0,0,0,1.58491694498104,1.89820670852834,2.39045721866879,0,0,0,0,0,0.837320574162678,0.492862416933303,0.571428571428571,5.66666666666667,0,0,0,4.04846561255541,3,10,7.31073943661972,0,0,1,1.5,2.70383790871785,1.83835273600275,NA,NA,NA,NA,NA,0,0.4
"168","Costa Rica","CRI",2.43286031852305,4.44982394366197,NA,7.49,2.19856459330143,3.55121027357846,6.57142857142857,7.66666666666667,0,2,2.5,1.45239821715878,8.59206826637108,0,0,0,0,0,0,0,0,0,0,0,0,10,0,1,1,0,0,0,0,10,0,1,1,7.05691150575094,1.84313026848426,3.43563500376689,5.60611910581388,7.63762615825973,0,2,2.5,4.98,3.39712918660287,2.65259660349496,3.14285714285714,8.33333333333333,0,0,0.5,10,1,10,4.44982394366197,7,0,2,2.5,2.109460581206,1.18135253715181,NA,NA,1.4142135623731,NA,0.60398675482166,0,0.3
"169","Cte d'Ivoire","CIV",1.2364554545149,9.29137323943663,NA,9.5,5.14832535885168,6.03966889882243,7.64285714285714,5.83333333333333,3.31634320405878,2,3.5,2.80183362304414,7.95888225994911,0,0,0,0,0,0,0,0,10,0,0,10,0,0,2,2,10,0,0,10,0,0,2,2,9.48683298050514,4.67866991281818,5.08959912848091,7.61577310586391,5.71547606649408,0,2,3,9,7.29665071770335,2.78796455820822,8.28571428571428,4.66666666666667,0,0,1.5,10,3,7,9.29137323943663,7,6.63268640811756,1,2.5,7.85027165122065,1.17320915217185,NA,1.73205080756888,1.73205080756888,NA,NA,0,0.2
"170","Denmark","DNK",1.59883550392256,7.53080985915494,NA,5.125,0.5,3.76540492957747,1.64285714285714,0.25,0,0,0.5,1.65657239726379,5.97030382061198,0,0,0,0,0,0,0,0,0,0,0,0,0,0,0,0,0,0,0,0,0,0,0,0,1.58113883008419,0,0,0.925820099772552,0,0,0,0,0.25,0,0,0.285714285714286,0.5,0,0,0,10,1,3,7.53080985915494,0,0,1,1.5,2.74423210737629,1.06934277875333,NA,NA,NA,NA,NA,0,0.3
"171","Eswatini","SWZ",2.64088712780672,3.6575704225352,NA,9.125,5.45933014354067,4.90256074658633,7.76592753749318,1.25,0,2,2.5,1.38292355584663,5.92220265175763,0,0,0,0,0,0,0,0,10,0,0,10,0,0,2,2,10,0,0,10,0,0,2,2,9.08295106229247,4.87401075719412,4.74184573420395,7.76539183061976,0,0,2,2,8.25,7.91866028708134,6.14755107063746,7.85714285714286,2.5,0,0,1.5,10,3,7.6747122178435,3.6575704225352,0,0,1,1.5,1.91247756131548,0.951940336417694,NA,NA,NA,NA,NA,0,0.3
"172","Finland","FIN",2.1040023228979,10,NA,5.13,0.942583732057417,5.16644105340881,4.37285714285714,0,0,0,1,1.77827941003892,6.86641997876356,0,0,0,0,0,0,0,0,0,0,0,0,0,0,0,0,0,0,0,0,0,0,0,0,1.61245154965971,0.940833388074017,1.82450570516407,1.55471632690432,0,0,0,0,0.26,0.885167464114833,0.332882106817623,0.285714285714286,0,0,0,0,10,1,8.45999999999999,10,0,0,2,2.5,3.16227766016838,1.09484579852274,NA,NA,NA,NA,NA,0,0.3
"173","Ghana","GHA",0.853677741091479,10,NA,7.03079055837263,NA,8.46757322175733,8.78571428571428,2.25,2.65688808127689,3,3,2.69991949070304,7.01624371241204,0,0,0,0,0,0,0,0,0,0,0,10,0,0,1,1,5,0,0,10,0,0,1,1.5,7.0295739348514,NA,8.32775266414334,8.70139561876632,0,0,3,3,6.9,7.17703349282297,6.93514644351465,7.57142857142857,4.5,0,0,1,7.16158111674525,NA,10,10,0,5.31377616255378,2,2.5,7.28956525627817,1.55893754538186,NA,1.73205080756888,NA,NA,NA,0,0.3
"174","Guinea-Bissau","GNB",NA,NA,NA,5.073,NA,NA,9.3441620152411,1.41666666666666,5,1,2,3.16227766016838,10,0,0,0,0,0,0,0,0,0,0,0,10,0,0,1,1,0,0,0,10,0,0,1,1,1.20830459735946,NA,NA,9.33007044040485,0,0,1,1,10,8.66028708133971,NA,9.85714285714286,2.83333333333333,10,2,3,0.146000000000001,NA,8.83118117333934,NA,0,0,0,0.5,1,1.3598867582123,NA,NA,NA,NA,NA,0,0.5
"175","Indonesia","IDN",3.08488088478207,5.77024647887324,NA,6.34678997260755,NA,4.89749094802634,7.28571428571428,8.5,1.87845092280719,2,2.5,2.15777448464707,6.83901415376439,0,0,0,0,0,0,0,0,0,0,0,0,10,0,1,1,0,0,0,0,10,0,1,1,6.33730855105625,NA,4.81909902049917,6.76123403782813,8.36660026534076,0,1,2,6,5.23923444976077,4.02473541717943,4.57142857142857,10,0,1,1,6.69357994521511,NA,10,5.77024647887324,7,3.75690184561438,1,1.5,4.65599072659394,0.546217757377047,NA,1.73205080756888,1.73205080756888,NA,0.980171746411623,0,0.3
"176","Jamaica","JAM",1.32253235864445,0,NA,6.60736849515035,NA,2.00621461973911,2.78571428571429,3.66666666666667,0.248653380598731,0,0.5,0.839761753310875,7.08148077050324,0,0,0,0,0,0,0,0,0,0,0,0,0,0,0,0,5,0,0,0,0,0,0,0.5,6.41255357252209,NA,0,0,0,0,0,0.5,8.2,4.21052631578947,4.01242923947822,5.57142857142857,7.33333333333333,0,0,1,5.01473699030071,NA,0,0,0,0.497306761197462,0,0,0.705199802323754,1.49696441551546,NA,1.73205080756888,NA,NA,NA,0,0.4
"177","Korea Republic of","KOR",1.15464209011798,1.32482394366197,NA,7.13923076923077,1.73923444976077,1.05651731271211,3.57571428571428,4.08333333333333,0,1,1,1.07285132557836,6.10553312030321,0,0,0,0,0,0,0,0,0,0,0,0,0,0,0,0,0,0,0,0,0,0,0,0,6.54099498429829,1.19808459574631,1.02188080706546,1.93907194296653,0,0,0,0.5,10,0.47846889952153,0.788210681762248,0.571428571428571,8.16666666666667,0,1,1.5,4.27846153846154,3,6.57999999999999,1.32482394366197,0,0,0,0,1.15100996679524,1.34919037270411,NA,NA,NA,NA,NA,0,0.2
"178","Kyrgyzstan","KGZ",2.73401838037304,3.34947183098591,NA,6.40946,NA,4.90541521650206,5.00585220521612,3.41666666666667,5,0,1.5,2.4057144811625,5.38577936912348,0,0,0,0,0,0,0,0,0,0,0,0,0,0,0,0,0,0,0,0,0,0,0,0,6.11842626824905,NA,4.65211120109553,4.98696625283086,0,0,0,0.5,4.5,3.73205741626794,6.46135860201822,4.57142857142857,6.83333333333333,0,0,0,8.31892,NA,5.44027583900367,3.34947183098591,0,10,1,1.5,5.78746216487496,0.809767501600306,NA,1.73205080756888,NA,NA,1.61273864389661,0,0.4
"179","Lao PDR","LAO",0.138031488721251,9.07130281690143,NA,4.25153846153846,6.83014354066986,7.09564402474409,7.15770871298654,3.25,0,2,2.5,1.73547122077388,2.59904694393533,0,0,0,0,0,0,0,0,0,0,0,10,0,0,1,1,0,0,0,10,0,0,1,1,3.60832371053374,6.58038261856395,6.81505219810223,7.15769330516669,0,0,1,2,6.5,8.66028708133971,5.11998523258676,7.14285714285714,6.5,0,0,1,2.00307692307692,5,7.17256028311593,9.07130281690143,0,0,0,1,3.01186035813439,1.82301728958124,NA,NA,NA,NA,NA,0,0.3
"180","Liechtenstein","LIE",0.240270020100196,3.12940140845071,NA,4.46923076923077,NA,1.56470070422535,NA,0.25,0,0,0,1.33004188702176,5.938128678444,0,0,0,0,0,0,0,0,0,0,0,0,0,0,0,0,0,0,0,0,0,0,0,0,4.39133762694764,NA,0,NA,0,0,0,0,5.3,NA,0,0,0.5,0,0,0,3.63846153846154,NA,NA,3.12940140845071,0,0,0,0,1.76901142123241,1.64236395856413,NA,NA,NA,NA,NA,0.2,0.5
"181","Marshall Islands","MHL",NA,NA,NA,5,NA,NA,NA,2.16666666666667,5,0,1,3.16227766016838,10,0,0,0,0,0,0,0,0,0,0,0,0,0,0,0,0,0,0,0,0,0,0,0,0,0,NA,NA,NA,0,0,0,0,10,NA,NA,7.57142857142857,4.33333333333333,10,2,2.5,0,NA,NA,NA,0,0,0,0,1,NA,NA,NA,NA,NA,NA,0.2,0.6
"182","Namibia","NAM",2.96396431842313,6.69454225352113,NA,8.875,6.14114832535885,4.61819162885261,8.92857142857143,2.75,0,2,2.5,1.60853391341839,8.30839954010101,0,0,0,0,0,0,0,0,10,0,0,10,0,0,2,2,10,0,0,10,0,0,2,2,8.8034084308295,5.2770152503241,4.12510145381214,8.86405260427918,0,0,2,2.5,7.75,9.28229665071771,2.5418410041841,7.85714285714286,5.5,0,0,1.5,10,3,10,6.69454225352113,0,0,2,2,2.58738135061709,0.827693374705723,NA,NA,NA,NA,NA,0,0.3
"183","Nepal","NPL",1.63236882896643,9.07130281690142,NA,6.76803718210284,6.02153110047847,7.02796004738746,4,4,0,1,2,1.73547122077388,7.60662498366107,0,0,0,0,0,0,0,0,0,0,0,0,0,0,0,0,5,0,0,0,0,0,0,0.5,6.69642265113202,5.20856857522975,6.72435667956045,0,0,0,0,1.5,7.75,9.04306220095694,4.98461727787349,8,8,0,0,2,5.78607436420567,3,0,9.07130281690142,0,0,0,0.5,3.01186035813439,1.39013452345274,NA,NA,NA,NA,NA,0,0.2
"184","Norway","NOR",1.10787824961916,5.33010563380282,NA,2.45896457312283,1.5,3.11761250186326,1.64285714285714,0,0,0,0,1.51944139523353,6.19510221565847,0,0,0,0,0,0,0,0,0,0,0,0,0,0,0,0,0,0,0,0,0,0,0,0,2.03591833773983,0,2.19644755295782,0.925820099772552,0,0,0,0,1.08,0,0.905119369923703,0.285714285714286,0,0,0,0,3.83792914624565,3,3,5.33010563380282,0,0,0,0,2.30870215354922,1.14248001126137,NA,NA,NA,NA,NA,0,0.3
"185","Paraguay","PRY",1.96422856425826,2.20510563380282,NA,8.43,3.14354066985646,3.26259465790559,6.19642857142857,1.33333333333334,0,1,1.5,1.21858926994182,8.7963696090391,0,0,0,0,0,0,0,0,0,0,0,0,0,0,0,0,5,0,0,5,0,0,0,1,8.28251169633946,2.29936542109185,3.08646089651178,6.10620293518929,0,0,1,1.5,6.86,5.28708133971292,4.32008368200837,5.14285714285714,2.66666666666667,0,0,0,10,1,7.25,2.20510563380282,0,0,1,1.5,1.48495980881734,1.10565139826494,NA,NA,NA,NA,1.32751597294669,0,0.3
"186","Russian Federation","RUS",3.09895876746668,5.72623239436619,NA,7.215,2.79186602870814,5.38619028037286,4.8910051273204,3.91666666666667,0,1,1.5,1.54691781985834,7.3147455817929,0,0,0,0,0,0,0,0,0,0,0,0,0,0,0,0,5,0,0,0,0,0,0,0.5,6.91018089488256,2.78409701200386,5.37544575799012,4.13937082007855,0,0,0,1,5.14,2.58373205741627,5.04614816637953,2.28571428571429,7.83333333333333,0,0,0.5,9.29,3,7.49629596892652,5.72623239436619,0,0,0,1,2.39295474139529,0.734806634269518,NA,NA,NA,NA,1.0834353593081,0,0.2
"187","Slovakia","SVK",1.05461222261612,3.56954225352113,NA,7.21,1.93062200956938,2.66497048683933,3.69642857142857,1.5,0,1,1,1.37452654624142,10,0,0,0,0,0,0,0,0,0,0,0,0,0,0,0,0,0,0,0,0,0,0,0,0,6.64830805543787,1.60739915933046,2.5067543985494,2.67261241912424,0,0,0,0.5,4.42,0.861244019138756,1.76039872015752,1.14285714285714,3,0,0,0,10,3,6.25,3.56954225352113,0,0,1,1,1.88932322632236,2.32174113619767,NA,NA,NA,NA,NA,0,0.3
"188","Sri Lanka","LKA",1.56259955368718,5.99031690140846,NA,5.51013180973878,NA,5.36440531262891,5.64285714285715,3.5,0,0,1.5,1.56445274471633,6.16462782289212,0,0,0,0,0,0,0,0,0,0,0,0,0,0,0,0,0,0,0,0,0,0,0,0,5.23812020982986,NA,5.3277649198508,5.47722557505166,0,0,0,1.5,7.22,5.66985645933014,4.73849372384937,4.28571428571429,7,0,0,1,3.80026361947756,NA,7,5.99031690140846,0,0,0,0.5,2.44751239045045,1.12527193934452,NA,NA,NA,NA,0.64333840047106,0,0.4
"189","United Kingdom","GBR",3.42062701779368,0,NA,5.75,0.5,0.972495692837805,5.35714285714286,1.16666666666666,0,0,1,1,6.19720321737337,0,0,0,0,0,0,0,0,0,0,0,0,0,0,0,0,0,0,0,0,0,0,0,0,3.87298334620742,0,0,2.67261241912424,0,0,0,0,1.5,0,1.94499138567561,0.714285714285714,2.33333333333333,0,0,0,10,1,10,0,0,0,2,2,1,0.651648407289612,NA,NA,NA,NA,NA,0,0.3
"190","Viet Nam","VNM",1.15261816159703,4.53785211267607,NA,6.58136740461271,5.26315789473684,3.62291325791323,5.56605190322512,5,0,0,2,1.45952851596105,3.16227766016838,0,0,0,0,0,0,0,0,0,0,0,0,0,0,0,0,0,0,0,0,0,0,0,0,6.2435812352779,5.25657483037847,3.50547962002472,5.50049344593516,0,0,0,1.5,4.5,5.52631578947368,2.70797440315038,4.71428571428571,10,0,1,1,8.66273480922541,5,6.41781809216454,4.53785211267607,0,0,0,0.5,2.13022348890347,1.51783606969429,NA,NA,NA,NA,NA,0,0.3
